Date,Symbol,r_lag1,r_lag5_mean,r_lag5_std,cs_rank,hype_score,degree_cen,mention_10d,sentiment_5d,y_sign_next,r_next,comm_Community_1,comm_Community_10,comm_Community_11,comm_Community_12,comm_Community_13,comm_Community_14,comm_Community_2,comm_Community_3,comm_Community_4,comm_Community_5,comm_Community_6,comm_Community_7,comm_Community_8,comm_Community_9
2025-12-30,ADVANC,0.0032051487206845586,-0.0006328637081987942,0.0034942992556993746,0.44,0.8340338761433772,0.5306122448979591,0.0,0.0,1,0.025559059315158894,1,0,0,0,0,0,0,0,0,0,0,0,0,0
2025-12-30,AOT,-0.009345794392523366,-0.007369982136267161,0.00520312277846874,0.12,0.5714144407022494,0.3877551020408163,0.0,0.0,1,0.028301886792452935,0,0,0,0,0,0,1,0,0,0,0,0,0,0
2025-12-30,AWC,0.0,-0.005487941466659252,0.013908145580630355,0.38,0.26474316484215,0.0,0.0,0.0,0,-0.00943394573173828,0,0,0,0,0,0,0,1,0,0,0,0,0,0
2025-12-30,BANPU,-0.008064519328660591,-0.003169871165749849,0.01130038032298147,0.16,0.5168610876183813,0.3469387755102041,0.0,0.0,0,0.0,0,0,0,0,0,0,1,0,0,0,0,0,0,0
2025-12-30,BBL,0.0059347254378769865,0.0029815248585076002,0.003634297722545737,0.52,0.8021884428957072,0.4897959183673469,0.0,0.0,1,0.014749280663547859,0,0,0,0,0,0,0,0,1,0,0,0,0,0
2025-12-30,BDMS,-0.005154652813465166,-0.00096823785285165,0.012778485082987904,0.3,0.6121736045413307,0.4081632653061224,0.0,0.0,1,0.005181360930161416,0,0,0,0,0,0,1,0,0,0,0,0,0,0
2025-12-30,BEM,0.01904759859972649,0.0019406897027303138,0.012376226299018281,0.9,0.3153698175379232,0.0204081632653061,0.0,0.0,0,-0.009345738745091592,0,0,0,0,0,0,0,0,0,1,0,0,0,0
2025-12-30,BH,-0.006309125864393028,-0.004282656717154309,0.016111397106529556,0.2,0.5733025950300475,0.4693877551020408,0.0,0.0,1,0.00952377549489114,0,0,0,0,0,0,1,0,0,0,0,0,0,0
2025-12-30,BJC,0.00699295054049176,-0.004062346180877219,0.011476224374711186,0.58,0.3859487784668349,0.1020408163265306,0.0,0.0,0,-0.02083323425750805,0,0,0,0,0,0,0,0,0,1,0,0,0,0
2025-12-30,BTS,0.017857125751218117,-0.003266674948877335,0.022578293872169242,0.84,0.3820598396963626,0.0816326530612244,0.0,0.0,1,0.017543843138140724,0,0,0,0,0,0,0,0,0,1,0,0,0,0
2025-12-30,CBG,0.011627877635893569,-0.0010452111853620494,0.015823680467852496,0.68,0.4037334379706352,0.1428571428571428,0.0,0.0,0,-0.0057471566429122545,0,0,0,0,0,0,0,0,0,1,0,0,0,0
2025-12-30,CCET,0.0,-0.011900814313507268,0.010862319183807874,0.38,0.2944691120222417,0.0408163265306122,0.0,0.0,1,0.017699124552614354,0,0,0,0,0,0,0,0,0,0,0,1,0,0
2025-12-30,CENTEL,0.04580155672428465,0.006141398475041293,0.0224895713289972,1.0,0.2958173008031775,0.0,0.0,0.0,0,-0.029197098582607328,0,0,0,0,0,0,0,0,0,0,0,0,1,0
2025-12-30,COM7,-0.024875613452234657,-0.011748909875425229,0.012761758593559061,0.04,0.5390811125917591,0.3469387755102041,0.0,0.0,0,-0.01530623990334845,0,0,0,0,0,0,1,0,0,0,0,0,0,0
2025-12-30,CPALL,-0.005714337930709412,-0.007828215378983571,0.008470503866592295,0.26,0.4825031688955927,0.183673469387755,0.0,0.0,0,-0.00574708826114978,0,0,0,0,0,0,0,0,0,1,0,0,0,0
2025-12-30,CPF,0.004608235017225404,0.0018687574021216235,0.007722819323179418,0.48,0.7091921123853364,0.4897959183673469,0.0,0.0,0,0.0,0,0,0,0,0,0,1,0,0,0,0,0,0,0
2025-12-30,CPN,0.018433185778979233,-0.0016946018160034048,0.016222236366716977,0.86,0.2998494178860543,0.0204081632653061,0.0,0.0,1,0.009049776674785015,0,0,0,0,0,0,0,0,0,0,0,1,0,0
2025-12-30,CRC,-0.0055249044619356535,-0.0021621816842616994,0.010681844261674654,0.28,0.1885120701342117,0.1224489795918367,0.0,0.0,0,-0.005555486288420952,0,0,0,0,0,0,0,0,0,1,0,0,0,0
2025-12-30,DELTA,0.011695875052252003,-0.0021739443369003463,0.017403789499201145,0.7,0.7549857549857552,0.5102040816326531,0.0,0.0,1,0.0722544088420296,0,0,0,0,0,0,0,0,0,0,0,1,0,0
2025-12-30,EGCO,0.013333303552851117,-0.0017156081025596626,0.00862493611756676,0.74,0.2641362307564376,0.0,0.0,0.0,1,0.004385978204837437,0,0,0,0,0,0,0,0,0,0,0,0,0,1
2025-12-30,GPSC,0.0,0.0014084525600053244,0.00586257882285263,0.38,0.3084218345695337,0.0408163265306122,0.0,0.0,0,-0.006944453467386813,0,0,0,0,0,0,1,0,0,0,0,0,0,0
2025-12-30,GULF,0.006024130863356625,-0.007003678584631112,0.008783497227537563,0.54,0.824860649548974,0.5306122448979591,0.0,0.0,0,-0.005988058018237319,1,0,0,0,0,0,0,0,0,0,0,0,0,0
2025-12-30,HMPRO,0.02307690670933593,-0.0028709364733746855,0.01658934268647414,0.94,0.3412017927251844,0.0816326530612244,0.0,0.0,0,-0.0075188165393909046,0,0,0,0,0,0,0,0,0,1,0,0,0,0
2025-12-30,IVL,-0.006172834347085154,0.003997504541242103,0.024126155269042906,0.22,0.6190346064901138,0.4489795918367346,0.0,0.0,1,0.0062111749008488815,0,0,0,0,0,0,1,0,0,0,0,0,0,0
2025-12-30,KBANK,0.00516797106279876,0.0020738896697921395,0.003372985324874523,0.5,0.8492309488143115,0.5510204081632653,0.0,0.0,0,0.0,0,0,0,0,0,0,0,0,1,0,0,0,0,0
2025-12-30,KKP,0.014925426874121683,0.006796051225256972,0.010493104284312493,0.78,0.6442502814112808,0.4081632653061224,0.0,0.0,1,0.011029421329358025,0,0,0,0,0,0,0,0,1,0,0,0,0,0
2025-12-30,KTB,0.008928579871847475,-0.0017385847837911416,0.007413971004822854,0.6,0.750245974679521,0.3673469387755101,0.0,0.0,1,0.017699131633245102,0,0,0,0,0,0,0,0,1,0,0,0,0,0
2025-12-30,KTC,-0.009433911779217596,-0.0036873535242608613,0.014092603086233628,0.1,0.3257950366470686,0.0408163265306122,0.0,0.0,1,0.00952375807268191,1,0,0,0,0,0,0,0,0,0,0,0,0,0
2025-12-30,LH,0.0,-0.0010470047435365616,0.00443020071122405,0.38,0.2735033172691258,0.0,0.0,0.0,1,0.010582028507718277,0,1,0,0,0,0,0,0,0,0,0,0,0,0
2025-12-30,MINT,-0.004098385810223926,0.0017036835815594342,0.011167121338497022,0.32,0.4943019943019943,0.2040816326530612,0.0,0.0,1,0.008230503398788391,1,0,0,0,0,0,0,0,0,0,0,0,0,0
2025-12-30,MTC,-0.007874056828492848,-0.009209824309236891,0.011257179110531,0.18,0.2887361173649064,0.0,0.0,0.0,0,-0.015872977049647075,0,0,1,0,0,0,0,0,0,0,0,0,0,0
2025-12-30,OR,0.023076907516531797,-0.002881638961159938,0.015784511697999732,0.96,0.6153782616814699,0.2857142857142857,0.0,0.0,1,0.015037584074071741,0,0,0,0,0,0,0,0,0,0,0,1,0,0
2025-12-30,OSP,0.018987348053084885,-0.0034835033447748074,0.022433776996433633,0.88,0.338970421015203,0.0612244897959183,0.0,0.0,0,-0.012422404860129133,0,0,0,0,0,0,0,0,0,1,0,0,0,0
2025-12-30,PTT,0.015873040894867296,0.0015997963598335385,0.008676944910624016,0.82,0.7728921116235123,0.4285714285714285,0.0,0.0,0,-0.007812481088098955,0,0,0,0,0,0,1,0,0,0,0,0,0,0
2025-12-30,PTTEP,0.013452928773458606,0.003599521861895294,0.007370389731775207,0.76,0.6813255353395934,0.4489795918367346,0.0,0.0,0,-0.00884954329694776,0,0,0,0,0,0,1,0,0,0,0,0,0,0
2025-12-30,PTTGC,0.009615404379345938,0.003128132301210873,0.025011741596494823,0.64,0.6382595769495901,0.4693877551020408,0.0,0.0,1,0.004761914456553384,0,0,0,0,0,0,1,0,0,0,0,0,0,0
2025-12-30,RATCH,-0.008403346939367506,-0.0016664264515817262,0.00705630548940594,0.14,0.2677087625191304,0.0,0.0,0.0,1,0.008474561620826382,0,0,0,1,0,0,0,0,0,0,0,0,0,0
2025-12-30,SAWAD,-0.009708728368150066,-0.011307465410982109,0.012140419174465091,0.08,0.3498375384972611,0.0816326530612244,0.0,0.0,0,-0.03137256361864493,0,0,0,0,0,0,0,0,0,1,0,0,0,0
2025-12-30,SCB,0.010909145231545292,0.004384958678284345,0.005394618711867293,0.66,0.7988495394135452,0.4693877551020408,0.0,0.0,1,0.021582722844178948,0,0,0,0,0,0,0,0,1,0,0,0,0,0
2025-12-30,SCC,-0.0316622684841239,-0.005770919198541269,0.01709061358413342,0.02,0.6673911126530135,0.4489795918367346,0.0,0.0,1,0.035422405706909466,0,0,0,0,0,0,1,0,0,0,0,0,0,0
2025-12-30,SCGP,-0.00581402303400802,-0.0022854118724631835,0.009650948800175717,0.24,0.5128534376254641,0.3469387755102041,0.0,0.0,0,-0.017543843718235586,0,0,0,0,0,0,1,0,0,0,0,0,0,0
2025-12-30,TCAP,0.01304344677994429,0.001750354335557125,0.007871926786151742,0.72,0.3602260403234661,0.1020408163265306,0.0,0.0,1,0.008583738607151448,0,0,0,0,0,0,0,0,1,0,0,0,0,0
2025-12-30,TIDLOR,0.0,-0.004597680985546404,0.010280727222539986,0.38,0.2781370028253271,0.0,0.0,0.0,0,-0.041176548088362686,0,0,0,0,1,0,0,0,0,0,0,0,0,0
2025-12-30,TISCO,0.0045454399437425685,0.0018679532447805514,0.010962901517383569,0.46,0.6406867342025374,0.4081632653061224,0.0,0.0,1,0.0045248724079589575,0,0,0,0,0,0,0,0,1,0,0,0,0,0
2025-12-30,TLI,0.025773265751655616,0.008317703197185167,0.013982760492122248,0.98,0.299872962494744,0.0,0.0,0.0,1,0.015075416729311897,0,0,0,0,0,1,0,0,0,0,0,0,0,0
2025-12-30,TOP,0.021276541810577587,0.0029055389571072563,0.016146805948804504,0.92,0.7386039040525615,0.5102040816326531,0.0,0.0,1,0.03472220798316483,0,0,0,0,0,0,1,0,0,0,0,0,0,0
2025-12-30,TRUE,0.009259197656079632,-0.005340439402126518,0.013673398904546186,0.62,0.7259234069997916,0.5510204081632653,0.0,0.0,1,0.036697273041814915,1,0,0,0,0,0,0,0,0,0,0,0,0,0
2025-12-30,TTB,-0.009803916841928495,0.0020388263909969506,0.010810971582504459,0.06,0.389142793520201,0.2448979591836734,0.0,0.0,1,0.01980197055649935,0,0,0,0,0,0,0,0,1,0,0,0,0,0
2025-12-30,TU,0.015873029472307953,6.190642937495828e-05,0.01244096487417652,0.8,0.2779194133981291,0.0,0.0,0.0,1,0.007812429918945485,0,0,0,0,0,0,0,0,0,0,1,0,0,0
2025-12-30,WHA,0.006134929520999588,-0.001146561494776699,0.013059233131201853,0.56,0.2667685974671863,0.0204081632653061,0.0,0.0,0,-0.01219511829352471,1,0,0,0,0,0,0,0,0,0,0,0,0,0
2026-01-05,ADVANC,0.025559059315158894,0.004478948154832985,0.012286208952792376,0.9,0.8340338761433772,0.5306122448979591,0.0,0.0,0,0.0,1,0,0,0,0,0,0,0,0,0,0,0,0,0
2026-01-05,AOT,0.028301886792452935,0.0010176679494961593,0.015730076863673365,0.92,0.5714144407022494,0.3877551020408163,0.0,0.0,0,-0.05504587155963303,0,0,0,0,0,0,1,0,0,0,0,0,0,0
2026-01-05,AWC,-0.00943394573173828,-0.009209589454419099,0.011237020623283052,0.2,0.26474316484215,0.0,0.0,0.0,0,0.0,0,0,0,0,0,0,0,1,0,0,0,0,0,0
2026-01-05,BANPU,0.0,-0.002369880690383086,0.011368305792456249,0.42,0.5168610876183813,0.3469387755102041,0.0,0.0,0,0.0,0,0,0,0,0,0,1,0,0,0,0,0,0,0
2026-01-05,BBL,0.014749280663547859,0.005332577849069486,0.006396779455083703,0.74,0.8021884428957072,0.4897959183673469,0.0,0.0,0,0.0,0,0,0,0,0,0,0,0,1,0,0,0,0,0
2026-01-05,BDMS,0.005181360930161416,-0.004055667565189647,0.0066582189283139305,0.52,0.6121736045413307,0.4081632653061224,0.0,0.0,0,-0.005154652813465166,0,0,0,0,0,0,1,0,0,0,0,0,0,0
2026-01-05,BEM,-0.009345738745091592,7.154195371199546e-05,0.013405526226758741,0.22,0.3153698175379232,0.0204081632653061,0.0,0.0,0,-0.0094339980302377,0,0,0,0,0,0,0,0,0,1,0,0,0,0
2026-01-05,BH,0.00952377549489114,-0.006725732047196753,0.011423095196987768,0.68,0.5733025950300475,0.4693877551020408,0.0,0.0,0,-0.018867857748515737,0,0,0,0,0,0,1,0,0,0,0,0,0,0
2026-01-05,BJC,-0.02083323425750805,-0.00958953960425879,0.011589632352073435,0.08,0.3859487784668349,0.1020408163265306,0.0,0.0,1,0.014184351399743278,0,0,0,0,0,0,0,0,0,1,0,0,0,0
2026-01-05,BTS,0.017543843138140724,-0.003206178994008879,0.022647279889234442,0.8,0.3820598396963626,0.0816326530612244,0.0,0.0,0,-0.017241363363798556,0,0,0,0,0,0,0,0,0,1,0,0,0,0
2026-01-05,CBG,-0.0057471566429122545,-0.005623214144969491,0.012125049726241616,0.34,0.4037334379706352,0.1428571428571428,0.0,0.0,0,-0.01156066515689047,0,0,0,0,0,0,0,0,0,1,0,0,0,0
2026-01-05,CCET,0.017699124552614354,-0.006694321893176558,0.01731943695679795,0.82,0.2944691120222417,0.0408163265306122,0.0,0.0,0,-0.02173914191042836,0,0,0,0,0,0,0,0,0,0,0,1,0,0
2026-01-05,CENTEL,-0.029197098582607328,0.001805750860021682,0.02734657552538879,0.06,0.2958173008031775,0.0,0.0,0.0,0,-0.01503760368864726,0,0,0,0,0,0,0,0,0,0,0,0,1,0
2026-01-05,COM7,-0.01530623990334845,-0.016733230329342264,0.004567689409760491,0.14,0.5390811125917591,0.3469387755102041,0.0,0.0,1,0.03108811735750283,0,0,0,0,0,0,1,0,0,0,0,0,0,0
2026-01-05,CPALL,-0.00574708826114978,-0.008977633031213527,0.007473989436377993,0.36,0.4825031688955927,0.183673469387755,0.0,0.0,1,0.005780308202566475,0,0,0,0,0,0,0,0,0,1,0,0,0,0
2026-01-05,CPF,0.0,-0.0009090201271505727,0.0038404503747201473,0.42,0.7091921123853364,0.4897959183673469,1.0,0.0,0,-0.01834856367474047,0,0,0,0,0,0,1,0,0,0,0,0,0,0
2026-01-05,CPN,0.009049776674785015,-0.0007815148580891717,0.016776005900373592,0.64,0.2998494178860543,0.0204081632653061,0.0,0.0,0,-0.004484270847259775,0,0,0,0,0,0,0,0,0,0,0,1,0,0
2026-01-05,CRC,-0.005555486288420952,-0.006569963072445973,0.002404190774902653,0.38,0.1885120701342117,0.1224489795918367,0.0,0.0,0,-0.005586635088134617,0,0,0,0,0,0,0,0,0,1,0,0,0,0
2026-01-05,DELTA,0.0722544088420296,0.009991229338010976,0.03816465140382053,1.0,0.7549857549857552,0.5102040816326531,1.0,0.0,0,-0.013477134726085693,0,0,0,0,0,0,0,0,0,0,0,1,0,0
2026-01-05,EGCO,0.004385978204837437,3.115536827646981e-05,0.008840289788747839,0.46,0.2641362307564376,0.0,0.0,0.0,0,-0.004366825403792185,0,0,0,0,0,0,0,0,0,0,0,0,0,1
2026-01-05,GPSC,-0.006944453467386813,0.0014181650950451097,0.005845194883230643,0.3,0.3084218345695337,0.0408163265306122,0.0,0.0,1,0.034965080712928476,0,0,0,0,0,0,1,0,0,0,0,0,0,0
2026-01-05,GULF,-0.005988058018237319,-0.0058891383318664834,0.008406140537747924,0.32,0.824860649548974,0.5306122448979591,0.0,0.0,1,0.0240964264480501,1,0,0,0,0,0,0,0,0,0,0,0,0,0
2026-01-05,HMPRO,-0.0075188165393909046,-0.004374699781252866,0.016604812220561288,0.28,0.3412017927251844,0.0816326530612244,0.0,0.0,1,0.007575777419954743,0,0,0,0,0,0,0,0,0,1,0,0,0,0
2026-01-05,IVL,0.0062111749008488815,-0.0036210129215607178,0.010227198534024224,0.54,0.6190346064901138,0.4489795918367346,0.0,0.0,0,-0.012345728392184396,0,0,0,0,0,0,1,0,0,0,0,0,0,0
2026-01-05,KBANK,0.0,0.0020738896697921395,0.003372985324874523,0.42,0.8492309488143115,0.5510204081632653,2.0,0.0,0,0.0,0,0,0,0,0,0,0,0,1,0,0,0,0,0
2026-01-05,KKP,0.011029421329358025,0.009762388370237485,0.008689394372416646,0.72,0.6442502814112808,0.4081632653061224,0.0,0.0,0,-0.014545506009543518,0,0,0,0,0,0,0,0,1,0,0,0,0,0
2026-01-05,KTB,0.017699131633245102,0.0035556291376940053,0.010100508915613343,0.84,0.750245974679521,0.3673469387755101,0.0,0.0,0,0.0,0,0,0,0,0,0,0,0,1,0,0,0,0,0
2026-01-05,KTC,0.00952375807268191,-0.005520914712164049,0.010622071753650724,0.66,0.3257950366470686,0.0408163265306122,0.0,0.0,0,0.0,1,0,0,0,0,0,0,0,0,0,0,0,0,0
2026-01-05,LH,0.010582028507718277,0.0021220343107057004,0.00603637024441477,0.7,0.2735033172691258,0.0,0.0,0.0,1,0.01570683261112049,0,1,0,0,0,0,0,0,0,0,0,0,0,0
2026-01-05,MINT,0.008230503398788391,-0.0007996026413023439,0.00607124693271633,0.58,0.4943019943019943,0.2040816326530612,0.0,0.0,0,-0.012244893422899694,1,0,0,0,0,0,0,0,0,0,0,0,0,0
2026-01-05,MTC,-0.015872977049647075,-0.01389956752002841,0.0063160576683442965,0.12,0.2887361173649064,0.0,0.0,0.0,1,0.00806449608611537,0,0,1,0,0,0,0,0,0,0,0,0,0,0
2026-01-05,OR,0.015037584074071741,0.00012587785365441028,0.017777599404194797,0.76,0.6153782616814699,0.2857142857142857,0.0,0.0,0,-0.02962961039080969,0,0,0,0,0,0,0,0,0,0,0,1,0,0
2026-01-05,OSP,-0.012422404860129133,-0.0047484676764869335,0.02279345999570847,0.16,0.338970421015203,0.0612244897959183,0.0,0.0,0,-0.006289269412499854,0,0,0,0,0,0,0,0,0,1,0,0,0,0
2026-01-05,PTT,-0.007812481088098955,3.730014221374756e-05,0.00968222776717163,0.26,0.7728921116235123,0.4285714285714285,0.0,0.0,0,0.0,0,0,0,0,0,0,1,0,0,0,0,0,0,0
2026-01-05,PTTEP,-0.00884954329694776,2.781434918652792e-05,0.008354967654683488,0.24,0.6813255353395934,0.4489795918367346,0.0,0.0,0,0.0,0,0,0,0,0,0,1,0,0,0,0,0,0,0
2026-01-05,PTTGC,0.004761914456553384,-0.004615135348678812,0.012011400092413945,0.5,0.6382595769495901,0.4693877551020408,0.0,0.0,0,-0.004739346095864905,0,0,0,0,0,0,1,0,0,0,0,0,0,0
2026-01-05,RATCH,0.008474561620826382,0.0017091552604570515,0.007064817240948348,0.6,0.2677087625191304,0.0,0.0,0.0,0,-0.008403346939367506,0,0,0,1,0,0,0,0,0,0,0,0,0,0
2026-01-05,SAWAD,-0.03137256361864493,-0.019433828126280007,0.007729628727254348,0.04,0.3498375384972611,0.0816326530612244,0.0,0.0,0,-0.01619437898147369,0,0,0,0,0,0,0,0,0,1,0,0,0,0
2026-01-05,SCB,0.021582722844178948,0.007966205471718935,0.009321241388016571,0.88,0.7988495394135452,0.4693877551020408,2.0,0.0,0,-0.010563432428439157,0,0,0,0,0,0,0,0,1,0,0,0,0,0
2026-01-05,SCC,0.035422405706909466,0.00025535275574777304,0.02530464120736295,0.96,0.6673911126530135,0.4489795918367346,0.0,0.0,0,0.0,0,0,0,0,0,0,1,0,0,0,0,0,0,0
2026-01-05,SCGP,-0.017543843718235586,-0.006950241419702708,0.010386578443085595,0.1,0.5128534376254641,0.3469387755102041,0.0,0.0,1,0.023809578825947808,0,0,0,0,0,0,1,0,0,0,0,0,0,0
2026-01-05,TCAP,0.008583738607151448,0.0034671020569874145,0.008318115951256958,0.62,0.3602260403234661,0.1020408163265306,0.0,0.0,0,-0.012765993920678897,0,0,0,0,0,0,0,0,1,0,0,0,0,0
2026-01-05,TIDLOR,-0.041176548088362686,-0.01283299060321894,0.01871193893269141,0.02,0.2781370028253271,0.0,0.0,0.0,1,0.024539951528949056,0,0,0,0,1,0,0,0,0,0,0,0,0,0
2026-01-05,TISCO,0.0045248724079589575,0.0009464496022535851,0.010377646204173708,0.48,0.6406867342025374,0.4081632653061224,0.0,0.0,0,-0.013513470494102564,0,0,0,0,0,0,0,0,1,0,0,0,0,0
2026-01-05,TLI,0.015075416729311897,0.011332786543047545,0.01335195895471485,0.78,0.299872962494744,0.0,0.0,0.0,0,0.0,0,0,0,0,0,1,0,0,0,0,0,0,0,0
2026-01-05,TOP,0.03472220798316483,0.007033093634133958,0.02147688613077551,0.94,0.7386039040525615,0.5102040816326531,0.0,0.0,1,0.053691316466078165,0,0,0,0,0,0,1,0,0,0,0,0,0,0
2026-01-05,TRUE,0.036697273041814915,0.00021331284127235062,0.02322279499171344,0.98,0.7259234069997916,0.5510204081632653,0.0,0.0,0,-0.008849498968635405,1,0,0,0,0,0,0,0,0,0,0,0,0,0
2026-01-05,TTB,0.01980197055649935,0.003999221485828342,0.01323293018669754,0.86,0.389142793520201,0.2448979591836734,2.0,0.0,1,0.009708733228713795,0,0,0,0,0,0,0,0,1,0,0,0,0,0
2026-01-05,TU,0.007812429918945485,0.003186893730927465,0.011920013987082468,0.56,0.2779194133981291,0.0,0.0,0.0,0,0.0,0,0,0,0,0,0,0,0,0,0,1,0,0,0
2026-01-05,WHA,-0.01219511829352471,-0.006009826945362673,0.0112910849810404,0.18,0.2667685974671863,0.0204081632653061,0.0,0.0,0,-0.012345675263779943,1,0,0,0,0,0,0,0,0,0,0,0,0,0
2026-01-06,ADVANC,0.0,0.004478948154832985,0.012286208952792376,0.65,0.8340338761433772,0.5306122448979591,0.0,0.0,0,-0.003115182824229845,1,0,0,0,0,0,0,0,0,0,0,0,0,0
2026-01-06,AOT,-0.05504587155963303,-0.009991506362430447,0.029689293068514713,0.02,0.5714144407022494,0.3877551020408163,0.0,0.0,0,-0.004854368932038833,0,0,0,0,0,0,1,0,0,0,0,0,0,0
2026-01-06,AWC,0.0,-0.007391411116004431,0.011972427869495754,0.65,0.26474316484215,0.0,0.0,0.0,0,0.0,0,0,0,0,0,0,0,1,0,0,0,0,0,0
2026-01-06,BANPU,0.0,3.9768576016241394e-05,0.009998337754619115,0.65,0.5168610876183813,0.3469387755102041,0.0,0.0,1,0.026422849792375525,0,0,0,0,0,0,1,0,0,0,0,0,0,0
2026-01-06,BBL,0.0,0.004735562181210962,0.006797401040426499,0.65,0.8021884428957072,0.4897959183673469,0.0,0.0,0,-0.011627921059596757,0,0,0,0,0,0,0,0,1,0,0,0,0,0
2026-01-06,BDMS,-0.005154652813465166,-0.0030664106104029364,0.005854418192932791,0.46,0.6121736045413307,0.4081632653061224,0.0,0.0,1,0.010362721860322832,0,0,0,0,0,0,1,0,0,0,0,0,0,0
2026-01-06,BEM,-0.0094339980302377,7.154195371199546e-05,0.013405526226758741,0.36,0.3153698175379232,0.0204081632653061,0.0,0.0,0,0.0,0,0,0,0,0,0,0,0,0,1,0,0,0,0
2026-01-06,BH,-0.018867857748515737,-0.006243980288702722,0.010682824635001238,0.08,0.5733025950300475,0.4693877551020408,0.0,0.0,0,-0.006410233285945921,0,0,0,0,0,0,1,0,0,0,0,0,0,0
2026-01-06,BJC,0.014184351399743278,-0.005401315650471838,0.015864626637503015,0.86,0.3859487784668349,0.1020408163265306,0.0,0.0,1,0.00699295054049176,0,0,0,0,0,0,0,0,0,1,0,0,0,0
2026-01-06,BTS,-0.017241363363798556,-0.003264624240407343,0.02269194553254467,0.12,0.3820598396963626,0.0816326530612244,0.0,0.0,1,0.008771921569070251,0,0,0,0,0,0,0,0,0,1,0,0,0,0
2026-01-06,CBG,-0.01156066515689047,-0.004564560463806844,0.011085890258017404,0.32,0.4037334379706352,0.1428571428571428,0.0,0.0,1,0.023391845200968486,0,0,0,0,0,0,0,0,0,1,0,0,0,0
2026-01-06,CCET,-0.02173914191042836,-0.005159794333286704,0.014986172222582347,0.06,0.2944691120222417,0.0408163265306122,0.0,0.0,1,0.008888893685425447,0,0,0,0,0,0,0,0,0,0,0,1,0,0
2026-01-06,CENTEL,-0.01503760368864726,-0.00120176987770777,0.028401376389215305,0.16,0.2958173008031775,0.0,0.0,0.0,1,0.015267185574761477,0,0,0,0,0,0,0,0,0,0,0,0,1,0
2026-01-06,COM7,0.03108811735750283,-0.0076584800983865884,0.0220940617203319,0.96,0.5390811125917591,0.3469387755102041,0.0,0.0,1,0.005025164620849898,0,0,0,0,0,0,1,0,0,0,0,0,0,0
2026-01-06,CPALL,0.005780308202566475,-0.006716606360965338,0.010046837954656074,0.78,0.4825031688955927,0.183673469387755,0.0,0.0,0,0.0,0,0,0,0,0,0,0,0,0,1,0,0,0,0
2026-01-06,CPF,-0.01834856367474047,-0.0036654850511139703,0.0088284790706012,0.1,0.7091921123853364,0.4897959183673469,1.0,0.0,1,0.00934576316794633,0,0,0,0,0,0,1,0,0,0,0,0,0,0
2026-01-06,CPN,-0.004484270847259775,0.001000210230835119,0.015528427436975956,0.5,0.2998494178860543,0.0204081632653061,0.0,0.0,1,0.01351348169172839,0,0,0,0,0,0,0,0,0,0,0,1,0,0
2026-01-06,CRC,-0.005586635088134617,-0.006606222478156032,0.0023835132635535443,0.44,0.1885120701342117,0.1224489795918367,0.0,0.0,1,0.016853949175652527,0,0,0,0,0,0,0,0,0,1,0,0,0,0
2026-01-06,DELTA,-0.013477134726085693,0.012945522054782855,0.03489628537938639,0.22,0.7549857549857552,0.5102040816326531,1.0,0.0,1,0.01639348235288618,0,0,0,0,0,0,0,0,0,0,0,1,0,0
2026-01-06,EGCO,-0.004366825403792185,3.115536827646981e-05,0.008840289788747839,0.52,0.2641362307564376,0.0,0.0,0.0,1,0.035087756759087485,0,0,0,0,0,0,0,0,0,0,0,0,0,1
2026-01-06,GPSC,0.034965080712928476,0.007002728677625481,0.016389734083646513,0.98,0.3084218345695337,0.0408163265306122,0.0,0.0,1,0.006756765298563172,0,0,0,0,0,0,1,0,0,0,0,0,0,0
2026-01-06,GULF,0.0240964264480501,9.972548571313133e-05,0.015830767036039098,0.92,0.824860649548974,0.5306122448979591,0.0,0.0,1,0.017647064395464263,1,0,0,0,0,0,0,0,0,0,0,0,0,0
2026-01-06,HMPRO,0.007575777419954743,0.001584911530401345,0.013689157543657753,0.8,0.3412017927251844,0.0816326530612244,0.0,0.0,0,0.0,0,0,0,0,0,0,0,0,0,1,0,0,0,0
2026-01-06,IVL,-0.012345728392184396,-0.0024538094569313885,0.008301750723942765,0.26,0.6190346064901138,0.4489795918367346,0.0,0.0,1,0.06875006686644292,0,0,0,0,0,0,1,0,0,0,0,0,0,0
2026-01-06,KBANK,0.0,0.001034926123690827,0.002944134854203963,0.65,0.8492309488143115,0.5510204081632653,2.0,0.0,0,-0.015424201362090217,0,0,0,0,0,0,0,0,1,0,0,0,0,0
2026-01-06,KKP,-0.014545506009543518,0.003036498101550644,0.012039690648615313,0.18,0.6442502814112808,0.4081632653061224,0.0,0.0,0,-0.022140241548898265,0,0,0,0,0,0,0,0,1,0,0,0,0,0
2026-01-06,KTB,0.0,0.0035556291376940053,0.010100508915613343,0.65,0.750245974679521,0.3673469387755101,0.0,0.0,0,-0.01739132036483193,0,0,0,0,0,0,0,0,1,0,0,0,0,0
2026-01-06,KTC,0.0,-0.005520914712164049,0.010622071753650724,0.65,0.3257950366470686,0.0408163265306122,4.0,0.0,0,0.0,1,0,0,0,0,0,0,0,0,0,0,0,0,0
2026-01-06,LH,0.01570683261112049,0.005263400832929799,0.008313450848219,0.88,0.2735033172691258,0.0,0.0,0.0,1,0.015463943046186035,0,1,0,0,0,0,0,0,0,0,0,0,0,0
2026-01-06,MINT,-0.012244893422899694,-0.0016225551668670457,0.007438278380066343,0.3,0.4943019943019943,0.2040816326530612,0.0,0.0,0,-0.01239676993450567,1,0,0,0,0,0,0,0,0,0,0,0,0,0
2026-01-06,MTC,0.00806449608611537,-0.009279156823103851,0.011553727017388564,0.82,0.2887361173649064,0.0,1.0,0.0,1,0.00799998027648674,0,0,1,0,0,0,0,0,0,0,0,0,0,0
2026-01-06,OR,-0.02962961039080969,-0.0028370831854265476,0.02169355631519728,0.04,0.6153782616814699,0.2857142857142857,0.0,0.0,1,0.04580149607008743,0,0,0,0,0,0,0,0,0,0,0,1,0,0
2026-01-06,OSP,-0.006289269412499854,0.00012863419269344424,0.017954366632977593,0.42,0.338970421015203,0.0612244897959183,0.0,0.0,1,0.04430377077438963,0,0,0,0,0,0,0,0,0,1,0,0,0,0
2026-01-06,PTT,0.0,0.0016121119613536684,0.008660164015801542,0.65,0.7728921116235123,0.4285714285714285,0.0,0.0,0,-0.007874059095699604,0,0,0,0,0,0,1,0,0,0,0,0,0,0
2026-01-06,PTTEP,0.0,0.0009206770953021692,0.007985259507042231,0.65,0.6813255353395934,0.4489795918367346,0.0,0.0,0,-0.031249984575299705,0,0,0,0,0,0,1,0,0,0,0,0,0,0
2026-01-06,PTTGC,-0.004739346095864905,-0.0027852212919518447,0.010889954260087995,0.48,0.6382595769495901,0.4693877551020408,0.0,0.0,1,0.05714288093881281,0,0,0,0,0,0,1,0,0,0,0,0,0,0
2026-01-06,RATCH,-0.008403346939367506,2.8485872583550177e-05,0.008438969304252107,0.4,0.2677087625191304,0.0,1.0,0.0,1,0.008474561620826382,0,0,0,1,0,0,0,0,0,0,0,0,0,0
2026-01-06,SAWAD,-0.01619437898147369,-0.01900296858544852,0.007864110223633045,0.14,0.3498375384972611,0.0816326530612244,0.0,0.0,1,0.020576112657892276,0,0,0,0,0,0,0,0,0,1,0,0,0,0
2026-01-06,SCB,-0.010563432428439157,0.004388322201765593,0.012514726501855943,0.34,0.7988495394135452,0.4693877551020408,4.0,0.0,0,-0.007117473233186122,0,0,0,0,0,0,0,0,1,0,0,0,0,0
2026-01-06,SCC,0.0,0.001834304060373837,0.024912220666742032,0.65,0.6673911126530135,0.4489795918367346,0.0,0.0,1,0.047368376556401026,0,0,0,0,0,0,1,0,0,0,0,0,0,0
2026-01-06,SCGP,0.023809578825947808,0.001259947130299377,0.015286819535383604,0.9,0.5128534376254641,0.3469387755102041,0.0,0.0,1,0.06976737362701102,0,0,0,0,0,0,1,0,0,0,0,0,0,0
2026-01-06,TCAP,-0.012765993920678897,0.0009139032728516349,0.011131741778628126,0.24,0.3602260403234661,0.1020408163265306,0.0,0.0,1,0.008620737391929811,0,0,0,0,0,0,0,0,1,0,0,0,0,0
2026-01-06,TIDLOR,0.024539951528949056,-0.00792500029742913,0.025060706025901026,0.94,0.2781370028253271,0.0,1.0,0.0,1,0.01197605358982523,0,0,0,0,1,0,0,0,0,0,0,0,0,0
2026-01-06,TISCO,-0.013513470494102564,0.0009586934838496485,0.0103562446147412,0.2,0.6406867342025374,0.4081632653061224,0.0,0.0,0,-0.004566268652228311,0,0,0,0,0,0,0,0,1,0,0,0,0,0
2026-01-06,TLI,0.0,0.009238561342823614,0.014307864338433422,0.65,0.299872962494744,0.0,0.0,0.0,0,-0.014851523818680046,0,0,0,0,0,1,0,0,0,0,0,0,0,0
2026-01-06,TOP,0.053691316466078165,0.01777135692734959,0.02913760632968133,1.0,0.7386039040525615,0.5102040816326531,1.0,0.0,0,0.0,0,0,0,0,0,0,1,0,0,0,0,0,0,0
2026-01-06,TRUE,-0.008849498968635405,0.0019832126349994318,0.021810626899427473,0.38,0.7259234069997916,0.5510204081632653,0.0,0.0,0,0.0,1,0,0,0,0,0,0,0,0,0,0,0,0,0
2026-01-06,TTB,0.009708733228713795,0.003960771075921165,0.013211756900716735,0.84,0.389142793520201,0.2448979591836734,2.0,0.0,0,-0.028846140206201132,0,0,0,0,0,0,0,0,1,0,0,0,0,0
2026-01-06,TU,0.0,0.0016120892427238464,0.011663340045157565,0.65,0.2779194133981291,0.0,0.0,0.0,1,0.031007856320697913,0,0,0,0,0,0,0,0,0,0,1,0,0,0
2026-01-06,WHA,-0.012345675263779943,-0.009676573843460013,0.009204929894339612,0.28,0.2667685974671863,0.0204081632653061,0.0,0.0,1,0.006250036507222667,1,0,0,0,0,0,0,0,0,0,0,0,0,0
2026-01-07,ADVANC,-0.003115182824229845,0.0038559115899870155,0.012643898703272923,0.28,0.8340338761433772,0.5306122448979591,0.0,0.0,1,0.006249937335909506,1,0,0,0,0,0,0,0,0,0,0,0,0,0
2026-01-07,AOT,-0.004854368932038833,-0.009119062176487992,0.029781707400434603,0.24,0.5714144407022494,0.3877551020408163,0.0,0.0,1,0.004878048780487809,0,0,0,0,0,0,1,0,0,0,0,0,0,0
2026-01-07,AWC,0.0,-0.001886789146347656,0.004218988790442158,0.36,0.26474316484215,0.0,0.0,0.0,0,-0.01904758534998907,0,0,0,0,0,0,0,1,0,0,0,0,0,0
2026-01-07,BANPU,0.026422849792375525,0.006950335446049172,0.014057110898914042,0.84,0.5168610876183813,0.3469387755102041,0.0,0.0,0,-0.00990106629940346,0,0,0,0,0,0,1,0,0,0,0,0,0,0
2026-01-07,BBL,-0.011627921059596757,0.0012195003026705732,0.009865192672183366,0.16,0.8021884428957072,0.4897959183673469,1.0,0.0,1,0.02058816626287463,0,0,0,0,0,0,0,0,1,0,0,0,0,0
2026-01-07,BDMS,0.010362721860322832,-0.00099386623833837,0.008464017567396655,0.64,0.6121736045413307,0.4081632653061224,0.0,0.0,0,-0.005128218626891945,0,0,0,0,0,0,1,0,0,0,0,0,0,0
2026-01-07,BEM,0.0,-0.0018332272411681005,0.012362755277324531,0.36,0.3153698175379232,0.0204081632653061,0.0,0.0,0,0.0,0,0,0,0,0,0,0,0,0,1,0,0,0,0
2026-01-07,BH,-0.006410233285945921,-0.006904911166531113,0.010541405235603585,0.22,0.5733025950300475,0.4693877551020408,0.0,0.0,0,-0.0032258984730975104,0,0,0,0,0,0,1,0,0,0,0,0,0,0
2026-01-07,BJC,0.00699295054049176,-0.0026421922807380095,0.016735708494780222,0.5,0.3859487784668349,0.1020408163265306,0.0,0.0,0,-0.01388884548424163,0,0,0,0,0,0,0,0,0,1,0,0,0,0
2026-01-07,BTS,0.008771921569070251,0.005386305418926107,0.014627142240345479,0.58,0.3820598396963626,0.0816326530612244,0.0,0.0,0,-0.01739128812274282,0,0,0,0,0,0,0,0,0,1,0,0,0,0
2026-01-07,CBG,0.023391845200968486,0.0001138085763868535,0.01690323617192681,0.82,0.4037334379706352,0.1428571428571428,0.0,0.0,0,-0.034285716310250125,0,0,0,0,0,0,0,0,0,1,0,0,0,0
2026-01-07,CCET,0.008888893685425447,-0.0007846116336184706,0.015319354503375512,0.6,0.2944691120222417,0.0408163265306122,0.0,0.0,0,-0.02202644349903282,0,0,0,0,0,0,0,0,0,0,0,1,0,0
2026-01-07,CENTEL,0.015267185574761477,0.0018516672372445252,0.02936714820589972,0.7,0.2958173008031775,0.0,0.0,0.0,0,-0.007518860507509273,0,0,0,0,0,0,0,0,0,0,0,0,1,0
2026-01-07,COM7,0.005025164620849898,-0.0037548742657533608,0.022307877495185917,0.44,0.5390811125917591,0.3469387755102041,0.0,0.0,0,-0.014999915272277287,0,0,0,0,0,0,1,0,0,0,0,0,0,0
2026-01-07,CPALL,0.0,-0.005605502677658114,0.010504138831511108,0.36,0.4825031688955927,0.183673469387755,0.0,0.0,0,-0.01149417652229956,0,0,0,0,0,0,0,0,0,1,0,0,0,0
2026-01-07,CPF,0.00934576316794633,-0.0017963324175247041,0.010608443718566419,0.62,0.7091921123853364,0.4897959183673469,1.0,0.0,0,0.0,0,0,0,0,0,0,1,0,0,0,0,0,0,0
2026-01-07,CPN,0.01351348169172839,0.0027979217336191464,0.01652670381285633,0.68,0.2998494178860543,0.0204081632653061,0.0,0.0,0,-0.004444410649321884,0,0,0,0,0,0,0,0,0,0,0,1,0,0
2026-01-07,CRC,0.016853949175652527,-0.001061524854832041,0.01001511320459925,0.76,0.1885120701342117,0.1224489795918367,0.0,0.0,0,-0.03867410782455383,0,0,0,0,0,0,0,0,0,1,0,0,0,0
2026-01-07,DELTA,0.01639348235288618,0.018549793717375286,0.03210140249661318,0.74,0.7549857549857552,0.5102040816326531,2.0,0.0,0,-0.12903231906790558,0,0,0,0,0,0,0,0,0,0,0,1,0,0
2026-01-07,EGCO,0.035087756759087485,0.008803084226106473,0.016426662408765662,0.88,0.2641362307564376,0.0,0.0,0.0,0,-0.029661039224711527,0,0,0,0,0,0,0,0,0,0,0,0,0,1
2026-01-07,GPSC,0.006756765298563172,0.008354081737338115,0.015940397163511994,0.48,0.3084218345695337,0.0408163265306122,0.0,0.0,0,0.0,0,0,0,0,0,0,1,0,0,0,0,0,0,0
2026-01-07,GULF,0.017647064395464263,0.004805615639363126,0.01705761684433337,0.78,0.824860649548974,0.5306122448979591,0.0,0.0,0,-0.017341045842791836,1,0,0,0,0,0,0,0,0,0,0,0,0,0
2026-01-07,HMPRO,0.0,0.003100052046197832,0.012812971716247616,0.36,0.3412017927251844,0.0816326530612244,1.0,0.0,0,0.0,0,0,0,0,0,0,0,0,0,1,0,0,0,0
2026-01-07,IVL,0.06875006686644292,0.012530770785774225,0.032438976912120394,0.98,0.6190346064901138,0.4489795918367346,0.0,0.0,0,-0.023391793021282137,0,0,0,0,0,0,1,0,0,0,0,0,0,0
2026-01-07,KBANK,-0.015424201362090217,-0.002566702831668266,0.007718751316176092,0.1,0.8492309488143115,0.5510204081632653,2.0,0.0,1,0.01566583434554092,0,0,0,0,0,0,0,0,1,0,0,0,0,0
2026-01-07,KKP,-0.022140241548898265,-0.002889682918242875,0.015954992367941796,0.06,0.6442502814112808,0.4081632653061224,0.0,0.0,1,0.01886790162687224,0,0,0,0,0,0,0,0,1,0,0,0,0,0
2026-01-07,KTB,-0.01739132036483193,7.736506472761917e-05,0.013907926800098998,0.08,0.750245974679521,0.3673469387755101,0.0,0.0,1,0.017699131633245102,0,0,0,0,0,0,0,0,1,0,0,0,0,0
2026-01-07,KTC,0.0,-0.0018511947159407516,0.00790427730733656,0.36,0.3257950366470686,0.0408163265306122,5.0,0.0,0,-0.01886790000704852,1,0,0,0,0,0,0,0,0,0,0,0,0,0
2026-01-07,LH,0.015463943046186035,0.009414379262328288,0.006763089333600069,0.72,0.2735033172691258,0.0,1.0,0.0,0,-0.005076150381666089,0,1,0,0,0,0,0,0,0,0,0,0,0,0
2026-01-07,MINT,-0.01239676993450567,-0.0041019091537681796,0.00871818471164313,0.14,0.4943019943019943,0.2040816326530612,0.0,0.0,0,-0.004184126295902479,1,0,0,0,0,0,0,0,0,0,0,0,0,0
2026-01-07,MTC,0.00799998027648674,-0.0030990076470969186,0.01067711999932354,0.52,0.2887361173649064,0.0,1.0,0.0,0,-0.047619053442552906,0,0,1,0,0,0,0,0,0,0,0,0,0,0
2026-01-07,OR,0.04580149607008743,0.007826974435998113,0.030239146449019087,0.92,0.6153782616814699,0.2857142857142857,3.0,0.0,1,0.007299336495047326,0,0,0,0,0,0,0,0,0,0,0,1,0,0
2026-01-07,OSP,0.04430377077438963,0.012786857958188324,0.022772274233535745,0.9,0.338970421015203,0.0612244897959183,0.0,0.0,0,-0.01818176526815829,0,0,0,0,0,0,0,0,0,1,0,0,0,0
2026-01-07,PTT,-0.007874059095699604,3.730014221374756e-05,0.00968222776717163,0.18,0.7728921116235123,0.4285714285714285,2.0,0.0,0,0.0,0,0,0,0,0,0,1,0,0,0,0,0,0,0
2026-01-07,PTTEP,-0.031249984575299705,-0.005329319819757772,0.01653669401965261,0.02,0.6813255353395934,0.4489795918367346,2.0,0.0,0,0.0,0,0,0,0,0,0,1,0,0,0,0,0,0,0
2026-01-07,PTTGC,0.05714288093881281,0.012399230979197906,0.025773488181359824,0.96,0.6382595769495901,0.4693877551020408,1.0,0.0,0,-0.00900902714744578,0,0,0,0,0,0,1,0,0,0,0,0,0,0
2026-01-07,RATCH,0.008474561620826382,2.8485872583550177e-05,0.008438969304252107,0.54,0.2677087625191304,0.0,1.0,0.0,0,-0.008403346939367506,0,0,0,1,0,0,0,0,0,0,0,0,0,0
2026-01-07,SAWAD,0.020576112657892276,-0.01114943181654975,0.019399699889834227,0.8,0.3498375384972611,0.0816326530612244,0.0,0.0,0,-0.0685482781081258,0,0,0,0,0,0,0,0,0,1,0,0,0,0
2026-01-07,SCB,-0.007117473233186122,0.002237551206358668,0.013556938743963427,0.2,0.7988495394135452,0.4693877551020408,6.0,0.0,1,0.0071684948030692475,0,0,0,0,0,0,0,0,1,0,0,0,0,0
2026-01-07,SCC,0.047368376556401026,0.012899495307093067,0.03101513113991632,0.94,0.6673911126530135,0.4489795918367346,0.0,0.0,0,-0.005025086625775055,0,0,0,0,0,0,1,0,0,0,0,0,0,0
2026-01-07,SCGP,0.06976737362701102,0.014043817140143045,0.03460429085966416,1.0,0.5128534376254641,0.3469387755102041,0.0,0.0,0,-0.005434847965399947,0,0,0,0,0,0,1,0,0,0,0,0,0,0
2026-01-07,TCAP,0.008620737391929811,0.0017722519660336334,0.011615844089845711,0.56,0.3602260403234661,0.1020408163265306,0.0,0.0,0,-0.004273561625340205,0,0,0,0,0,0,0,0,1,0,0,0,0,0
2026-01-07,TIDLOR,0.01197605358982523,-0.0009321085939176799,0.024681972474604335,0.66,0.2781370028253271,0.0,1.0,0.0,0,-0.03550303387696352,0,0,0,0,1,0,0,0,0,0,0,0,0,0
2026-01-07,TISCO,-0.004566268652228311,-0.0027068598405176835,0.007557102753652595,0.26,0.6406867342025374,0.4081632653061224,0.0,0.0,1,0.009174356539194406,0,0,0,0,0,0,0,0,1,0,0,0,0,0
2026-01-07,TLI,-0.014851523818680046,0.008340780124131109,0.015897765993654264,0.12,0.299872962494744,0.0,0.0,0.0,0,0.0,0,0,0,0,0,1,0,0,0,0,0,0,0,0
2026-01-07,TOP,0.0,0.01777135692734959,0.02913760632968133,0.36,0.7386039040525615,0.5102040816326531,1.0,0.0,0,0.0,0,0,0,0,0,0,1,0,0,0,0,0,0,0
2026-01-07,TRUE,0.0,0.003785019795777567,0.02103381114048462,0.36,0.7259234069997916,0.5510204081632653,0.0,0.0,0,-0.008928511824820684,1,0,0,0,0,0,0,0,0,0,0,0,0,0
2026-01-07,TTB,-0.028846140206201132,0.00015232640306663824,0.01944548547787392,0.04,0.389142793520201,0.2448979591836734,4.0,0.0,1,0.009900985278249674,0,0,0,0,0,0,0,0,1,0,0,0,0,0
2026-01-07,TU,0.031007856320697913,0.00781366050686343,0.017416578766299748,0.86,0.2779194133981291,0.0,0.0,0.0,1,0.00751872930766706,0,0,0,0,0,0,0,0,0,0,1,0,0,0
2026-01-07,WHA,0.006250036507222667,-0.006045614858181581,0.011420329816099887,0.46,0.2667685974671863,0.0204081632653061,0.0,0.0,0,0.0,1,0,0,0,0,0,0,0,0,0,0,0,0,0
2026-01-08,ADVANC,0.006249937335909506,0.006379792509504623,0.011278251302917403,0.82,0.8340338761433772,0.5306122448979591,0.0,0.0,0,-0.006211118236147728,1,0,0,0,0,0,0,0,0,0,0,0,0,0
2026-01-08,AOT,0.004878048780487809,-0.007213219862250897,0.030436804194622125,0.8,0.5714144407022494,0.3877551020408163,0.0,0.0,1,0.004854368932038833,0,0,0,0,0,0,1,0,0,0,0,0,0,0
2026-01-08,AWC,-0.01904758534998907,-0.00569630621634547,0.008508382883700946,0.2,0.26474316484215,0.0,0.0,0.0,0,-0.009708720354587697,0,0,0,0,0,0,0,1,0,0,0,0,0,0
2026-01-08,BANPU,-0.00990106629940346,0.0016914528328622947,0.014551026712821444,0.36,0.5168610876183813,0.3469387755102041,0.0,0.0,0,0.0,0,0,0,0,0,0,1,0,0,0,0,0,0,0
2026-01-08,BBL,0.02058816626287463,0.005928850260940544,0.012610383194691191,1.0,0.8021884428957072,0.4897959183673469,1.0,0.0,0,-0.008645451961948103,0,0,0,0,0,0,0,0,1,0,0,0,0,0
2026-01-08,BDMS,-0.005128218626891945,2.1311707332394293e-05,0.007308723418603946,0.48,0.6121736045413307,0.4081632653061224,0.0,0.0,0,-0.02577326406732572,0,0,0,0,0,0,1,0,0,0,0,0,0,0
2026-01-08,BEM,0.0,5.35723648794395e-05,0.011609692221921125,0.7,0.3153698175379232,0.0204081632653061,0.0,0.0,0,-0.00952384597440048,0,0,0,0,0,0,0,0,0,1,0,0,0,0
2026-01-08,BH,-0.0032258984730975104,-0.005057867975412212,0.010125349306610947,0.6,0.5733025950300475,0.4693877551020408,1.0,0.0,0,-0.04530738712127069,0,0,0,0,0,0,1,0,0,0,0,0,0,0
2026-01-08,BJC,-0.01388884548424163,-0.001310365452204576,0.015143785272980931,0.32,0.3859487784668349,0.1020408163265306,0.0,0.0,0,-0.0070421967558784715,0,0,0,0,0,0,0,0,0,1,0,0,0,0
2026-01-08,BTS,-0.01739128812274282,0.001908047794377543,0.017924342815338237,0.26,0.3820598396963626,0.0816326530612244,0.0,0.0,0,-0.035398196479485944,0,0,0,0,0,0,0,0,0,1,0,0,0,0
2026-01-08,CBG,-0.034285716310250125,-0.003314763054638159,0.022190295293969608,0.12,0.4037334379706352,0.1428571428571428,0.0,0.0,1,0.023668579355108355,0,0,0,0,0,0,0,0,0,1,0,0,0,0
2026-01-08,CCET,-0.02202644349903282,-0.0034355134342842764,0.0179653289860765,0.18,0.2944691120222417,0.0408163265306122,0.0,0.0,0,0.0,0,0,0,0,0,0,0,0,0,0,0,1,0,0
2026-01-08,CENTEL,-0.007518860507509273,0.0018630359040564537,0.029362596928378726,0.44,0.2958173008031775,0.0,0.0,0.0,0,-0.007575703841568915,0,0,0,0,0,0,0,0,0,0,0,0,1,0
2026-01-08,COM7,-0.014999915272277287,-0.003813697329901533,0.022344330748868782,0.3,0.5390811125917591,0.3469387755102041,0.0,0.0,0,-0.025380700841968418,0,0,0,0,0,0,1,0,0,0,0,0,0,0
2026-01-08,CPALL,-0.01149417652229956,-0.003435058902318455,0.006561489731727149,0.34,0.4825031688955927,0.183673469387755,0.0,0.0,0,-0.005814006471810296,0,0,0,0,0,0,0,0,0,1,0,0,0,0
2026-01-08,CPF,0.0,-0.0008789130979137471,0.010504599789174602,0.7,0.7091921123853364,0.4897959183673469,1.0,0.0,0,0.0,0,0,0,0,0,0,1,0,0,0,0,0,0,0
2026-01-08,CPN,-0.004444410649321884,0.006413552529782196,0.01047005460884201,0.54,0.2998494178860543,0.0204081632653061,0.0,0.0,0,-0.013392896291881229,0,0,0,0,0,0,0,0,0,0,0,1,0,0
2026-01-08,CRC,-0.03867410782455383,-0.007697436897478505,0.019849987617815427,0.08,0.1885120701342117,0.1224489795918367,0.0,0.0,0,0.0,0,0,0,0,0,0,0,0,0,1,0,0,0,0
2026-01-08,DELTA,-0.12903231906790558,-0.008433137509364697,0.0743330727825963,0.02,0.7549857549857552,0.5102040816326531,7.0,0.0,1,0.018518563971813506,0,0,0,0,0,0,0,0,0,0,0,1,0,0
2026-01-08,EGCO,-0.029661039224711527,0.0037558347776544656,0.023751207340062513,0.14,0.2641362307564376,0.0,0.0,0.0,0,-0.008733582228756975,0,0,0,0,0,0,0,0,0,0,0,0,0,1
2026-01-08,GPSC,0.0,0.006955478508820967,0.016390109625081976,0.7,0.3084218345695337,0.0408163265306122,0.0,0.0,0,-0.006711417823509036,0,0,0,0,0,0,1,0,0,0,0,0,0,0
2026-01-08,GULF,-0.017341045842791836,0.004887703569168367,0.01692237631698098,0.28,0.824860649548974,0.5306122448979591,0.0,0.0,1,0.011764678022678554,1,0,0,0,0,0,0,0,0,0,0,0,0,0
2026-01-08,HMPRO,0.0,0.004626773517979954,0.011612853471560134,0.7,0.3412017927251844,0.0816326530612244,2.0,0.0,0,0.0,0,0,0,0,0,0,0,0,0,1,0,0,0,0
2026-01-08,IVL,-0.023391793021282137,0.006610177201348022,0.036346853539143686,0.16,0.6190346064901138,0.4489795918367346,0.0,0.0,1,0.00598796083989428,0,0,0,0,0,0,1,0,0,0,0,0,0,0
2026-01-08,KBANK,0.01566583434554092,0.0010819208092498922,0.01122697104207899,0.94,0.8492309488143115,0.5510204081632653,2.0,0.0,0,-0.015424201362090217,0,0,0,0,0,0,0,0,1,0,0,0,0,0
2026-01-08,KKP,0.01886790162687224,0.001627400454382033,0.018634203053519576,0.98,0.6442502814112808,0.4081632653061224,0.0,0.0,0,-0.01481474951400974,0,0,0,0,0,0,0,0,1,0,0,0,0,0
2026-01-08,KTB,0.017699131633245102,0.00538710455470115,0.014693464587067639,0.96,0.750245974679521,0.3673469387755101,0.0,0.0,0,-0.008695660182415965,0,0,0,0,0,0,0,0,1,0,0,0,0,0
2026-01-08,KTC,-0.01886790000704852,-0.0037556107427168415,0.010783960887667449,0.22,0.3257950366470686,0.0408163265306122,6.0,0.0,0,0.0,1,0,0,0,0,0,0,0,0,0,0,0,0,0
2026-01-08,LH,-0.005076150381666089,0.007335330756671743,0.00941474068543609,0.5,0.2735033172691258,0.0,1.0,0.0,0,-0.015306147451224605,0,1,0,0,0,0,0,0,0,0,0,0,0,0
2026-01-08,MINT,-0.004184126295902479,-0.0049387344129486754,0.008421797567117025,0.58,0.4943019943019943,0.2040816326530612,0.0,0.0,1,0.004201706767676727,1,0,0,0,0,0,0,0,0,0,0,0,0,0
2026-01-08,MTC,-0.047619053442552906,-0.011060322191618144,0.02290692345534866,0.06,0.2887361173649064,0.0,1.0,0.0,0,-0.008333313002020226,0,0,1,0,0,0,0,0,0,0,0,0,0,0
2026-01-08,OR,0.007299336495047326,0.012317142752985722,0.02751855617016242,0.86,0.6153782616814699,0.2857142857142857,3.0,0.0,0,0.0,0,0,0,0,0,0,0,0,0,0,0,1,0,0
2026-01-08,OSP,-0.01818176526815829,0.005279535857337448,0.02602125879493756,0.24,0.338970421015203,0.0612244897959183,0.0,0.0,1,0.01851846362695042,0,0,0,0,0,0,0,0,0,1,0,0,0,0
2026-01-08,PTT,0.0,3.730014221374756e-05,0.009682227767171628,0.7,0.7728921116235123,0.4285714285714285,2.0,0.0,1,0.007936551974966566,0,0,0,0,0,0,1,0,0,0,0,0,0,0
2026-01-08,PTTEP,0.0,-0.005329319819757772,0.01653669401965261,0.7,0.6813255353395934,0.4489795918367346,2.0,0.0,1,0.027649724302691858,0,0,0,0,0,0,1,0,0,0,0,0,0,0
2026-01-08,PTTGC,-0.00900902714744578,0.01155436530628029,0.026535579210100874,0.38,0.6382595769495901,0.4693877551020408,1.0,0.0,1,0.00909092756063501,0,0,0,0,0,0,1,0,0,0,0,0,0,0
2026-01-08,RATCH,-0.008403346939367506,-0.0016521835152899511,0.009244411241927732,0.42,0.2677087625191304,0.0,1.0,0.0,0,-0.008474561620826382,0,0,0,1,0,0,0,0,0,0,0,0,0,0
2026-01-08,SAWAD,-0.0685482781081258,-0.021049567283700443,0.03258671698204698,0.04,0.3498375384972611,0.0816326530612244,0.0,0.0,0,-0.021645083366090834,0,0,0,0,0,0,0,0,0,1,0,0,0,0
2026-01-08,SCB,0.0071684948030692475,0.004395891443433641,0.013246092959588852,0.84,0.7988495394135452,0.4693877551020408,8.0,0.0,0,-0.007117473233186122,0,0,0,0,0,0,0,0,1,0,0,0,0,0
2026-01-08,SCC,-0.005025086625775055,0.009220685430682307,0.03202013220519709,0.52,0.6673911126530135,0.4489795918367346,0.0,0.0,1,0.005050465653182901,0,0,0,0,0,0,1,0,0,0,0,0,0,0
2026-01-08,SCGP,-0.005434847965399947,0.012956847547063055,0.03523531560646104,0.46,0.5128534376254641,0.3469387755102041,0.0,0.0,1,0.016393534777316088,0,0,0,0,0,0,1,0,0,0,0,0,0,0
2026-01-08,TCAP,-0.004273561625340205,0.002641673446601289,0.010775793733105667,0.56,0.3602260403234661,0.1020408163265306,0.0,0.0,0,-0.008583670536806198,0,0,0,0,0,0,0,0,1,0,0,0,0,0
2026-01-08,TIDLOR,-0.03550303387696352,-0.008032715369310384,0.029064523162051974,0.1,0.2781370028253271,0.0,1.0,0.0,0,-0.012269884564333533,0,0,0,0,1,0,0,0,0,0,0,0,0,0
2026-01-08,TISCO,0.009174356539194406,3.298594891301132e-05,0.009065919235437642,0.9,0.6406867342025374,0.4081632653061224,0.0,0.0,0,-0.0045454399437425685,0,0,0,0,0,0,0,0,1,0,0,0,0,0
2026-01-08,TLI,0.0,0.005199431732457493,0.015627913529181307,0.7,0.299872962494744,0.0,0.0,0.0,1,0.025125592893300963,0,0,0,0,0,1,0,0,0,0,0,0,0,0
2026-01-08,TOP,0.0,0.021938013251964116,0.02310139765948806,0.7,0.7386039040525615,0.5102040816326531,1.0,0.0,1,0.006369443773846406,0,0,0,0,0,0,1,0,0,0,0,0,0,0
2026-01-08,TRUE,-0.008928511824820684,0.005635691980887691,0.018918571727435576,0.4,0.7259234069997916,0.5510204081632653,0.0,0.0,0,0.0,1,0,0,0,0,0,0,0,0,0,0,0,0,0
2026-01-08,TTB,0.009900985278249674,0.00015232640306663824,0.01944548547787392,0.92,0.389142793520201,0.2448979591836734,5.0,0.0,0,0.0,0,0,0,0,0,0,0,0,1,0,0,0,0,0
2026-01-08,TU,0.00751872930766706,0.012442409003923682,0.011799765471923615,0.88,0.2779194133981291,0.0,0.0,0.0,0,-0.044776085517257536,0,0,0,0,0,0,0,0,0,0,1,0,0,0
2026-01-08,WHA,0.0,-0.0024311655058164793,0.009331185561032128,0.7,0.2667685974671863,0.0204081632653061,0.0,0.0,0,0.0,1,0,0,0,0,0,0,0,0,0,0,0,0,0
2026-01-09,ADVANC,-0.006211118236147728,0.004496539118138165,0.01264431950863367,0.48,0.8340338761433772,0.5306122448979591,0.0,0.0,1,0.02187493413876207,1,0,0,0,0,0,0,0,0,0,0,0,0,0
2026-01-09,AOT,0.004854368932038833,-0.004373187197338457,0.03084779609558485,0.76,0.5714144407022494,0.3877551020408163,0.0,0.0,0,-0.01449275362318836,0,0,0,0,0,0,1,0,0,0,0,0,0,0
2026-01-09,AWC,-0.009708720354587697,-0.00763805028726301,0.007974491044955376,0.24,0.26474316484215,0.0,0.0,0.0,0,-0.024509759285328836,0,0,0,0,0,0,0,1,0,0,0,0,0,0
2026-01-09,BANPU,0.0,0.003304356698594413,0.013616205777105213,0.63,0.5168610876183813,0.3469387755102041,0.0,0.0,0,-0.003999952376833815,0,0,0,0,0,0,1,0,0,0,0,0,0,0
2026-01-09,BBL,-0.008645451961948103,0.0030128147809755255,0.014194902196141744,0.32,0.8021884428957072,0.4897959183673469,1.0,0.0,0,-0.00872094079469754,0,0,0,0,0,0,0,0,1,0,0,0,0,0
2026-01-09,BDMS,-0.02577326406732572,-0.004102410543439716,0.013849312769096685,0.08,0.6121736045413307,0.4081632653061224,1.0,0.0,0,-0.0423279483745892,0,0,0,0,0,0,1,0,0,0,0,0,0,0
2026-01-09,BEM,-0.00952384597440048,-0.005660716549945955,0.005167887246641007,0.26,0.3153698175379232,0.0204081632653061,0.0,0.0,0,-0.009615327523654682,0,0,0,0,0,0,0,0,0,1,0,0,0,0
2026-01-09,BH,-0.04530738712127069,-0.012857520226787744,0.020762803659908874,0.02,0.5733025950300475,0.4693877551020408,2.0,0.0,0,-0.0610169476744693,0,0,0,0,0,0,1,0,0,0,0,0,0,0
2026-01-09,BJC,-0.0070421967558784715,-0.0041173949114786225,0.014507314459175967,0.44,0.3859487784668349,0.1020408163265306,0.0,0.0,0,-0.04255326234878454,0,0,0,0,0,0,0,0,0,1,0,0,0,0
2026-01-09,BTS,-0.035398196479485944,-0.00874301665176327,0.021536510664541503,0.06,0.3820598396963626,0.0816326530612244,0.0,0.0,0,-0.06422022964083118,0,0,0,0,0,0,0,0,0,1,0,0,0,0
2026-01-09,CBG,0.023668579355108355,-0.0009066227107952018,0.02472579310230184,0.96,0.4037334379706352,0.1428571428571428,0.0,0.0,0,-0.034682085068088675,0,0,0,0,0,0,0,0,0,1,0,0,0,0
2026-01-09,CCET,0.0,-0.0034355134342842764,0.0179653289860765,0.63,0.2944691120222417,0.0408163265306122,0.0,0.0,1,0.009009013936057686,0,0,0,0,0,0,0,0,0,0,0,1,0,0
2026-01-09,CENTEL,-0.007575703841568915,-0.00881241620911426,0.016103712309020236,0.4,0.2958173008031775,0.0,0.0,0.0,0,-0.015267185574761588,0,0,0,0,0,0,0,0,0,0,0,0,1,0
2026-01-09,COM7,-0.025380700841968418,-0.003914714807848285,0.022464175778060654,0.1,0.5390811125917591,0.3469387755102041,0.0,0.0,0,-0.04166677546602071,0,0,0,0,0,0,1,0,0,0,0,0,0,0
2026-01-09,CPALL,-0.005814006471810296,-0.003454992610538632,0.006570290744779764,0.5,0.4825031688955927,0.183673469387755,0.0,0.0,0,-0.02339184210455658,0,0,0,0,0,0,0,0,0,1,0,0,0,0
2026-01-09,CPF,0.0,-0.001800560101358828,0.010097066340332736,0.63,0.7091921123853364,0.4897959183673469,1.0,0.0,0,-0.013888887646360981,0,0,0,0,0,0,1,0,0,0,0,0,0,0
2026-01-09,CPN,-0.013392896291881229,4.833611561010365e-05,0.010996955323318763,0.2,0.2998494178860543,0.0204081632653061,0.0,0.0,0,0.0,0,0,0,0,0,0,0,0,0,0,0,1,0,0
2026-01-09,CRC,0.0,-0.0065924560050913735,0.020152628596874018,0.63,0.1885120701342117,0.1224489795918367,0.0,0.0,0,-0.02873556540323796,0,0,0,0,0,0,0,0,0,1,0,0,0,0
2026-01-09,DELTA,0.018518563971813506,-0.007068599725452396,0.07485574474684163,0.94,0.7549857549857552,0.5102040816326531,7.0,0.0,0,-0.018181861997289994,0,0,0,0,0,0,0,0,0,0,0,1,0,0
2026-01-09,EGCO,-0.008733582228756975,-0.0006575423786671531,0.023576193182122417,0.28,0.2641362307564376,0.0,0.0,0.0,0,-0.008810598897540545,0,0,0,0,0,0,0,0,0,0,0,0,0,1
2026-01-09,GPSC,-0.006711417823509036,0.00561319494411916,0.017348915832988393,0.46,0.3084218345695337,0.0408163265306122,0.0,0.0,0,0.0,0,0,0,0,0,0,1,0,0,0,0,0,0,0
2026-01-09,GULF,0.011764678022678554,0.006035813001032753,0.017211027098604916,0.88,0.824860649548974,0.5306122448979591,0.0,0.0,0,0.0,1,0,0,0,0,0,0,0,0,0,0,0,0,0
2026-01-09,HMPRO,0.0,1.1392176112767772e-05,0.005336767672508601,0.63,0.3412017927251844,0.0816326530612244,2.0,0.0,0,-0.03007519187930674,0,0,0,0,0,0,0,0,0,1,0,0,0,0
2026-01-09,IVL,0.00598796083989428,0.009042336238743908,0.035678354186470675,0.8,0.6190346064901138,0.4489795918367346,0.0,0.0,0,-0.023809504620875832,0,0,0,0,0,0,1,0,0,0,0,0,0,0
2026-01-09,KBANK,-0.015424201362090217,-0.003036513675727903,0.012991615224291089,0.14,0.8492309488143115,0.5510204081632653,2.0,0.0,0,0.0,0,0,0,0,0,0,0,0,1,0,0,0,0,0
2026-01-09,KKP,-0.01481474951400974,-0.004320634823244252,0.018066164952493035,0.18,0.6442502814112808,0.4081632653061224,0.0,0.0,0,-0.0037594421369979703,0,0,0,0,0,0,0,0,1,0,0,0,0,0
2026-01-09,KTB,-0.008695660182415965,0.0018622565438484618,0.015710275729650763,0.3,0.750245974679521,0.3673469387755101,0.0,0.0,1,0.008771937974180632,0,0,0,0,0,0,0,0,1,0,0,0,0,0
2026-01-09,KTC,0.0,-0.0018688283868733223,0.010359018061634001,0.63,0.3257950366470686,0.0408163265306122,7.0,0.0,0,-0.028846154595372875,1,0,0,0,0,0,0,0,0,0,0,0,0,0
2026-01-09,LH,-0.015306147451224605,0.004274101266426822,0.013843077664171788,0.16,0.2735033172691258,0.0,1.0,0.0,0,-0.020725422981780928,0,1,0,0,0,0,0,0,0,0,0,0,0,0
2026-01-09,MINT,0.004201706767676727,-0.0032787158973685447,0.009391084453991722,0.74,0.4943019943019943,0.2040816326530612,0.0,0.0,0,-0.01673634242780231,1,0,0,0,0,0,0,0,0,0,0,0,0,0
2026-01-09,MTC,-0.008333313002020226,-0.01115217342632362,0.022891869067783246,0.38,0.2887361173649064,0.0,1.0,0.0,0,-0.033613427424022624,0,0,1,0,0,0,0,0,0,0,0,0,0,0
2026-01-09,OR,0.0,0.007701761249679362,0.027196114016927144,0.63,0.6153782616814699,0.2857142857142857,3.0,0.0,0,-0.007246442274493892,0,0,0,0,0,0,0,0,0,0,0,1,0,0
2026-01-09,OSP,0.01851846362695042,0.005185758972110555,0.02596028100708173,0.92,0.338970421015203,0.0612244897959183,0.0,0.0,0,0.0,0,0,0,0,0,0,0,0,0,1,0,0,0,0
2026-01-09,PTT,0.007936551974966566,-0.0015499976417663985,0.00659568156444829,0.84,0.7728921116235123,0.4285714285714285,2.0,0.0,1,0.007873996537133054,0,0,0,0,0,0,1,0,0,0,0,0,0,0
2026-01-09,PTTEP,0.027649724302691858,-0.0024899607139111215,0.02114464284843674,1.0,0.6813255353395934,0.4489795918367346,3.0,0.0,0,0.0,0,0,0,0,0,0,1,0,0,0,0,0,0,0
2026-01-09,PTTGC,0.00909092756063501,0.011449469942538103,0.026546194628072256,0.86,0.6382595769495901,0.4693877551020408,1.0,0.0,0,-0.00900902714744578,0,0,0,0,0,0,1,0,0,0,0,0,0,0
2026-01-09,RATCH,-0.008474561620826382,-0.0016664264515817262,0.009257458857181712,0.36,0.2677087625191304,0.0,1.0,0.0,0,-0.008547060703530951,0,0,0,1,0,0,0,0,0,0,0,0,0,0
2026-01-09,SAWAD,-0.021645083366090834,-0.023436838283288595,0.03197976388530983,0.12,0.3498375384972611,0.0816326530612244,0.0,0.0,0,-0.013274374972568448,0,0,0,0,0,0,0,0,0,1,0,0,0,0
2026-01-09,SCB,-0.007117473233186122,0.0007905677504873587,0.013481276009619446,0.42,0.7988495394135452,0.4693877551020408,9.0,0.0,0,0.0,0,0,0,0,0,0,0,0,1,0,0,0,0,0
2026-01-09,SCC,0.005050465653182901,0.016563232258143667,0.023332195076644437,0.78,0.6673911126530135,0.4489795918367346,2.0,0.0,0,-0.025125588358290596,0,0,0,0,0,0,1,0,0,0,0,0,0,0
2026-01-09,SCGP,0.016393534777316088,0.017398359109327875,0.03364126920727825,0.9,0.5128534376254641,0.3469387755102041,0.0,0.0,0,0.0,0,0,0,0,0,0,1,0,0,0,0,0,0,0
2026-01-09,TCAP,-0.008583670536806198,-0.0016837500167488084,0.009858193808893655,0.34,0.3602260403234661,0.1020408163265306,0.0,0.0,0,0.0,0,0,0,0,0,0,0,0,1,0,0,0,0,0
2026-01-09,TIDLOR,-0.012269884564333533,-0.01048669228217709,0.028732843140247655,0.22,0.2781370028253271,0.0,1.0,0.0,0,-0.018633549548626727,0,0,0,0,1,0,0,0,0,0,0,0,0,0
2026-01-09,TISCO,-0.0045454399437425685,-0.001785190028584016,0.008843563895671,0.52,0.6406867342025374,0.4081632653061224,0.0,0.0,0,0.0,0,0,0,0,0,0,0,0,1,0,0,0,0,0
2026-01-09,TLI,0.025125592893300963,0.005069897160786563,0.01541599884401247,0.98,0.299872962494744,0.0,0.0,0.0,0,0.0,0,0,0,0,0,1,0,0,0,0,0,0,0,0
2026-01-09,TOP,0.006369443773846406,0.01895659364461788,0.024146411700494277,0.82,0.7386039040525615,0.5102040816326531,2.0,0.0,0,-0.012658261463029508,0,0,0,0,0,0,1,0,0,0,0,0,0,0
2026-01-09,TRUE,0.0,0.003783852449671765,0.01892837887474072,0.63,0.7259234069997916,0.5510204081632653,0.0,0.0,1,0.009008948326482802,1,0,0,0,0,0,0,0,0,0,0,0,0,0
2026-01-09,TTB,0.0,0.002113109771452337,0.018669364535059112,0.63,0.389142793520201,0.2448979591836734,5.0,0.0,0,0.0,0,0,0,0,0,0,0,0,1,0,0,0,0,0
2026-01-09,TU,-0.044776085517257536,0.0003125860060105845,0.02776446375062214,0.04,0.2779194133981291,0.0,0.0,0.0,0,-0.007812506588817048,0,0,0,0,0,0,0,0,0,0,1,0,0,0
2026-01-09,WHA,0.0,-0.003658151410016397,0.008265730541826903,0.63,0.2667685974671863,0.0204081632653061,0.0,0.0,0,-0.018633572158108902,1,0,0,0,0,0,0,0,0,0,0,0,0,0
2026-01-12,ADVANC,0.02187493413876207,0.0037597140828588005,0.0111263152495056,1.0,0.8340338761433772,0.5306122448979591,0.0,0.0,1,0.015290517734463549,1,0,0,0,0,0,0,0,0,0,0,0,0,0
2026-01-12,AOT,-0.01449275362318836,-0.012932115280466717,0.024873756303417257,0.42,0.5714144407022494,0.3877551020408163,0.0,0.0,0,-0.004901960784313708,0,0,0,0,0,0,1,0,0,0,0,0,0,0
2026-01-12,AWC,-0.024509759285328836,-0.01065321299798112,0.011071848568686456,0.24,0.26474316484215,0.0,0.0,0.0,0,-0.005025116246652028,0,0,0,0,0,0,0,1,0,0,0,0,0,0
2026-01-12,BANPU,-0.003999952376833815,0.00250436622322765,0.013971743566322914,0.64,0.5168610876183813,0.3469387755102041,0.0,0.0,1,0.0441766727070243,0,0,0,0,0,0,1,0,0,0,0,0,0,0
2026-01-12,BBL,-0.00872094079469754,-0.0016812295106735542,0.013188509419843062,0.56,0.8021884428957072,0.4897959183673469,1.0,0.0,0,0.0,0,0,0,0,0,0,0,0,1,0,0,0,0,0
2026-01-12,BDMS,-0.0423279483745892,-0.013604272404389838,0.020559610236387967,0.08,0.6121736045413307,0.4081632653061224,2.0,0.0,0,-0.027624272633570923,0,0,0,0,0,0,1,0,0,0,0,0,0,0
2026-01-12,BEM,-0.009615327523654682,-0.005714634305658573,0.005217117454321283,0.5,0.3153698175379232,0.0204081632653061,0.0,0.0,0,-0.009708774820068267,0,0,0,0,0,0,0,0,0,1,0,0,0,0
2026-01-12,BH,-0.0610169476744693,-0.026965664860659832,0.02523680542449705,0.04,0.5733025950300475,0.4693877551020408,3.0,0.0,0,-0.01444049733570163,0,0,0,0,0,0,1,0,0,0,0,0,0,0
2026-01-12,BJC,-0.04255326234878454,-0.00846140052973392,0.02205330693925734,0.06,0.3859487784668349,0.1020408163265306,0.0,0.0,0,-0.014814768113931898,0,0,0,0,0,0,0,0,0,1,0,0,0,0
2026-01-12,BTS,-0.06422022964083118,-0.02509583120755765,0.02694872265226578,0.02,0.3820598396963626,0.0816326530612244,1.0,0.0,0,-0.01960782480441492,0,0,0,0,0,0,0,0,0,1,0,0,0,0
2026-01-12,CBG,-0.034682085068088675,-0.006693608395830486,0.029134877939757636,0.12,0.4037334379706352,0.1428571428571428,0.0,0.0,0,-0.05988018505379833,0,0,0,0,0,0,0,0,0,1,0,0,0,0
2026-01-12,CCET,0.009009013936057686,-0.00517353555759561,0.01568519936468912,0.98,0.2944691120222417,0.0408163265306122,0.0,0.0,1,0.013392864402044902,0,0,0,0,0,0,0,0,0,0,0,1,0,0
2026-01-12,CENTEL,-0.015267185574761588,-0.006026433607545112,0.012496384250464508,0.4,0.2958173008031775,0.0,0.0,0.0,1,0.05426354151105106,0,0,0,0,0,0,0,0,0,0,0,0,1,0
2026-01-12,COM7,-0.04166677546602071,-0.009186821920382737,0.02817371313146869,0.1,0.5390811125917591,0.3469387755102041,0.0,0.0,0,0.0,0,0,0,0,0,0,1,0,0,0,0,0,0,0
2026-01-12,CPALL,-0.02339184210455658,-0.0069839433792199925,0.011209724344519405,0.28,0.4825031688955927,0.183673469387755,0.0,0.0,0,-0.01796404744462332,0,0,0,0,0,0,0,0,0,1,0,0,0,0
2026-01-12,CPF,-0.013888887646360981,-0.004578337630631024,0.011314906107325039,0.44,0.7091921123853364,0.4897959183673469,1.0,0.0,0,-0.004694774773467025,0,0,0,0,0,0,1,0,0,0,0,0,0,0
2026-01-12,CPN,0.0,-0.0017616192193468994,0.009827624562925826,0.79,0.2998494178860543,0.0204081632653061,0.0,0.0,0,-0.01809955334957003,0,0,0,0,0,0,0,0,0,0,0,1,0,0
2026-01-12,CRC,-0.02873556540323796,-0.011228471828054776,0.02239582847052849,0.2,0.1885120701342117,0.1224489795918367,0.0,0.0,0,-0.005917205423275451,0,0,0,0,0,0,0,0,0,1,0,0,0,0
2026-01-12,DELTA,-0.018181861997289994,-0.025155853893316316,0.060434160827876365,0.36,0.7549857549857552,0.5102040816326531,7.0,0.0,0,-0.01543205797401348,0,0,0,0,0,0,0,0,0,0,0,1,0,0
2026-01-12,EGCO,-0.008810598897540545,-0.0032968577991427496,0.023609070508614535,0.54,0.2641362307564376,0.0,0.0,0.0,0,-0.013333303552851117,0,0,0,0,0,0,0,0,0,0,0,0,0,1
2026-01-12,GPSC,0.0,0.007002085637596522,0.016340959728409526,0.79,0.3084218345695337,0.0408163265306122,0.0,0.0,0,-0.03378382649281564,0,0,0,0,0,0,1,0,0,0,0,0,0,0
2026-01-12,GULF,0.0,0.007233424604680216,0.016352094756369052,0.79,0.824860649548974,0.5306122448979591,0.0,0.0,0,0.0,1,0,0,0,0,0,0,0,0,0,0,0,0,0
2026-01-12,HMPRO,-0.03007519187930674,-0.004499882891870399,0.014668544916683748,0.16,0.3412017927251844,0.0816326530612244,2.0,0.0,0,-0.046511595849621945,0,0,0,0,0,0,0,0,0,1,0,0,0,0
2026-01-12,IVL,-0.023809504620875832,0.003038200334398966,0.03867415016317866,0.26,0.6190346064901138,0.4489795918367346,0.0,0.0,1,0.018292726794748804,0,0,0,0,0,0,1,0,0,0,0,0,0,0
2026-01-12,KBANK,0.0,-0.003036513675727903,0.012991615224291089,0.79,0.8492309488143115,0.5510204081632653,2.0,0.0,0,0.0,0,0,0,0,0,0,0,0,1,0,0,0,0,0
2026-01-12,KKP,-0.0037594421369979703,-0.007278407516515451,0.016019471598499282,0.66,0.6442502814112808,0.4081632653061224,0.0,0.0,0,-0.01132070456285017,0,0,0,0,0,0,0,0,1,0,0,0,0,0
2026-01-12,KTB,0.008771937974180632,7.681781203556781e-05,0.013858654169442755,0.94,0.750245974679521,0.3673469387755101,0.0,0.0,1,0.008695589337967213,0,0,0,0,0,0,0,0,1,0,0,0,0,0
2026-01-12,KTC,-0.028846154595372875,-0.00954281092048428,0.013534881642404222,0.18,0.3257950366470686,0.0408163265306122,7.0,0.0,0,-0.01782179870148992,1,0,0,0,0,0,0,0,0,0,0,0,0,0
2026-01-12,LH,-0.020725422981780928,-0.001987389031473019,0.016997633362228686,0.3,0.2735033172691258,0.0,1.0,0.0,0,-0.015872977608524574,0,1,0,0,0,0,0,0,0,0,0,0,0,0
2026-01-12,MINT,-0.01673634242780231,-0.008272085062686684,0.008317853897007834,0.38,0.4943019943019943,0.2040816326530612,0.0,0.0,0,-0.00851069042098751,1,0,0,0,0,0,0,0,0,0,0,0,0,0
2026-01-12,MTC,-0.033613427424022624,-0.01470026350119873,0.025077020886003158,0.14,0.2887361173649064,0.0,1.0,0.0,0,-0.043478287085245926,0,0,1,0,0,0,0,0,0,0,0,0,0,0
2026-01-12,OR,-0.007246442274493892,0.0032449559799662352,0.0275174190128513,0.62,0.6153782616814699,0.2857142857142857,3.0,0.0,0,0.0,0,0,0,0,0,0,0,0,0,0,0,1,0,0
2026-01-12,OSP,0.0,0.007670239944136381,0.024401466113425613,0.79,0.338970421015203,0.0612244897959183,0.0,0.0,1,0.012121256035950267,0,0,0,0,0,0,0,0,0,1,0,0,0,0
2026-01-12,PTT,0.007873996537133054,0.0015872978832800033,0.006602876504020289,0.92,0.7728921116235123,0.4285714285714285,2.0,0.0,0,-0.007812481088098955,0,0,0,0,0,0,1,0,0,0,0,0,0,0
2026-01-12,PTTEP,0.0,-0.0007200520545215694,0.020847520327159023,0.79,0.6813255353395934,0.4489795918367346,3.0,0.0,1,0.008968595572599325,0,0,0,0,0,0,1,0,0,0,0,0,0,0
2026-01-12,PTTGC,-0.00900902714744578,0.008695281621738271,0.028083361333699767,0.52,0.6382595769495901,0.4693877551020408,1.0,0.0,0,-0.013636303007480866,0,0,0,0,0,0,1,0,0,0,0,0,0,0
2026-01-12,RATCH,-0.008547060703530951,-0.005070750916453193,0.007572293927262234,0.58,0.2677087625191304,0.0,1.0,0.0,0,-0.008620675078345075,0,0,0,1,0,0,0,0,0,0,0,0,0,0
2026-01-12,SAWAD,-0.013274374972568448,-0.0198172005540733,0.031881076793806654,0.46,0.3498375384972611,0.0816326530612244,0.0,0.0,0,-0.05381155751194322,0,0,0,0,0,0,0,0,0,1,0,0,0,0
2026-01-12,SCB,0.0,-0.003525976818348431,0.007108581262186217,0.79,0.7988495394135452,0.4693877551020408,9.0,0.0,1,0.0035842474015346237,0,0,0,0,0,0,0,0,1,0,0,0,0,0
2026-01-12,SCC,-0.025125588358290596,0.004453633445103656,0.026583090172763325,0.22,0.6673911126530135,0.4489795918367346,2.0,0.0,0,-0.0025772994786644743,0,0,0,0,0,0,1,0,0,0,0,0,0,0
2026-01-12,SCGP,0.0,0.020907127852974994,0.029778885331215997,0.79,0.5128534376254641,0.3469387755102041,0.0,0.0,1,0.02150532136201244,0,0,0,0,0,0,1,0,0,0,0,0,0,0
2026-01-12,TCAP,0.0,-0.003400497738179098,0.008237316287429979,0.79,0.3602260403234661,0.1020408163265306,0.0,0.0,0,0.0,0,0,0,0,0,0,0,0,1,0,0,0,0,0
2026-01-12,TIDLOR,-0.018633549548626727,-0.005978092574229899,0.02411001750813984,0.34,0.2781370028253271,0.0,1.0,0.0,0,-0.05696205389961029,0,0,0,0,1,0,0,0,0,0,0,0,0,0
2026-01-12,TISCO,0.0,-0.0026901645101758075,0.008247872618601205,0.79,0.6406867342025374,0.4081632653061224,0.0,0.0,0,0.0,0,0,0,0,0,0,0,0,1,0,0,0,0,0
2026-01-12,TLI,0.0,0.0020548138149241836,0.014411383338412556,0.79,0.299872962494744,0.0,0.0,0.0,0,-0.019607796471844074,0,0,0,0,0,1,0,0,0,0,0,0,0,0
2026-01-12,TOP,-0.012658261463029508,0.009480499755379013,0.025662031695953352,0.48,0.7386039040525615,0.5102040816326531,2.0,0.0,0,-0.012820447687136416,0,0,0,0,0,0,1,0,0,0,0,0,0,0
2026-01-12,TRUE,0.009008948326482802,-0.0017538124933946576,0.007480204108865332,0.96,0.7259234069997916,0.5510204081632653,0.0,0.0,1,0.035714307388377,1,0,0,0,0,0,0,0,0,0,0,0,0,0
2026-01-12,TTB,0.0,-0.0018472843398475325,0.015869203808170654,0.79,0.389142793520201,0.2448979591836734,6.0,0.0,0,0.0,0,0,0,0,0,0,0,0,1,0,0,0,0,0
2026-01-12,TU,-0.007812506588817048,-0.002812401295541922,0.027588056891616423,0.6,0.2779194133981291,0.0,0.0,0.0,0,-0.039370112205090235,0,0,0,0,0,0,0,0,0,0,1,0,0,0
2026-01-12,WHA,-0.018633572158108902,-0.004945842182933235,0.01020271888933737,0.32,0.2667685974671863,0.0204081632653061,0.0,0.0,0,-0.006329073038572219,1,0,0,0,0,0,0,0,0,0,0,0,0,0
2026-01-13,ADVANC,0.015290517734463549,0.00681781762975151,0.01190843776986458,0.9,0.8340338761433772,0.5306122448979591,0.0,0.0,1,0.01807230638381796,1,0,0,0,0,0,0,0,0,0,0,0,0,0
2026-01-13,AOT,-0.004901960784313708,-0.0029033331254028514,0.008106287163208376,0.58,0.5714144407022494,0.3877551020408163,0.0,0.0,1,0.0049261083743843415,0,0,0,0,0,0,1,0,0,0,0,0,0,0
2026-01-13,AWC,-0.005025116246652028,-0.011658236247311526,0.01004337455882224,0.56,0.26474316484215,0.0,0.0,0.0,0,-0.025252540414909985,0,0,0,0,0,0,0,1,0,0,0,0,0,0
2026-01-13,BANPU,0.0441766727070243,0.01133970076463251,0.023026246265615412,0.98,0.5168610876183813,0.3469387755102041,0.0,0.0,0,0.0,0,0,0,0,0,0,1,0,0,0,0,0,0,0
2026-01-13,BBL,0.0,-0.0016812295106735542,0.013188509419843062,0.71,0.8021884428957072,0.4897959183673469,1.0,0.0,1,0.0029325549025818187,0,0,0,0,0,0,0,0,1,0,0,0,0,0
2026-01-13,BDMS,-0.027624272633570923,-0.01809819636841099,0.020706145612544826,0.16,0.6121736045413307,0.4081632653061224,2.0,0.0,1,0.022727219191839065,0,0,0,0,0,0,1,0,0,0,0,0,0,0
2026-01-13,BEM,-0.009708774820068267,-0.005769589663624686,0.005267296498323952,0.44,0.3153698175379232,0.0204081632653061,0.0,0.0,1,0.029411781663759573,0,0,0,0,0,0,0,0,0,1,0,0,0,0
2026-01-13,BH,-0.01444049733570163,-0.026080192778097012,0.025665981520260825,0.34,0.5733025950300475,0.4693877551020408,3.0,0.0,1,0.02564105282389062,0,0,0,0,0,0,1,0,0,0,0,0,0,0
2026-01-13,BJC,-0.014814768113931898,-0.014261224432468956,0.018060584158072088,0.32,0.3859487784668349,0.1020408163265306,1.0,0.0,0,0.0,0,0,0,0,0,0,0,0,0,1,0,0,0,0
2026-01-13,BTS,-0.01960782480441492,-0.025569123495680923,0.026796642194392924,0.18,0.3820598396963626,0.0816326530612244,1.0,0.0,1,0.019999980926513672,0,0,0,0,0,0,0,0,0,1,0,0,0,0
2026-01-13,CBG,-0.05988018505379833,-0.016357512375212057,0.037860048021374985,0.02,0.4037334379706352,0.1428571428571428,0.0,0.0,1,0.04458592437684139,0,0,0,0,0,0,0,0,0,1,0,0,0,0
2026-01-13,CCET,0.013392864402044902,0.0018528657048990428,0.014208643817730897,0.88,0.2944691120222417,0.0408163265306122,0.0,0.0,1,0.026431625227621325,0,0,0,0,0,0,0,0,0,0,0,1,0,0
2026-01-13,CENTEL,0.05426354151105106,0.007833795432394552,0.028362777745283917,1.0,0.2958173008031775,0.0,0.0,0.0,0,-0.04411762006157771,0,0,0,0,0,0,0,0,0,0,0,0,1,0
2026-01-13,COM7,0.0,-0.015404445391883303,0.019000428952064784,0.71,0.5390811125917591,0.3469387755102041,0.0,0.0,1,0.01086964932814527,0,0,0,0,0,0,1,0,0,0,0,0,0,0
2026-01-13,CPALL,-0.01796404744462332,-0.011732814508657952,0.009320801485713896,0.24,0.4825031688955927,0.183673469387755,2.0,0.0,1,0.01219513725671928,0,0,0,0,0,0,0,0,0,1,0,0,0,0
2026-01-13,CPF,-0.004694774773467025,-0.0018475798503763351,0.008444193906178671,0.6,0.7091921123853364,0.4897959183673469,1.0,0.0,0,-0.00471701079881004,0,0,0,0,0,0,1,0,0,0,0,0,0,0
2026-01-13,CPN,-0.01809955334957003,-0.004484675719808951,0.01233662123954815,0.22,0.2998494178860543,0.0204081632653061,0.0,0.0,1,0.018433185778979233,0,0,0,0,0,0,0,0,0,0,0,1,0,0
2026-01-13,CRC,-0.005917205423275451,-0.011294585895082943,0.02237548829187124,0.54,0.1885120701342117,0.1224489795918367,0.0,0.0,0,-0.005952306809228869,0,0,0,0,0,0,0,0,0,1,0,0,0,0
2026-01-13,DELTA,-0.01543205797401348,-0.02554683854290187,0.06034597451485611,0.3,0.7549857549857552,0.5102040816326531,8.0,0.0,1,0.0031347878222112158,0,0,0,0,0,0,0,0,0,0,0,1,0,0
2026-01-13,EGCO,-0.013333303552851117,-0.005090153428954536,0.024047134484879648,0.38,0.2641362307564376,0.0,0.0,0.0,1,0.004504447146759016,0,0,0,0,0,0,0,0,0,0,0,0,0,1
2026-01-13,GPSC,-0.03378382649281564,-0.006747695803552301,0.01584603219824972,0.14,0.3084218345695337,0.0408163265306122,0.0,0.0,0,0.0,0,0,0,0,0,0,1,0,0,0,0,0,0,0
2026-01-13,GULF,0.0,0.002414139315070196,0.013429427189142583,0.71,0.824860649548974,0.5306122448979591,1.0,0.0,1,0.005813986691334039,1,0,0,0,0,0,0,0,0,0,0,0,0,0
2026-01-13,HMPRO,-0.046511595849621945,-0.015317357545785736,0.021764297048885425,0.08,0.3412017927251844,0.0816326530612244,2.0,0.0,1,0.016260124075519578,0,0,0,0,0,0,0,0,0,1,0,0,0,0
2026-01-13,IVL,0.018292726794748804,0.009165891371785606,0.03804948058315955,0.92,0.6190346064901138,0.4489795918367346,0.0,0.0,1,0.023952075002162898,0,0,0,0,0,0,1,0,0,0,0,0,0,0
2026-01-13,KBANK,0.0,-0.003036513675727903,0.012991615224291089,0.71,0.8492309488143115,0.5510204081632653,4.0,0.0,1,0.0026110149474796174,0,0,0,0,0,0,0,0,1,0,0,0,0,0
2026-01-13,KKP,-0.01132070456285017,-0.006633447227176781,0.015715783922619138,0.42,0.6442502814112808,0.4081632653061224,0.0,0.0,1,0.007633553580078223,0,0,0,0,0,0,0,0,1,0,0,0,0,0
2026-01-13,KTB,0.008695589337967213,0.0018159356796290105,0.014382314212305184,0.82,0.750245974679521,0.3673469387755101,0.0,0.0,0,-0.008620627897931277,0,0,0,0,0,0,0,0,1,0,0,0,0,0
2026-01-13,KTC,-0.01782179870148992,-0.013107170660782264,0.012715395991849843,0.26,0.3257950366470686,0.0408163265306122,9.0,0.0,0,0.0,1,0,0,0,0,0,0,0,0,0,0,0,0,0
2026-01-13,LH,-0.015872977608524574,-0.008303351075402032,0.014456359911464217,0.28,0.2735033172691258,0.0,1.0,0.0,0,-0.010752705968791854,0,1,0,0,0,0,0,0,0,0,0,0,0,0
2026-01-13,MINT,-0.00851069042098751,-0.007525244462304248,0.008034793800185652,0.48,0.4943019943019943,0.2040816326530612,0.0,0.0,0,-0.03433472561518691,1,0,0,0,0,0,0,0,0,0,0,0,0,0
2026-01-13,MTC,-0.043478287085245926,-0.02500882013547099,0.02394805090708808,0.1,0.2887361173649064,0.0,1.0,0.0,1,0.009090956846058873,0,0,1,0,0,0,0,0,0,0,0,0,0,0
2026-01-13,OR,0.0,0.009170878058128173,0.02111304844982394,0.71,0.6153782616814699,0.2857142857142857,4.0,0.0,0,-0.01459853080538398,0,0,0,0,0,0,0,0,0,0,0,1,0,0
2026-01-13,OSP,0.012121256035950267,0.011352345033826405,0.023124015369592493,0.86,0.338970421015203,0.0612244897959183,0.0,0.0,1,0.017964077478475504,0,0,0,0,0,0,0,0,0,1,0,0,0,0
2026-01-13,PTT,-0.007812481088098955,2.4801665660212358e-05,0.00787434553628911,0.5,0.7728921116235123,0.4285714285714285,3.0,0.0,1,0.03149604870709899,0,0,0,0,0,0,1,0,0,0,0,0,0,0
2026-01-13,PTTEP,0.008968595572599325,0.0010736670599982955,0.021305754455883275,0.84,0.6813255353395934,0.4489795918367346,4.0,0.0,1,0.01333334737323888,0,0,0,0,0,0,1,0,0,0,0,0,0,0
2026-01-13,PTTGC,-0.013636303007480866,0.006915890239415079,0.029398469419684624,0.36,0.6382595769495901,0.4693877551020408,2.0,0.0,1,0.03686634252653764,0,0,0,0,0,0,1,0,0,0,0,0,0,0
2026-01-13,RATCH,-0.008620675078345075,-0.005114216544248706,0.007596789787183978,0.46,0.2677087625191304,0.0,1.0,0.0,1,0.008695637342473583,0,0,0,1,0,0,0,0,0,0,0,0,0,0
2026-01-13,SAWAD,-0.05381155751194322,-0.027340636260167205,0.035089504395345666,0.06,0.3498375384972611,0.0816326530612244,0.0,0.0,1,0.0331752662435465,0,0,0,0,0,0,0,0,0,1,0,0,0,0
2026-01-13,SCB,0.0035842474015346237,-0.0006964408523536747,0.006386036492284255,0.8,0.7988495394135452,0.4693877551020408,12.0,0.0,1,0.003571446453862537,0,0,0,0,0,0,0,0,1,0,0,0,0,0
2026-01-13,SCC,-0.0025772994786644743,0.00393817354937076,0.026715694848383133,0.62,0.6673911126530135,0.4489795918367346,2.0,0.0,1,0.043927624240684526,0,0,0,0,0,0,1,0,0,0,0,0,0,0
2026-01-13,SCGP,0.02150532136201244,0.02044627636018792,0.029740543621505005,0.94,0.5128534376254641,0.3469387755102041,0.0,0.0,0,0.0,0,0,0,0,0,0,1,0,0,0,0,0,0,0
2026-01-13,TCAP,0.0,-0.0008472989540433184,0.006377112678223145,0.71,0.3602260403234661,0.1020408163265306,0.0,0.0,0,-0.00432899392601982,0,0,0,0,0,0,0,0,1,0,0,0,0,0
2026-01-13,TIDLOR,-0.05696205389961029,-0.022278493659941768,0.025810219370145628,0.04,0.2781370028253271,0.0,1.0,0.0,1,0.04026847780279841,0,0,0,0,1,0,0,0,0,0,0,0,0,0
2026-01-13,TISCO,0.0,1.2529588644705214e-05,0.005605351608993734,0.71,0.6406867342025374,0.4081632653061224,0.0,0.0,1,0.009132390620593789,0,0,0,0,0,0,0,0,1,0,0,0,0,0
2026-01-13,TLI,-0.019607796471844074,-0.0018667454794446315,0.017456411193547506,0.2,0.299872962494744,0.0,0.0,0.0,0,0.0,0,0,0,0,0,1,0,0,0,0,0,0,0,0
2026-01-13,TOP,-0.012820447687136416,-0.0038218530752639037,0.008545941602724203,0.4,0.7386039040525615,0.5102040816326531,3.0,0.0,0,0.0,0,0,0,0,0,0,1,0,0,0,0,0,0,0
2026-01-13,TRUE,0.035714307388377,0.007158948778007823,0.017176571889902695,0.96,0.7259234069997916,0.5510204081632653,0.0,0.0,1,0.025861979485799047,1,0,0,0,0,0,0,0,0,0,0,0,0,0
2026-01-13,TTB,0.0,-0.0037890309855902913,0.014648767313558447,0.71,0.389142793520201,0.2448979591836734,8.0,0.0,0,-0.009803916841928495,0,0,0,0,0,0,0,0,1,0,0,0,0,0
2026-01-13,TU,-0.039370112205090235,-0.01068642373655997,0.031870672298803644,0.12,0.2779194133981291,0.0,0.0,0.0,1,0.0245901856929287,0,0,0,0,0,0,0,0,0,0,1,0,0,0
2026-01-13,WHA,-0.006329073038572219,-0.003742521737891691,0.009437925996315212,0.52,0.2667685974671863,0.0204081632653061,0.0,0.0,1,0.006369385343622858,1,0,0,0,0,0,0,0,0,0,0,0,0,0
2026-01-14,ADVANC,0.01807230638381796,0.011055315471361071,0.011241225909385229,0.7,0.8340338761433772,0.5306122448979591,0.0,0.0,1,0.0029585987952125414,1,0,0,0,0,0,0,0,0,0,0,0,0,0
2026-01-14,AOT,0.0049261083743843415,-0.0009472376641182168,0.008677696014800099,0.46,0.5714144407022494,0.3877551020408163,0.0,0.0,1,0.004901960784313708,0,0,0,0,0,0,1,0,0,0,0,0,0,0
2026-01-14,AWC,-0.025252540414909985,-0.016708744330293523,0.009011519905611307,0.06,0.26474316484215,0.0,0.0,0.0,1,0.02590675170947243,0,0,0,0,0,0,0,1,0,0,0,0,0,0
2026-01-14,BANPU,0.0,0.006055130806157405,0.02169266061913156,0.28,0.5168610876183813,0.3469387755102041,0.0,0.0,1,0.009615364601614829,0,0,0,0,0,0,1,0,0,0,0,0,0,0
2026-01-14,BBL,0.0029325549025818187,0.001230865681762161,0.011996832547204893,0.38,0.8021884428957072,0.4897959183673469,1.0,0.0,0,0.0,0,0,0,0,0,0,0,0,1,0,0,0,0,0
2026-01-14,BDMS,0.022727219191839065,-0.015625296902107743,0.025204624550386863,0.76,0.6121736045413307,0.4081632653061224,2.0,0.0,1,0.02777774121883425,0,0,0,0,0,0,1,0,0,0,0,0,0,0
2026-01-14,BEM,0.029411781663759573,0.00011276666912722888,0.01689976178135642,0.88,0.3153698175379232,0.0204081632653061,0.0,0.0,1,0.00952384597440048,0,0,0,0,0,0,0,0,0,1,0,0,0,0
2026-01-14,BH,0.02564105282389062,-0.019669935556129704,0.03434273351646903,0.82,0.5733025950300475,0.4693877551020408,3.0,0.0,1,0.02142860998455176,0,0,0,0,0,0,1,0,0,0,0,0,0,0
2026-01-14,BJC,0.0,-0.015659814540567307,0.016175607388927357,0.28,0.3859487784668349,0.1020408163265306,1.0,0.0,1,0.04511271116356186,0,0,0,0,0,0,0,0,0,1,0,0,0,0
2026-01-14,BTS,0.019999980926513672,-0.023323511624192238,0.030595188224180062,0.74,0.3820598396963626,0.0816326530612244,1.0,0.0,1,0.04901967888289205,0,0,0,0,0,0,0,0,0,1,0,0,0,0
2026-01-14,CBG,0.04458592437684139,-0.012118696540037477,0.044095879064072196,1.0,0.4037334379706352,0.1428571428571428,0.0,0.0,1,0.018292685232057293,0,0,0,0,0,0,0,0,0,1,0,0,0,0
2026-01-14,CCET,0.026431625227621325,0.005361412013338218,0.018031933344051877,0.86,0.2944691120222417,0.0408163265306122,0.0,0.0,1,0.055794130520874674,0,0,0,0,0,0,0,0,0,0,0,1,0,0
2026-01-14,CENTEL,-0.04411762006157771,-0.004043165694873285,0.035903244632062986,0.02,0.2958173008031775,0.0,0.0,0.0,1,0.007692312770665177,0,0,0,0,0,0,0,0,0,0,0,0,1,0
2026-01-14,COM7,0.01086964932814527,-0.01423554845042423,0.020677238024188273,0.6,0.5390811125917591,0.3469387755102041,0.0,0.0,1,0.032258095817738086,0,0,0,0,0,0,1,0,0,0,0,0,0,0
2026-01-14,CPALL,0.01219513725671928,-0.009293787057314096,0.013717261262675084,0.62,0.4825031688955927,0.183673469387755,2.0,0.0,1,0.018072263875387407,0,0,0,0,0,0,0,0,0,1,0,0,0,0
2026-01-14,CPF,-0.00471701079881004,-0.004660134643727609,0.005670273948729467,0.18,0.7091921123853364,0.4897959183673469,1.0,0.0,1,0.023696649043549955,0,0,0,0,0,0,1,0,0,0,0,0,0,0
2026-01-14,CPN,0.018433185778979233,-0.003500734902358782,0.014188224891069186,0.72,0.2998494178860543,0.0204081632653061,0.0,0.0,1,0.022624477527378284,0,0,0,0,0,0,0,0,0,0,0,1,0,0
2026-01-14,CRC,-0.005952306809228869,-0.015855837092059222,0.016843580097412558,0.16,0.1885120701342117,0.1224489795918367,0.0,0.0,1,0.05988027613162683,0,0,0,0,0,0,0,0,0,1,0,0,0,0
2026-01-14,DELTA,0.0031347878222112158,-0.028198577449036866,0.058298870354761986,0.4,0.7549857549857552,0.5102040816326531,8.0,0.0,1,0.0281250203113943,0,0,0,0,0,0,0,0,0,0,0,1,0,0
2026-01-14,EGCO,0.004504447146759016,-0.01120681535142023,0.01228599645425591,0.44,0.2641362307564376,0.0,0.0,0.0,1,0.026905840649506407,0,0,0,0,0,0,0,0,0,0,0,0,0,1
2026-01-14,GPSC,0.0,-0.008099048863264935,0.014649377966748464,0.28,0.3084218345695337,0.0408163265306122,0.0,0.0,1,0.013986032285171479,0,0,0,0,0,0,1,0,0,0,0,0,0,0
2026-01-14,GULF,0.005813986691334039,4.752377424415144e-05,0.010873254671446368,0.48,0.824860649548974,0.5306122448979591,1.0,0.0,0,0.0,1,0,0,0,0,0,0,0,0,0,0,0,0,0
2026-01-14,HMPRO,0.016260124075519578,-0.012065332730681822,0.025516544047424743,0.66,0.3412017927251844,0.0816326530612244,2.0,0.0,1,0.04000002529026103,0,0,0,0,0,0,0,0,0,1,0,0,0,0
2026-01-14,IVL,0.023952075002162898,0.0002062929989296025,0.022682797074829855,0.78,0.6190346064901138,0.4489795918367346,0.0,0.0,1,0.05847948255320534,0,0,0,0,0,0,1,0,0,0,0,0,0,0
2026-01-14,KBANK,0.0026110149474796174,0.0005705295861860637,0.011051179036788665,0.36,0.8492309488143115,0.5510204081632653,4.0,0.0,0,-0.002604215302398627,0,0,0,0,0,0,0,0,1,0,0,0,0,0
2026-01-14,KKP,0.007633553580078223,-0.0006786882013814832,0.013908040155171088,0.52,0.6442502814112808,0.4081632653061224,1.0,0.0,1,0.007575784804556784,0,0,0,0,0,0,0,0,1,0,0,0,0,0
2026-01-14,KTB,-0.008620627897931277,0.003570074173009141,0.011747574363321665,0.14,0.750245974679521,0.3673469387755101,1.0,0.0,0,0.0,0,0,0,0,0,0,0,0,1,0,0,0,0,0
2026-01-14,KTC,0.0,-0.013107170660782264,0.012715395991849843,0.28,0.3257950366470686,0.0408163265306122,11.0,0.0,1,0.07862905202154247,1,0,0,0,0,0,0,0,0,0,0,0,0,0
2026-01-14,LH,-0.010752705968791854,-0.01354668087839761,0.005907577760299659,0.1,0.2735033172691258,0.0,1.0,0.0,1,0.016304375104693403,0,1,0,0,0,0,0,0,0,0,0,0,0,0
2026-01-14,MINT,-0.03433472561518691,-0.011912835598440497,0.014637224677316428,0.04,0.4943019943019943,0.2040816326530612,0.0,0.0,0,-0.004444471721512744,1,0,0,0,0,0,0,0,0,0,0,0,0,0
2026-01-14,MTC,0.009090956846058873,-0.024790624821556563,0.0243259758723698,0.56,0.2887361173649064,0.0,1.0,0.0,1,0.06306304430363485,0,0,1,0,0,0,0,0,0,0,0,0,0,0
2026-01-14,OR,-0.01459853080538398,-0.0029091273169661092,0.008315546161402372,0.08,0.6153782616814699,0.2857142857142857,5.0,0.0,1,0.014814805195404901,0,0,0,0,0,0,0,0,0,0,0,1,0,0
2026-01-14,OSP,0.017964077478475504,0.006084406374643581,0.015476134903875446,0.68,0.338970421015203,0.0612244897959183,0.0,0.0,1,0.011764747930046227,0,0,0,0,0,0,0,0,0,1,0,0,0,0
2026-01-14,PTT,0.03149604870709899,0.007898823226219931,0.01471451308941811,0.9,0.7728921116235123,0.4285714285714285,3.0,0.0,0,0.0,0,0,0,0,0,0,1,0,0,0,0,0,0,0
2026-01-14,PTTEP,0.01333334737323888,0.009990333449706013,0.011442107547930134,0.64,0.6813255353395934,0.4489795918367346,4.0,0.0,1,0.013157908409707098,0,0,0,0,0,0,1,0,0,0,0,0,0,0
2026-01-14,PTTGC,0.03686634252653764,0.0028605825569600453,0.020911309215167834,0.94,0.6382595769495901,0.4693877551020408,2.0,0.0,1,0.035555539816930715,0,0,0,0,0,0,1,0,0,0,0,0,0,0
2026-01-14,RATCH,0.008695637342473583,-0.005070001399919266,0.007695652307321128,0.54,0.2677087625191304,0.0,1.0,0.0,1,0.017241417793169234,0,0,0,1,0,0,0,0,0,0,0,0,0,0
2026-01-14,SAWAD,0.0331752662435465,-0.02482080554303636,0.03955851731799227,0.92,0.3498375384972611,0.0816326530612244,0.0,0.0,1,0.06880736350133887,0,0,0,0,0,0,0,0,0,1,0,0,0,0
2026-01-14,SCB,0.003571446453862537,0.0014413430850560571,0.005414343282679169,0.42,0.7988495394135452,0.4693877551020408,15.0,0.0,0,-0.010676093820415344,0,0,0,0,0,0,0,0,1,0,0,0,0,0
2026-01-14,SCC,0.043927624240684526,0.0032500230862274604,0.025325477700278595,0.98,0.6673911126530135,0.4489795918367346,2.0,0.0,1,0.029702968025880905,0,0,0,0,0,0,1,0,0,0,0,0,0,0
2026-01-14,SCGP,0.0,0.0064928016347857165,0.011725847905824682,0.28,0.5128534376254641,0.3469387755102041,0.0,0.0,1,0.07894740068109996,0,0,0,0,0,0,1,0,0,0,0,0,0,0
2026-01-14,TCAP,-0.00432899392601982,-0.0034372452176332446,0.0035919926165994087,0.2,0.3602260403234661,0.1020408163265306,0.0,0.0,1,0.01304344677994429,0,0,0,0,0,0,0,0,1,0,0,0,0,0
2026-01-14,TIDLOR,0.04026847780279841,-0.016620008817347133,0.036205410762913295,0.96,0.2781370028253271,0.0,1.0,0.0,1,0.06451616203259936,0,0,0,0,1,0,0,0,0,0,0,0,0,0
2026-01-14,TISCO,0.009132390620593789,0.0027522614432091254,0.006130980455413741,0.58,0.6406867342025374,0.4081632653061224,3.0,0.0,0,0.0,0,0,0,0,0,0,0,0,1,0,0,0,0,0
2026-01-14,TLI,0.0,0.0011035592842913778,0.015887667270963888,0.28,0.299872962494744,0.0,0.0,0.0,1,0.019999951449308995,0,0,0,0,0,1,0,0,0,0,0,0,0,0
2026-01-14,TOP,0.0,-0.0038218530752639037,0.008545941602724203,0.28,0.7386039040525615,0.5102040816326531,3.0,0.0,1,0.032467516741383484,0,0,0,0,0,0,1,0,0,0,0,0,0,0
2026-01-14,TRUE,0.025861979485799047,0.012331344675167633,0.018336595247084756,0.84,0.7259234069997916,0.5510204081632653,1.0,0.0,0,0.0,1,0,0,0,0,0,0,0,0,0,0,0,0,0
2026-01-14,TTB,-0.009803916841928495,1.941368726423587e-05,0.006966785673237336,0.12,0.389142793520201,0.2448979591836734,9.0,0.0,0,0.0,0,0,0,0,0,0,0,0,1,0,0,0,0,0
2026-01-14,TU,0.0245901856929287,-0.01196995786211381,0.029836001303799285,0.8,0.2779194133981291,0.0,0.0,0.0,1,0.008000006908875701,0,0,0,0,0,0,0,0,0,0,1,0,0,0
2026-01-14,WHA,0.006369385343622858,-0.0037186519706116526,0.009469614355425477,0.5,0.2667685974671863,0.0204081632653061,0.0,0.0,1,0.012658223907332289,1,0,0,0,0,0,0,0,0,0,0,0,0,0
2026-01-15,ADVANC,0.0029585987952125414,0.010397047763221678,0.011680745051307572,0.22,0.8340338761433772,0.5306122448979591,0.0,0.0,1,0.008849517353925362,1,0,0,0,0,0,0,0,0,0,0,0,0,0
2026-01-15,AOT,0.004901960784313708,-0.000942455263353037,0.008681714670382694,0.24,0.5714144407022494,0.3877551020408163,0.0,0.0,1,0.019512195121951237,0,0,0,0,0,0,1,0,0,0,0,0,0,0
2026-01-15,AWC,0.02590675170947243,-0.007717876918401223,0.02080421715269333,0.64,0.26474316484215,0.0,0.0,0.0,1,0.010100991148029204,0,0,0,0,0,0,0,1,0,0,0,0,0,0
2026-01-15,BANPU,0.009615364601614829,0.009958416986361063,0.01977487624823003,0.34,0.5168610876183813,0.3469387755102041,0.0,0.0,1,0.009523883598935745,0,0,0,0,0,0,1,0,0,0,0,0,0,0
2026-01-15,BBL,0.0,-0.002886767570812765,0.005425204862218282,0.14,0.8021884428957072,0.4897959183673469,1.0,0.0,0,-0.005847960340397251,0,0,0,0,0,0,0,0,1,0,0,0,0,0
2026-01-15,BDMS,0.02777774121883425,-0.009044104932962505,0.032008463810538006,0.68,0.6121736045413307,0.4081632653061224,2.0,0.0,1,0.021621572591510096,0,0,0,0,0,0,1,0,0,0,0,0,0,0
2026-01-15,BEM,0.00952384597440048,0.002017535864007325,0.017412802488442493,0.32,0.3153698175379232,0.0204081632653061,0.0,0.0,0,-0.0094339980302377,0,0,0,0,0,0,0,0,0,1,0,0,0,0
2026-01-15,BH,0.02142860998455176,-0.014739033864599849,0.0387775982818898,0.58,0.5733025950300475,0.4693877551020408,3.0,0.0,1,0.003496490916004902,0,0,0,0,0,0,1,0,0,0,0,0,0,0
2026-01-15,BJC,0.04511271116356186,-0.0038595032110066096,0.03178257348489369,0.82,0.3859487784668349,0.1020408163265306,1.0,0.0,0,-0.0071941868813508725,0,0,0,0,0,0,0,0,0,1,0,0,0,0
2026-01-15,BTS,0.04901967888289205,-0.010041318223065265,0.04489021273963976,0.84,0.3820598396963626,0.0816326530612244,1.0,0.0,1,0.01869157004308586,0,0,0,0,0,0,0,0,0,1,0,0,0,0
2026-01-15,CBG,0.018292685232057293,-0.0016030162315759933,0.043756039342527905,0.54,0.4037334379706352,0.1428571428571428,0.0,0.0,1,0.04191620379084804,0,0,0,0,0,0,0,0,0,1,0,0,0,0
2026-01-15,CCET,0.055794130520874674,0.02092552681731972,0.021695383142696725,0.86,0.2944691120222417,0.0408163265306122,0.0,0.0,1,0.004065042656691276,0,0,0,0,0,0,0,0,0,0,0,1,0,0
2026-01-15,CENTEL,0.007692312770665177,-0.0010009310392383951,0.036178505159569,0.28,0.2958173008031775,0.0,0.0,0.0,1,0.007633533228573297,0,0,0,0,0,0,0,0,0,0,0,0,1,0
2026-01-15,COM7,0.032258095817738086,-0.004783946232421154,0.029260055824857117,0.74,0.5390811125917591,0.3469387755102041,0.0,0.0,1,0.015624910240532808,0,0,0,0,0,0,1,0,0,0,0,0,0,0
2026-01-15,CPALL,0.018072263875387407,-0.0033804989777767025,0.018178814431155463,0.52,0.4825031688955927,0.183673469387755,4.0,0.0,1,0.0059172140901646575,0,0,0,0,0,0,0,0,0,1,0,0,0,0
2026-01-15,CPF,0.023696649043549955,7.919516498238189e-05,0.014130570738874153,0.62,0.7091921123853364,0.4897959183673469,1.0,0.0,1,0.004629659036123668,0,0,0,0,0,0,1,0,0,0,0,0,0,0
2026-01-15,CPN,0.022624477527378284,0.0019130427329812516,0.018305150650822045,0.6,0.2998494178860543,0.0204081632653061,0.0,0.0,1,0.03097342496428146,0,0,0,0,0,0,0,0,0,0,0,1,0,0
2026-01-15,CRC,0.05988027613162683,0.0038550396991769097,0.033194565856495724,0.9,0.1885120701342117,0.1224489795918367,1.0,0.0,1,0.028248575308763568,0,0,0,0,0,0,0,0,0,1,0,0,0,0
2026-01-15,DELTA,0.0281250203113943,0.0032328904268231094,0.020373091875236827,0.7,0.7549857549857552,0.5102040816326531,8.0,0.0,1,0.015197527415188539,0,0,0,0,0,0,0,0,0,0,0,1,0,0
2026-01-15,EGCO,0.026905840649506407,0.00010656062342335737,0.016399974271584464,0.66,0.2641362307564376,0.0,0.0,0.0,1,0.00873365080758437,0,0,0,0,0,0,0,0,0,0,0,0,0,1
2026-01-15,GPSC,0.013986032285171479,-0.005301842406230639,0.01761711877888747,0.44,0.3084218345695337,0.0408163265306122,0.0,0.0,1,0.06206893807891367,0,0,0,0,0,0,1,0,0,0,0,0,0,0
2026-01-15,GULF,0.0,0.0035157329428025185,0.005253765306872081,0.14,0.824860649548974,0.5306122448979591,1.0,0.0,1,0.04624275788734522,1,0,0,0,0,0,0,0,0,0,0,0,0,0
2026-01-15,HMPRO,0.04000002529026103,-0.004065327672629615,0.03481955243752876,0.8,0.3412017927251844,0.0816326530612244,2.0,0.0,1,0.05384614098590679,0,0,0,0,0,0,0,0,0,1,0,0,0,0
2026-01-15,IVL,0.05847948255320534,0.016580548113827098,0.029817574250448946,0.88,0.6190346064901138,0.4489795918367346,0.0,0.0,1,0.027624340683566784,0,0,0,0,0,0,1,0,0,0,0,0,0,0
2026-01-15,KBANK,-0.002604215302398627,-0.0030834803434018456,0.007140834491058925,0.06,0.8492309488143115,0.5510204081632653,6.0,0.0,1,0.013054819398061301,0,0,0,0,0,0,0,0,1,0,0,0,0,0
2026-01-15,KKP,0.007575784804556784,-0.0029371115658445744,0.010419921953371495,0.26,0.6442502814112808,0.4081632653061224,1.0,0.0,1,0.007518763352730717,0,0,0,0,0,0,0,0,1,0,0,0,0,0
2026-01-15,KTB,0.0,3.024784636012079e-05,0.008696052645583506,0.14,0.750245974679521,0.3673469387755101,1.0,0.0,0,0.0,0,0,0,0,0,0,0,0,1,0,0,0,0,0
2026-01-15,KTC,0.07862905202154247,0.006392219744935934,0.042213571867840284,0.98,0.3257950366470686,0.0408163265306122,11.0,0.0,1,0.018691564012197848,1,0,0,0,0,0,0,0,0,0,0,0,0,0
2026-01-15,LH,0.016304375104693403,-0.009270575781125712,0.014726745926807372,0.48,0.2735033172691258,0.0,1.0,0.0,1,0.037433150854553565,0,1,0,0,0,0,0,0,0,0,0,0,0,0
2026-01-15,MINT,-0.004444471721512744,-0.011964904683562549,0.014603281656736425,0.04,0.4943019943019943,0.2040816326530612,0.0,0.0,0,-0.004464313235443607,1,0,0,0,0,0,0,0,0,0,0,0,0,0
2026-01-15,MTC,0.06306304430363485,-0.00265420527231901,0.04217237567925189,0.92,0.2887361173649064,0.0,1.0,0.0,0,0.0,0,0,1,0,0,0,0,0,0,0,0,0,0,0
2026-01-15,OR,0.014814805195404901,-0.0014060335768945943,0.010899791605741121,0.46,0.6153782616814699,0.2857142857142857,5.0,0.0,1,0.036496398105815286,0,0,0,0,0,0,0,0,0,0,0,1,0,0
2026-01-15,OSP,0.011764747930046227,0.012073709014284483,0.007451568118420986,0.36,0.338970421015203,0.0612244897959183,0.0,0.0,1,0.029069699203490673,0,0,0,0,0,0,0,0,0,1,0,0,0,0
2026-01-15,PTT,0.0,0.007898823226219931,0.01471451308941811,0.14,0.7728921116235123,0.4285714285714285,4.0,0.0,1,0.007633569267669671,0,0,0,0,0,0,1,0,0,0,0,0,0,0
2026-01-15,PTTEP,0.013157908409707098,0.012621915131647432,0.009991095516769691,0.42,0.6813255353395934,0.4489795918367346,5.0,0.0,1,0.004329031561068897,0,0,0,0,0,0,1,0,0,0,0,0,0,0
2026-01-15,PTTGC,0.035555539816930715,0.011773495949835344,0.02387469309918641,0.78,0.6382595769495901,0.4693877551020408,2.0,0.0,1,0.012875562253903183,0,0,0,0,0,0,1,0,0,0,0,0,0,0
2026-01-15,RATCH,0.017241417793169234,5.895154658808188e-05,0.012166035714517224,0.5,0.2677087625191304,0.0,1.0,0.0,1,0.016949123241652764,0,0,0,1,0,0,0,0,0,0,0,0,0,0
2026-01-15,SAWAD,0.06880736350133887,0.002650322778856573,0.04832269884555676,0.96,0.3498375384972611,0.0816326530612244,0.0,0.0,1,0.004291857983627523,0,0,0,0,0,0,0,0,0,1,0,0,0,0
2026-01-15,SCB,-0.010676093820415344,-0.0021275746396408612,0.00647314827690962,0.02,0.7988495394135452,0.4693877551020408,18.0,0.0,1,0.003597022739469935,0,0,0,0,0,0,0,0,1,0,0,0,0,0
2026-01-15,SCC,0.029702968025880905,0.010195634016558652,0.027182680985538433,0.72,0.6673911126530135,0.4489795918367346,2.0,0.0,0,-0.004807729078878609,0,0,0,0,0,0,1,0,0,0,0,0,0,0
2026-01-15,SCGP,0.07894740068109996,0.023369251364085696,0.03253194336760231,1.0,0.5128534376254641,0.3469387755102041,0.0,0.0,1,0.009756120192264905,0,0,0,0,0,0,1,0,0,0,0,0,0,0
2026-01-15,TCAP,0.01304344677994429,2.615646342365441e-05,0.008101661425200022,0.4,0.3602260403234661,0.1020408163265306,0.0,0.0,1,0.01287557387555438,0,0,0,0,0,0,0,0,1,0,0,0,0,0
2026-01-15,TIDLOR,0.06451616203259936,0.0033838303645654434,0.048654570054506734,0.94,0.2781370028253271,0.0,1.0,0.0,1,0.0060606089727572865,0,0,0,0,1,0,0,0,0,0,0,0,0,0
2026-01-15,TISCO,0.0,0.000917390135370244,0.0049963376443878035,0.14,0.6406867342025374,0.4081632653061224,3.0,0.0,1,0.009049744815918137,0,0,0,0,0,0,0,0,1,0,0,0,0,0
2026-01-15,TLI,0.019999951449308995,0.005103549574153177,0.0179271307479521,0.56,0.299872962494744,0.0,0.0,0.0,1,0.02941174428976523,0,0,0,0,0,1,0,0,0,0,0,0,0,0
2026-01-15,TOP,0.032467516741383484,0.002671650273012793,0.018598496872051114,0.76,0.7386039040525615,0.5102040816326531,3.0,0.0,0,0.0,0,0,0,0,0,0,1,0,0,0,0,0,0,0
2026-01-15,TRUE,0.0,0.01411704704013177,0.0160394809722614,0.14,0.7259234069997916,0.5510204081632653,1.0,0.0,1,0.008403387400589768,1,0,0,0,0,0,0,0,0,0,0,0,0,0
2026-01-15,TTB,0.0,-0.001960783368385699,0.004384444900861434,0.14,0.389142793520201,0.2448979591836734,9.0,0.0,1,0.01980197055649935,0,0,0,0,0,0,0,0,1,0,0,0,0,0
2026-01-15,TU,0.008000006908875701,-0.011873702341872083,0.029915264226345828,0.3,0.2779194133981291,0.0,0.0,0.0,0,0.0,0,0,0,0,0,0,0,0,0,0,1,0,0,0
2026-01-15,WHA,0.012658223907332289,-0.001187007189145195,0.012052198437498213,0.38,0.2667685974671863,0.0204081632653061,0.0,0.0,1,0.012499996157134374,1,0,0,0,0,0,0,0,0,0,0,0,0,0
2026-01-16,ADVANC,0.008849517353925362,0.013409174881236297,0.0075325683442680575,0.46,0.8340338761433772,0.5306122448979591,0.0,0.0,0,-0.0058478949961627835,1,0,0,0,0,0,0,0,0,0,0,0,0,0
2026-01-16,AOT,0.019512195121951237,0.0019891099746294437,0.012681757137535828,0.74,0.5714144407022494,0.3877551020408163,0.0,0.0,0,-0.009569377990430672,0,0,0,0,0,0,1,0,0,0,0,0,0,0
2026-01-16,AWC,0.010100991148029204,-0.003755934617877843,0.02217163431596633,0.54,0.26474316484215,0.0,0.0,0.0,1,0.009999981424183124,0,0,0,0,0,0,0,1,0,0,0,0,0,0
2026-01-16,BANPU,0.009523883598935745,0.011863193706148212,0.01902012619017403,0.5,0.5168610876183813,0.3469387755102041,0.0,0.0,0,0.0,0,0,0,0,0,0,1,0,0,0,0,0,0,0
2026-01-16,BBL,-0.005847960340397251,-0.0023272692465025947,0.004789896032680453,0.06,0.8021884428957072,0.4897959183673469,2.0,0.0,0,-0.0029411800746290684,0,0,0,0,0,0,0,0,1,0,0,0,0,0
2026-01-16,BDMS,0.021621572591510096,0.0004348623988046585,0.03282313180651199,0.78,0.6121736045413307,0.4081632653061224,2.0,0.0,1,0.03174611796214166,0,0,0,0,0,0,1,0,0,0,0,0,0,0
2026-01-16,BEM,-0.0094339980302377,0.002035505452839881,0.01739795448656634,0.02,0.3153698175379232,0.0204081632653061,0.0,0.0,0,-0.00952384597440048,0,0,0,0,0,0,0,0,0,1,0,0,0,0
2026-01-16,BH,0.003496490916004902,-0.00497825825714473,0.03513031082608887,0.2,0.5733025950300475,0.4693877551020408,3.0,0.0,1,0.04529611688505075,0,0,0,0,0,0,1,0,0,0,0,0,0,0
2026-01-16,BJC,-0.0071941868813508725,-0.00388990123610109,0.03178645098965797,0.04,0.3859487784668349,0.1020408163265306,1.0,0.0,1,0.028985485670697475,0,0,0,0,0,0,0,0,0,1,0,0,0,0
2026-01-16,BTS,0.01869157004308586,0.0007766350814490952,0.04375497635684249,0.72,0.3820598396963626,0.0816326530612244,1.0,0.0,1,0.018348605792718242,0,0,0,0,0,0,0,0,0,1,0,0,0,0
2026-01-16,CBG,0.04191620379084804,0.002046508655571944,0.04702934648741429,0.94,0.4037334379706352,0.1428571428571428,0.0,0.0,1,0.01724138084624971,0,0,0,0,0,0,0,0,0,1,0,0,0,0
2026-01-16,CCET,0.004065042656691276,0.021738535348657974,0.020771687088570398,0.24,0.2944691120222417,0.0408163265306122,0.0,0.0,1,0.02226721742313109,0,0,0,0,0,0,0,0,0,0,0,1,0,0
2026-01-16,CENTEL,0.007633533228573297,0.0020409163747900473,0.036126856698523245,0.38,0.2958173008031775,0.0,0.0,0.0,1,0.007575822056783865,0,0,0,0,0,0,0,0,0,0,0,0,1,0
2026-01-16,COM7,0.015624910240532808,0.0034171759840790905,0.027751606086553252,0.66,0.5390811125917591,0.3469387755102041,0.0,0.0,1,0.015384631206231791,0,0,0,0,0,0,1,0,0,0,0,0,0,0
2026-01-16,CPALL,0.0059172140901646575,-0.001034254865381712,0.018539676230216733,0.32,0.4825031688955927,0.183673469387755,4.0,0.0,1,0.02352934711805843,0,0,0,0,0,0,0,0,0,1,0,0,0,0
2026-01-16,CPF,0.004629659036123668,0.0010051269722071154,0.014275029059826453,0.3,0.7091921123853364,0.4897959183673469,1.0,0.0,0,-0.004608324066965763,0,0,0,0,0,0,1,0,0,0,0,0,0,0
2026-01-16,CPN,0.03097342496428146,0.01078630698421379,0.01972862206942376,0.88,0.2998494178860543,0.0204081632653061,0.0,0.0,0,-0.017167387226626807,0,0,0,0,0,0,0,0,0,0,0,1,0,0
2026-01-16,CRC,0.028248575308763568,0.009504754760929624,0.03474227848264954,0.82,0.1885120701342117,0.1224489795918367,1.0,0.0,1,0.016483420652500413,0,0,0,0,0,0,0,0,0,1,0,0,0,0
2026-01-16,DELTA,0.015197527415188539,0.002568683115498116,0.019796125605813744,0.64,0.7549857549857552,0.5102040816326531,8.0,0.0,1,0.0059880996261387764,0,0,0,0,0,0,0,0,0,0,0,1,0,0
2026-01-16,EGCO,0.00873365080758437,0.0036000072306916265,0.0158988548160241,0.44,0.2641362307564376,0.0,0.0,0.0,0,0.0,0,0,0,0,0,0,0,0,0,0,0,0,0,1
2026-01-16,GPSC,0.06206893807891367,0.008454228774253902,0.03475679496510516,1.0,0.3084218345695337,0.0408163265306122,0.0,0.0,1,0.012987030080231055,0,0,0,0,0,0,1,0,0,0,0,0,0,0
2026-01-16,GULF,0.04624275788734522,0.010411348915735853,0.020187955363586647,0.96,0.824860649548974,0.5306122448979591,1.0,0.0,1,0.005524804369880121,1,0,0,0,0,0,0,0,0,0,0,0,0,0
2026-01-16,HMPRO,0.05384614098590679,0.006703900524551743,0.043608871978896756,0.98,0.3412017927251844,0.0816326530612244,2.0,0.0,0,-0.014598505933426043,0,0,0,0,0,0,0,0,0,1,0,0,0,0
2026-01-16,IVL,0.027624340683566784,0.0209078240825616,0.02946390503371779,0.8,0.6190346064901138,0.4489795918367346,0.0,0.0,1,0.032258037679977036,0,0,0,0,0,0,1,0,0,0,0,0,0,0
2026-01-16,KBANK,0.013054819398061301,0.002612323808628458,0.006121814835234143,0.62,0.8492309488143115,0.5510204081632653,8.0,0.0,0,-0.012886587327839094,0,0,0,0,0,0,0,0,1,0,0,0,0,0
2026-01-16,KKP,0.007518763352730717,0.0015295910075035168,0.008700416250801443,0.36,0.6442502814112808,0.4081632653061224,2.0,0.0,1,0.011194040150873219,0,0,0,0,0,0,0,0,1,0,0,0,0,0
2026-01-16,KTB,0.0,0.0017693798828433138,0.007266737047378611,0.15,0.750245974679521,0.3673469387755101,2.0,0.0,1,0.008695589337967213,0,0,0,0,0,0,0,0,1,0,0,0,0,0
2026-01-16,KTC,0.018691564012197848,0.010130532547375504,0.04233344151630578,0.7,0.3257950366470686,0.0408163265306122,11.0,0.0,1,0.009174337162819679,1,0,0,0,0,0,0,0,0,0,0,0,0,0
2026-01-16,LH,0.037433150854553565,0.0012772838800299223,0.02477918189473341,0.92,0.2735033172691258,0.0,1.0,0.0,0,-0.005154647682062086,0,1,0,0,0,0,0,0,0,0,0,0,0,0
2026-01-16,MINT,-0.004464313235443607,-0.013698108684186616,0.012578780806394312,0.1,0.4943019943019943,0.2040816326530612,0.0,0.0,1,0.008968665402548037,1,0,0,0,0,0,0,0,0,0,0,0,0,0
2026-01-16,MTC,0.0,-0.000987542671914965,0.04205633365389793,0.15,0.2887361173649064,0.0,1.0,0.0,1,0.03389828627169589,0,0,1,0,0,0,0,0,0,0,0,0,0,0
2026-01-16,OR,0.036496398105815286,0.0058932460442684634,0.020269692957083994,0.9,0.6153782616814699,0.2857142857142857,5.0,0.0,0,0.0,0,0,0,0,0,0,0,0,0,0,0,1,0,0
2026-01-16,OSP,0.029069699203490673,0.014183956129592534,0.01057315676311546,0.84,0.338970421015203,0.0612244897959183,0.0,0.0,0,-0.016949158172838596,0,0,0,0,0,0,0,0,0,1,0,0,0,0
2026-01-16,PTT,0.007633569267669671,0.007838226684760552,0.01471494273123827,0.4,0.7728921116235123,0.4285714285714285,4.0,0.0,1,0.007575799525614935,0,0,0,0,0,0,1,0,0,0,0,0,0,0
2026-01-16,PTTEP,0.004329031561068897,0.00795777658332284,0.005776112142801356,0.28,0.6813255353395934,0.4489795918367346,6.0,0.0,1,0.004310303743961574,0,0,0,0,0,0,1,0,0,0,0,0,0,0
2026-01-16,PTTGC,0.012875562253903183,0.01253042288848898,0.023828331704847088,0.58,0.6382595769495901,0.4693877551020408,2.0,0.0,1,0.01271180718415188,0,0,0,0,0,0,1,0,0,0,0,0,0,0
2026-01-16,RATCH,0.016949123241652764,0.005143688519083911,0.012992632552148855,0.68,0.2677087625191304,0.0,1.0,0.0,0,0.0,0,0,0,1,0,0,0,0,0,0,0,0,0,0
2026-01-16,SAWAD,0.004291857983627523,0.007837711048800244,0.046417172974122144,0.26,0.3498375384972611,0.0816326530612244,0.0,0.0,1,0.017093983835365423,0,0,0,0,0,0,0,0,0,1,0,0,0,0
2026-01-16,SCB,0.003597022739469935,1.532455489035023e-05,0.006174917749429472,0.22,0.7988495394135452,0.4693877551020408,19.0,0.0,0,-0.0035841305404149537,0,0,0,0,0,0,0,0,1,0,0,0,0,0
2026-01-16,SCC,-0.004807729078878609,0.00822399507014635,0.02799457058188787,0.08,0.6673911126530135,0.4489795918367346,2.0,0.0,1,0.009661835388332873,0,0,0,0,0,0,1,0,0,0,0,0,0,0
2026-01-16,SCGP,0.009756120192264905,0.02204176844707546,0.03301952082109548,0.52,0.5128534376254641,0.3469387755102041,0.0,0.0,1,0.009661764177752774,0,0,0,0,0,0,1,0,0,0,0,0,0,0
2026-01-16,TCAP,0.01287557387555438,0.00431800534589577,0.008084340481784705,0.6,0.3602260403234661,0.1020408163265306,0.0,0.0,0,-0.004237277883976653,0,0,0,0,0,0,0,0,1,0,0,0,0,0
2026-01-16,TIDLOR,0.0060606089727572865,0.007049929071983607,0.04786437532950521,0.34,0.2781370028253271,0.0,1.0,0.0,1,0.01807229778813868,0,0,0,0,1,0,0,0,0,0,0,0,0,0
2026-01-16,TISCO,0.009049744815918137,0.003636427087302385,0.004979468592982941,0.48,0.6406867342025374,0.4081632653061224,3.0,0.0,0,-0.004484290721251338,0,0,0,0,0,0,0,0,1,0,0,0,0,0
2026-01-16,TLI,0.02941174428976523,0.00596077985344603,0.01918241356240316,0.86,0.299872962494744,0.0,0.0,0.0,1,0.02857150563602273,0,0,0,0,0,1,0,0,0,0,0,0,0,0
2026-01-16,TOP,0.0,0.001397761518243512,0.018499773101362787,0.15,0.7386039040525615,0.5102040816326531,4.0,0.0,0,0.0,0,0,0,0,0,0,1,0,0,0,0,0,0,0
2026-01-16,TRUE,0.008403387400589768,0.015797724520249724,0.01456272042597555,0.42,0.7259234069997916,0.5510204081632653,1.0,0.0,1,0.024999995954169574,1,0,0,0,0,0,0,0,0,0,0,0,0,0
2026-01-16,TTB,0.01980197055649935,0.001999610742914171,0.010819457099919888,0.76,0.389142793520201,0.2448979591836734,9.0,0.0,0,-0.009708733228713795,0,0,0,0,0,0,0,0,1,0,0,0,0,0
2026-01-16,TU,0.0,-0.002918485238420576,0.023649157261740245,0.15,0.2779194133981291,0.0,0.0,0.0,0,0.0,0,0,0,0,0,0,0,0,0,0,1,0,0,0
2026-01-16,WHA,0.012499996157134374,0.00131299204228168,0.013561867888086512,0.56,0.2667685974671863,0.0204081632653061,0.0,0.0,1,0.0061728755861176765,1,0,0,0,0,0,0,0,0,0,0,0,0,0
2026-01-19,ADVANC,-0.0058478949961627835,0.007864609054251325,0.009649001928335347,0.16,0.8340338761433772,0.5306122448979591,0.0,0.0,1,0.005882294034010194,1,0,0,0,0,0,0,0,0,0,0,0,0,0
2026-01-19,AOT,-0.009569377990430672,0.002973785101180981,0.011184886535397724,0.12,0.5714144407022494,0.3877551020408163,0.0,0.0,1,0.024154589371980784,0,0,0,0,0,0,1,0,0,0,0,0,0,0
2026-01-19,AWC,0.009999981424183124,0.003146013524024549,0.01927851796706068,0.64,0.26474316484215,0.0,0.0,0.0,1,0.019801943778419373,0,0,0,0,0,0,0,1,0,0,0,0,0,0
2026-01-19,BANPU,0.0,0.012663184181514974,0.018254840718400934,0.35,0.5168610876183813,0.3469387755102041,0.0,0.0,1,0.03773576849112903,0,0,0,0,0,0,1,0,0,0,0,0,0,0
2026-01-19,BBL,-0.0029411800746290684,-0.0011713171024889002,0.00333875500216757,0.28,0.8021884428957072,0.4897959183673469,2.0,0.0,1,0.005899712265419188,0,0,0,0,0,0,0,0,1,0,0,0,0,0
2026-01-19,BDMS,0.03174611796214166,0.01524967566615083,0.024309335682667615,0.94,0.6121736045413307,0.4081632653061224,2.0,0.0,1,0.03076921052120052,0,0,0,0,0,0,1,0,0,0,0,0,0,0
2026-01-19,BEM,-0.00952384597440048,0.0020538017626907214,0.017382680344699687,0.14,0.3153698175379232,0.0204081632653061,0.0,0.0,1,0.009615421770319932,0,0,0,0,0,0,0,0,0,1,0,0,0,0
2026-01-19,BH,0.04529611688505075,0.016284354654759282,0.022711448104810326,1.0,0.5733025950300475,0.4693877551020408,3.0,0.0,1,0.0333334298053205,0,0,0,0,0,0,1,0,0,0,0,0,0,0
2026-01-19,BJC,0.028985485670697475,0.010417848367795312,0.025514167359403796,0.92,0.3859487784668349,0.1020408163265306,1.0,0.0,1,0.021126796951359994,0,0,0,0,0,0,0,0,0,1,0,0,0,0
2026-01-19,BTS,0.018348605792718242,0.01729040216815898,0.02438570809886483,0.82,0.3820598396963626,0.0816326530612244,2.0,0.0,1,0.054054001807470664,0,0,0,0,0,0,0,0,0,1,0,0,0,0
2026-01-19,CBG,0.01724138084624971,0.012431201838439621,0.04239611717361298,0.78,0.4037334379706352,0.1428571428571428,0.0,0.0,0,0.0,0,0,0,0,0,0,0,0,0,1,0,0,0,0
2026-01-19,CCET,0.02226721742313109,0.024390176046072652,0.019550797524800746,0.84,0.2944691120222417,0.0408163265306122,0.0,0.0,1,0.00990089869163202,0,0,0,0,0,0,0,0,0,0,0,1,0,0
2026-01-19,CENTEL,0.007575822056783865,0.006609517901099138,0.034811288714812254,0.52,0.2958173008031775,0.0,0.0,0.0,1,0.022556346869785138,0,0,0,0,0,0,0,0,0,0,0,0,1,0
2026-01-19,COM7,0.015384631206231791,0.01482745731852959,0.011622083150360831,0.72,0.5390811125917591,0.3469387755102041,0.0,0.0,1,0.015151530497320431,0,0,0,0,0,0,1,0,0,0,0,0,0,0
2026-01-19,CPALL,0.02352934711805843,0.008349982979141291,0.016109528349052573,0.86,0.4825031688955927,0.183673469387755,4.0,0.0,1,0.017241446771392832,0,0,0,0,0,0,0,0,0,1,0,0,0,0
2026-01-19,CPF,-0.004608324066965763,0.002861239688086159,0.012324358073307413,0.2,0.7091921123853364,0.4897959183673469,0.0,0.0,0,-0.013888887646360981,0,0,0,0,0,0,1,0,0,0,0,0,0,0
2026-01-19,CPN,-0.017167387226626807,0.007352829538888428,0.023254004385644587,0.02,0.2998494178860543,0.0204081632653061,0.0,0.0,0,0.0,0,0,0,0,0,0,0,0,0,0,0,1,0,0
2026-01-19,CRC,0.016483420652500413,0.018548551972077297,0.027411366292334878,0.74,0.1885120701342117,0.1224489795918367,1.0,0.0,1,0.04864869827188523,0,0,0,0,0,0,0,0,0,1,0,0,0,0
2026-01-19,DELTA,0.0059880996261387764,0.00740267544018387,0.01606094824274397,0.46,0.7549857549857552,0.5102040816326531,7.0,0.0,1,0.02083327643867472,0,0,0,0,0,0,0,0,0,0,0,1,0,0
2026-01-19,EGCO,0.0,0.0053621270101997355,0.014615966567835158,0.35,0.2641362307564376,0.0,0.0,0.0,1,0.008657966572013231,0,0,0,0,0,0,0,0,0,0,0,0,0,1
2026-01-19,GPSC,0.012987030080231055,0.011051634790300113,0.034450975669915784,0.7,0.3084218345695337,0.0408163265306122,0.0,0.0,0,-0.0064102647391263146,0,0,0,0,0,0,1,0,0,0,0,0,0,0
2026-01-19,GULF,0.005524804369880121,0.011516309789711876,0.01961881498547387,0.44,0.824860649548974,0.5306122448979591,1.0,0.0,1,0.005494537093588825,1,0,0,0,0,0,0,0,0,0,0,0,0,0
2026-01-19,HMPRO,-0.014598505933426043,0.009799237713727881,0.040804779690506464,0.06,0.3412017927251844,0.0816326530612244,2.0,0.0,1,0.0074074263794388084,0,0,0,0,0,0,0,0,0,1,0,0,0,0
2026-01-19,IVL,0.032258037679977036,0.032121332542732174,0.015596159797750394,0.96,0.6190346064901138,0.4489795918367346,0.0,0.0,0,0.0,0,0,0,0,0,0,1,0,0,0,0,0,0,0
2026-01-19,KBANK,-0.012886587327839094,3.5006343060639544e-05,0.009355287965249353,0.08,0.8492309488143115,0.5510204081632653,6.0,0.0,1,0.0026110149474796174,0,0,0,0,0,0,0,0,1,0,0,0,0,0
2026-01-19,KKP,0.011194040150873219,0.0045202874650777545,0.008992988253123207,0.66,0.6442502814112808,0.4081632653061224,2.0,0.0,1,0.018450161727332492,0,0,0,0,0,0,0,0,1,0,0,0,0,0
2026-01-19,KTB,0.008695589337967213,0.00175411015560063,0.007248400875948826,0.54,0.750245974679521,0.3673469387755101,2.0,0.0,0,0.0,0,0,0,0,0,0,0,0,1,0,0,0,0,0
2026-01-19,KTC,0.009174337162819679,0.017734630899014014,0.03660977223618282,0.58,0.3257950366470686,0.0408163265306122,11.0,0.0,1,0.009090933870367968,1,0,0,0,0,0,0,0,0,0,0,0,0,0
2026-01-19,LH,-0.005154647682062086,0.004391438939973691,0.02216298855736138,0.18,0.2735033172691258,0.0,1.0,0.0,1,0.02072542298178104,0,1,0,0,0,0,0,0,0,0,0,0,0,0
2026-01-19,MINT,0.008968665402548037,-0.008557107118116547,0.015853274141386396,0.56,0.4943019943019943,0.2040816326530612,0.0,0.0,1,0.013333328723124538,1,0,0,0,0,0,0,0,0,0,0,0,0,0
2026-01-19,MTC,0.03389828627169589,0.012514800067228738,0.039736466908969405,0.98,0.2887361173649064,0.0,1.0,0.0,1,0.04098363192155152,0,0,1,0,0,0,0,0,0,0,0,0,0,0
2026-01-19,OR,0.0,0.007342534499167242,0.01933273496556031,0.35,0.6153782616814699,0.2857142857142857,5.0,0.0,1,0.021126746072725355,0,0,0,0,0,0,0,0,0,0,0,1,0,0
2026-01-19,OSP,-0.016949158172838596,0.010794124495024815,0.01701321528899015,0.04,0.338970421015203,0.0612244897959183,0.0,0.0,0,-0.011494181663309733,0,0,0,0,0,0,0,0,0,1,0,0,0,0
2026-01-19,PTT,0.007575799525614935,0.007778587282456928,0.014715365800537127,0.5,0.7728921116235123,0.4285714285714285,4.0,0.0,1,0.015037616891391936,0,0,0,0,0,0,1,0,0,0,0,0,0,0
2026-01-19,PTTEP,0.004310303743961574,0.008819837332115155,0.004464190638727922,0.42,0.6813255353395934,0.4489795918367346,6.0,0.0,1,0.008583677312899551,0,0,0,0,0,0,1,0,0,0,0,0,0,0
2026-01-19,PTTGC,0.01271180718415188,0.01687458975480851,0.020693499166072212,0.68,0.6382595769495901,0.4693877551020408,2.0,0.0,1,0.008368217847519954,0,0,0,0,0,0,1,0,0,0,0,0,0,0
2026-01-19,RATCH,0.0,0.006853100659790101,0.01117636424012176,0.35,0.2677087625191304,0.0,1.0,0.0,1,0.02500002288367531,0,0,0,1,0,0,0,0,0,0,0,0,0,0
2026-01-19,SAWAD,0.017093983835365423,0.013911382810387018,0.04492695948432982,0.76,0.3498375384972611,0.0816326530612244,0.0,0.0,1,0.029411769494196438,0,0,0,0,0,0,0,0,0,1,0,0,0,0
2026-01-19,SCB,-0.0035841305404149537,-0.0007015015531926406,0.006381713732295312,0.26,0.7988495394135452,0.4693877551020408,19.0,0.0,1,0.003597022739469935,0,0,0,0,0,0,0,0,1,0,0,0,0,0
2026-01-19,SCC,0.009661835388332873,0.015181479819471044,0.021110563872159514,0.62,0.6673911126530135,0.4489795918367346,2.0,0.0,1,0.009569377636836851,0,0,0,0,0,0,1,0,0,0,0,0,0,0
2026-01-19,SCGP,0.009661764177752774,0.023974121282626014,0.03166192521407885,0.6,0.5128534376254641,0.3469387755102041,0.0,0.0,0,0.0,0,0,0,0,0,0,1,0,0,0,0,0,0,0
2026-01-19,TCAP,-0.004237277883976653,0.0034705497691004394,0.008837180550161857,0.24,0.3602260403234661,0.1020408163265306,0.0,0.0,1,0.004255308809886227,0,0,0,0,0,0,0,0,1,0,0,0,0,0
2026-01-19,TIDLOR,0.01807229778813868,0.014391098539336688,0.04570662259195194,0.8,0.2781370028253271,0.0,1.0,0.0,1,0.029585695413202107,0,0,0,0,1,0,0,0,0,0,0,0,0,0
2026-01-19,TISCO,-0.004484290721251338,0.0027395689430521177,0.006080318926346894,0.22,0.6406867342025374,0.4081632653061224,3.0,0.0,0,-0.004504490164700892,0,0,0,0,0,0,0,0,1,0,0,0,0,0
2026-01-19,TLI,0.02857150563602273,0.011675080980650576,0.021120533832079447,0.9,0.299872962494744,0.0,0.0,0.0,1,0.01851847342542734,0,0,0,0,0,1,0,0,0,0,0,0,0,0
2026-01-19,TOP,0.0,0.003929413810849413,0.016891581170557626,0.35,0.7386039040525615,0.5102040816326531,4.0,0.0,0,-0.006289324772814631,0,0,0,0,0,0,1,0,0,0,0,0,0,0
2026-01-19,TRUE,0.024999995954169574,0.018995934045787078,0.014454609137821692,0.88,0.7259234069997916,0.5510204081632653,1.0,0.0,0,0.0,1,0,0,0,0,0,0,0,0,0,0,0,0,0
2026-01-19,TTB,-0.009708733228713795,5.786409717141172e-05,0.01206728618001517,0.1,0.389142793520201,0.2448979591836734,9.0,0.0,0,0.0,0,0,0,0,0,0,0,0,1,0,0,0,0,0
2026-01-19,TU,0.0,-0.0013559839206571667,0.023502604196294748,0.35,0.2779194133981291,0.0,0.0,0.0,0,-0.03968249579391514,0,0,0,0,0,0,0,0,0,0,1,0,0,0
2026-01-19,WHA,0.0061728755861176765,0.006274281591126996,0.007719749302561328,0.48,0.2667685974671863,0.0204081632653061,0.0,0.0,1,0.018404864005755472,1,0,0,0,0,0,0,0,0,0,0,0,0,0
2026-01-20,ADVANC,0.005882294034010194,0.005982964314160654,0.008710560707054754,0.36,0.8340338761433772,0.5306122448979591,0.0,0.0,1,0.020467871805227578,1,0,0,0,0,0,0,0,0,0,0,0,0,0
2026-01-20,AOT,0.024154589371980784,0.00878509513243988,0.013399153164910072,0.82,0.5714144407022494,0.3877551020408163,0.0,0.0,0,0.0,0,0,0,0,0,0,1,0,0,0,0,0,0,0
2026-01-20,AWC,0.019801943778419373,0.008111425529038829,0.019836967315075244,0.7,0.26474316484215,0.0,0.0,0.0,1,0.0291261610637632,0,0,0,0,0,0,0,1,0,0,0,0,0,0
2026-01-20,BANPU,0.03773576849112903,0.01137500333833592,0.01549350117071981,0.94,0.5168610876183813,0.3469387755102041,0.0,0.0,1,0.02727276061317241,0,0,0,0,0,0,1,0,0,0,0,0,0,0
2026-01-20,BBL,0.005899712265419188,8.62535059493741e-06,0.004643686344443497,0.38,0.8021884428957072,0.4897959183673469,4.0,0.0,0,-0.05865109805163615,0,0,0,0,0,0,0,0,1,0,0,0,0,0
2026-01-20,BDMS,0.03076921052120052,0.026928372297105117,0.0045960839214226725,0.9,0.6121736045413307,0.4081632653061224,2.0,0.0,1,0.014925314496680997,0,0,0,0,0,0,1,0,0,0,0,0,0,0
2026-01-20,BEM,0.009615421770319932,0.005918641080768361,0.016223172303573594,0.52,0.3153698175379232,0.0204081632653061,0.0,0.0,0,0.0,0,0,0,0,0,0,0,0,0,1,0,0,0,0
2026-01-20,BH,0.0333334298053205,0.02583914008296371,0.015438784852025968,0.92,0.5733025950300475,0.4693877551020408,3.0,0.0,1,0.0645161022623717,0,0,0,0,0,0,1,0,0,0,0,0,0,0
2026-01-20,BJC,0.021126796951359994,0.01760616138085369,0.021351395560698386,0.78,0.3859487784668349,0.1020408163265306,1.0,0.0,0,0.0,0,0,0,0,0,0,0,0,0,1,0,0,0,0
2026-01-20,BTS,0.054054001807470664,0.0320227674905361,0.017913132073232516,1.0,0.3820598396963626,0.0816326530612244,2.0,0.0,1,0.02564110401662978,0,0,0,0,0,0,0,0,0,1,0,0,0,0
2026-01-20,CBG,0.0,0.024407238849199285,0.01869621484451172,0.2,0.4037334379706352,0.1428571428571428,0.0,0.0,1,0.016949154026654423,0,0,0,0,0,0,0,0,0,1,0,0,0,0
2026-01-20,CCET,0.00990089869163202,0.02369178290399008,0.020096605841388476,0.54,0.2944691120222417,0.0408163265306122,0.0,0.0,1,0.05882356302071612,0,0,0,0,0,0,0,0,0,0,0,1,0,0
2026-01-20,CENTEL,0.022556346869785138,0.00026807897284595315,0.02563995630592466,0.8,0.2958173008031775,0.0,0.0,0.0,1,0.007353003607601494,0,0,0,0,0,0,0,0,0,0,0,0,1,0
2026-01-20,COM7,0.015151530497320431,0.017857763417993677,0.008285967424292611,0.6,0.5390811125917591,0.3469387755102041,0.0,0.0,1,0.02487561345223477,0,0,0,0,0,0,1,0,0,0,0,0,0,0
2026-01-20,CPALL,0.017241446771392832,0.015391081822344522,0.0066485370786180395,0.62,0.4825031688955927,0.183673469387755,4.0,0.0,1,0.0056496796108636005,0,0,0,0,0,0,0,0,0,1,0,0,0,0
2026-01-20,CPF,-0.013888887646360981,0.0010224171135073679,0.014266449072469644,0.04,0.7091921123853364,0.4897959183673469,0.0,0.0,0,0.0,0,0,0,0,0,0,1,0,0,0,0,0,0,0
2026-01-20,CPN,0.0,0.010972740208802434,0.0193888912853906,0.2,0.2998494178860543,0.0204081632653061,0.0,0.0,1,0.008733627172883285,0,0,0,0,0,0,0,0,0,0,0,1,0,0
2026-01-20,CRC,0.04864869827188523,0.029461732711109433,0.026064774894375572,0.98,0.1885120701342117,0.1224489795918367,1.0,0.0,1,0.020618507277518683,0,0,0,0,0,0,0,0,0,1,0,0,0,0
2026-01-20,DELTA,0.02083327643867472,0.01465574232272151,0.010340905798028321,0.74,0.7549857549857552,0.5102040816326531,7.0,0.0,1,0.0874635903889327,0,0,0,0,0,0,0,0,0,0,0,1,0,0
2026-01-20,EGCO,0.008657966572013231,0.009760381035172605,0.010236285422294423,0.46,0.2641362307564376,0.0,0.0,0.0,1,0.03004294217563852,0,0,0,0,0,0,0,0,0,0,0,0,0,1
2026-01-20,GPSC,-0.0064102647391263146,0.016526347141037977,0.02689012768901405,0.08,0.3084218345695337,0.0408163265306122,0.0,0.0,1,0.006451621339911728,0,0,0,0,0,0,1,0,0,0,0,0,0,0
2026-01-20,GULF,0.005494537093588825,0.012615217208429641,0.018955144244990667,0.34,0.824860649548974,0.5306122448979591,1.0,0.0,1,0.016393448393045684,1,0,0,0,0,0,0,0,0,0,0,0,0,0
2026-01-20,HMPRO,0.0074074263794388084,0.020583042159540033,0.026988325140674407,0.4,0.3412017927251844,0.0816326530612244,2.0,0.0,1,0.022058734332057517,0,0,0,0,0,0,0,0,0,1,0,0,0,0
2026-01-20,IVL,0.0,0.028462787183782413,0.02089608634659864,0.2,0.6190346064901138,0.4489795918367346,0.0,0.0,1,0.020833417283667943,0,0,0,0,0,0,1,0,0,0,0,0,0,0
2026-01-20,KBANK,0.0026110149474796174,0.000557209332556563,0.009425454454902312,0.28,0.8492309488143115,0.5510204081632653,7.0,0.0,0,-0.01562503714001351,0,0,0,0,0,0,0,0,1,0,0,0,0,0
2026-01-20,KKP,0.018450161727332492,0.010474460723114287,0.004725960841009265,0.66,0.6442502814112808,0.4081632653061224,2.0,0.0,0,0.0,0,0,0,0,0,0,0,0,1,0,0,0,0,0
2026-01-20,KTB,0.0,1.4992288007187326e-05,0.006122241734970567,0.2,0.750245974679521,0.3673469387755101,2.0,0.0,0,-0.04310342042455728,0,0,0,0,0,0,0,0,1,0,0,0,0,0
2026-01-20,KTC,0.009090933870367968,0.023117177413385592,0.03172812817608098,0.48,0.3257950366470686,0.0408163265306122,8.0,0.0,1,0.009008960339023542,1,0,0,0,0,0,0,0,0,0,0,0,0,0
2026-01-20,LH,0.02072542298178104,0.011711119058034814,0.019704416501435642,0.72,0.2735033172691258,0.0,1.0,0.0,1,0.015228388637759105,0,1,0,0,0,0,0,0,0,0,0,0,0,0
2026-01-20,MINT,0.013333328723124538,-0.004188303289294137,0.018635061016427173,0.56,0.4943019943019943,0.2040816326530612,0.0,0.0,1,0.02192978864391848,1,0,0,0,0,0,0,0,0,0,0,0,0,0
2026-01-20,MTC,0.04098363192155152,0.029407183868588226,0.02532011372137476,0.96,0.2887361173649064,0.0,0.0,0.0,1,0.03149604531797401,0,0,1,0,0,0,0,0,0,0,0,0,0,0
2026-01-20,OR,0.021126746072725355,0.011567883713712312,0.019633150287863013,0.76,0.6153782616814699,0.2857142857142857,5.0,0.0,1,0.07586208517896953,0,0,0,0,0,0,0,0,0,0,0,1,0,0
2026-01-20,OSP,-0.011494181663309733,0.006071036955172815,0.019629490006195533,0.06,0.338970421015203,0.0612244897959183,0.0,0.0,1,0.029069699203490673,0,0,0,0,0,0,0,0,0,1,0,0,0,0
2026-01-20,PTT,0.015037616891391936,0.012348606878355105,0.01195151313608502,0.58,0.7728921116235123,0.4285714285714285,4.0,0.0,0,-0.007407506800866659,0,0,0,0,0,0,1,0,0,0,0,0,0,0
2026-01-20,PTTEP,0.008583677312899551,0.0087428536801752,0.0044643029232697105,0.44,0.6813255353395934,0.4489795918367346,6.0,0.0,1,0.008510692067723591,0,0,0,0,0,0,1,0,0,0,0,0,0,0
2026-01-20,PTTGC,0.008368217847519954,0.021275493925808676,0.013761246575133352,0.42,0.6382595769495901,0.4693877551020408,2.0,0.0,1,0.058091322777442,0,0,0,0,0,0,1,0,0,0,0,0,0,0
2026-01-20,RATCH,0.02500002288367531,0.013577240252194178,0.00953214633262687,0.84,0.2677087625191304,0.0,0.0,0.0,0,0.0,0,0,0,1,0,0,0,0,0,0,0,0,0,0
2026-01-20,SAWAD,0.029411769494196438,0.03055604821161495,0.024199006507902323,0.86,0.3498375384972611,0.0816326530612244,0.0,0.0,1,0.020408143899856235,0,0,0,0,0,0,0,0,0,1,0,0,0,0
2026-01-20,SCB,0.003597022739469935,-0.0006989464856055783,0.0063838608027133315,0.3,0.7988495394135452,0.4693877551020408,20.0,0.0,0,-0.014336872745018603,0,0,0,0,0,0,0,0,1,0,0,0,0,0
2026-01-20,SCC,0.009569377636836851,0.01761081524257131,0.01916531191867809,0.5,0.6673911126530135,0.4489795918367346,2.0,0.0,0,0.0,0,0,0,0,0,0,1,0,0,0,0,0,0,0
2026-01-20,SCGP,0.0,0.019673057010223528,0.033489094426010696,0.2,0.5128534376254641,0.3469387755102041,0.0,0.0,1,0.0047847467611412675,0,0,0,0,0,0,1,0,0,0,0,0,0,0
2026-01-20,TCAP,0.004255308809886227,0.004321611531077685,0.008621668062843596,0.32,0.3602260403234661,0.1020408163265306,0.0,0.0,1,0.004237277883976764,0,0,0,0,0,0,0,0,1,0,0,0,0,0
2026-01-20,TIDLOR,0.029585695413202107,0.031700648401899165,0.022348837911698664,0.88,0.2781370028253271,0.0,0.0,0.0,0,0.0,0,0,0,0,1,0,0,0,0,0,0,0,0,0
2026-01-20,TISCO,-0.004504490164700892,0.001838670910111939,0.006870119740922919,0.12,0.6406867342025374,0.4081632653061224,3.0,0.0,1,0.0045248724079589575,0,0,0,0,0,0,0,0,1,0,0,0,0,0
2026-01-20,TLI,0.01851847342542734,0.01930033496010486,0.011851148726996495,0.68,0.299872962494744,0.0,0.0,0.0,1,0.0454545747120223,0,0,0,0,0,1,0,0,0,0,0,0,0,0
2026-01-20,TOP,-0.006289324772814631,0.005235638393713771,0.015464764001604648,0.1,0.7386039040525615,0.5102040816326531,3.0,0.0,1,0.06329111060556758,0,0,0,0,0,0,1,0,0,0,0,0,0,0
2026-01-20,TRUE,0.0,0.011853072568111678,0.012864505955459083,0.2,0.7259234069997916,0.5510204081632653,1.0,0.0,1,0.008130027388496552,1,0,0,0,0,0,0,0,0,0,0,0,0,0
2026-01-20,TTB,0.0,5.786409717141172e-05,0.01206728618001517,0.2,0.389142793520201,0.2448979591836734,11.0,0.0,0,-0.009803916841928495,0,0,0,0,0,0,0,0,1,0,0,0,0,0
2026-01-20,TU,-0.03968249579391514,-0.0014184606384221477,0.023628995230833994,0.02,0.2779194133981291,0.0,0.0,0.0,1,0.008264388407519752,0,0,0,0,0,0,0,0,0,0,1,0,0,0
2026-01-20,WHA,0.018404864005755472,0.011221068999992534,0.005107129101343638,0.64,0.2667685974671863,0.0204081632653061,0.0,0.0,1,0.02409645248132808,1,0,0,0,0,0,0,0,0,0,0,0,0,0
2026-01-21,ADVANC,0.020467871805227578,0.0064620773984425785,0.009565668794379655,0.62,0.8340338761433772,0.5306122448979591,0.0,0.0,0,-0.01719199293592566,1,0,0,0,0,0,0,0,0,0,0,0,0,0
2026-01-21,AOT,0.0,0.0077998734575630115,0.013924636719595358,0.21,0.5714144407022494,0.3877551020408163,0.0,0.0,0,-0.018867924528301883,0,0,0,0,0,0,1,0,0,0,0,0,0,0
2026-01-21,AWC,0.0291261610637632,0.018987165824773465,0.008818692366523996,0.82,0.26474316484215,0.0,0.0,0.0,0,0.0,0,0,0,0,0,0,0,1,0,0,0,0,0,0
2026-01-21,BANPU,0.02727276061317241,0.016829555460970404,0.015287099179031366,0.78,0.5168610876183813,0.3469387755102041,0.0,0.0,0,-0.008849539028277453,0,0,0,0,0,0,1,0,0,0,0,0,0,0
2026-01-21,BBL,-0.05865109805163615,-0.012308105240248658,0.026268611567926693,0.02,0.8021884428957072,0.4897959183673469,4.0,0.0,0,-0.0031151690020616574,0,0,0,0,0,0,0,0,1,0,0,0,0,0
2026-01-21,BDMS,0.014925314496680997,0.025367991358073504,0.007048860110383272,0.52,0.6121736045413307,0.4081632653061224,2.0,0.0,0,-0.014705825427246078,0,0,0,0,0,0,1,0,0,0,0,0,0,0
2026-01-21,BEM,0.0,3.6284748016446323e-05,0.009524407541012546,0.21,0.3153698175379232,0.0204081632653061,0.0,0.0,0,0.0,0,0,0,0,0,0,0,0,0,1,0,0,0,0
2026-01-21,BH,0.0645161022623717,0.03361414997065992,0.023168073840550845,0.96,0.5733025950300475,0.4693877551020408,3.0,0.0,0,-0.009090973759913634,0,0,0,0,0,0,1,0,0,0,0,0,0,0
2026-01-21,BJC,0.0,0.01760616138085369,0.021351395560698386,0.21,0.3859487784668349,0.1020408163265306,1.0,0.0,0,-0.013793126713505965,0,0,0,0,0,0,0,0,0,1,0,0,0,0
2026-01-21,BTS,0.02564110401662978,0.03315099210855932,0.017126988794581414,0.76,0.3820598396963626,0.0816326530612244,2.0,0.0,0,-0.025000074505802994,0,0,0,0,0,0,0,0,0,1,0,0,0,0
2026-01-21,CBG,0.016949154026654423,0.018879884779161894,0.01494890683768857,0.58,0.4037334379706352,0.1428571428571428,0.0,0.0,0,-0.02222225284020285,0,0,0,0,0,0,0,0,0,1,0,0,0,0
2026-01-21,CCET,0.05882356302071612,0.030170170462609038,0.025653371984935034,0.92,0.2944691120222417,0.0408163265306122,0.0,0.0,0,-0.03703705702260629,0,0,0,0,0,0,0,0,0,0,0,1,0,0
2026-01-21,CENTEL,0.007353003607601494,0.010562203706681794,0.006706159400241269,0.4,0.2958173008031775,0.0,0.0,0.0,1,0.014598549291303664,0,0,0,0,0,0,0,0,0,0,0,0,1,0
2026-01-21,COM7,0.02487561345223477,0.020658956242811576,0.007678087310441593,0.74,0.5390811125917591,0.3469387755102041,0.0,0.0,0,-0.029126242891452825,0,0,0,0,0,0,1,0,0,0,0,0,0,0
2026-01-21,CPALL,0.0056496796108636005,0.014081990293173386,0.00795179906316164,0.36,0.4825031688955927,0.183673469387755,4.0,0.0,0,-0.03370781819538693,0,0,0,0,0,0,0,0,0,1,0,0,0,0
2026-01-21,CPF,0.0,0.0019658192732693756,0.013944358557921966,0.21,0.7091921123853364,0.4897959183673469,0.0,0.0,1,0.0046948654955056845,0,0,0,0,0,0,1,0,0,0,0,0,0,0
2026-01-21,CPN,0.008733627172883285,0.009032828487583244,0.018935783009676525,0.48,0.2998494178860543,0.0204081632653061,0.0,0.0,0,-0.004328971376052593,0,0,0,0,0,0,0,0,0,0,0,1,0,0
2026-01-21,CRC,0.020618507277518683,0.034775895528458944,0.018710536936794517,0.64,0.1885120701342117,0.1224489795918367,1.0,0.0,0,-0.010100986377622245,0,0,0,0,0,0,0,0,0,1,0,0,0,0
2026-01-21,DELTA,0.0874635903889327,0.03152150283606581,0.032302160492206355,1.0,0.7549857549857552,0.5102040816326531,8.0,0.0,1,0.037533492498295296,0,0,0,0,0,0,0,0,0,0,0,1,0,0
2026-01-21,EGCO,0.03004294217563852,0.014868080040948506,0.012965730375648457,0.84,0.2641362307564376,0.0,0.0,0.0,0,-0.01249997218985699,0,0,0,0,0,0,0,0,0,0,0,0,0,1
2026-01-21,GPSC,0.006451621339911728,0.017816671409020324,0.02604021474126598,0.38,0.3084218345695337,0.0408163265306122,0.0,0.0,0,-0.019230794217378944,0,0,0,0,0,0,1,0,0,0,0,0,0,0
2026-01-21,GULF,0.016393448393045684,0.01473110954877197,0.01859316585302075,0.56,0.824860649548974,0.5306122448979591,1.0,0.0,0,0.0,1,0,0,0,0,0,0,0,0,0,0,0,0,0
2026-01-21,HMPRO,0.022058734332057517,0.021742764210847622,0.026880495001210758,0.7,0.3412017927251844,0.0816326530612244,1.0,0.0,0,-0.007194192450760251,0,0,0,0,0,0,0,0,0,1,0,0,0,0
2026-01-21,IVL,0.020833417283667943,0.02783905564008342,0.02110983925751426,0.66,0.6190346064901138,0.4489795918367346,0.0,0.0,0,-0.015306158196924269,0,0,0,0,0,0,1,0,0,0,0,0,0,0
2026-01-21,KBANK,-0.01562503714001351,-0.0030900010849420623,0.011688595199737604,0.06,0.8492309488143115,0.5510204081632653,7.0,0.0,0,0.0,0,0,0,0,0,0,0,0,1,0,0,0,0,0
2026-01-21,KKP,0.0,0.008947750007098642,0.006695673406680943,0.21,0.6442502814112808,0.4081632653061224,2.0,0.0,1,0.010869575351309946,0,0,0,0,0,0,0,0,1,0,0,0,0,0
2026-01-21,KTB,-0.04310342042455728,-0.006881566217318014,0.02059574202483397,0.04,0.750245974679521,0.3673469387755101,3.0,0.0,1,0.036036070420405686,0,0,0,0,0,0,0,0,1,0,0,0,0,0
2026-01-21,KTC,0.009008960339023542,0.024918969481190302,0.030311310159776374,0.5,0.3257950366470686,0.0408163265306122,7.0,0.0,0,-0.00892852362381047,1,0,0,0,0,0,0,0,0,0,0,0,0,0
2026-01-21,LH,0.015228388637759105,0.016907337979345006,0.015213484263293012,0.54,0.2735033172691258,0.0,0.0,0.0,1,0.014999963366068458,0,1,0,0,0,0,0,0,0,0,0,0,0,0
2026-01-21,MINT,0.02192978864391848,0.007064599562526941,0.011502943433768377,0.68,0.4943019943019943,0.2040816326530612,0.0,0.0,1,0.008583744008900274,1,0,0,0,0,0,0,0,0,0,0,0,0,0
2026-01-21,MTC,0.03149604531797401,0.03388820156297125,0.02266963442189965,0.86,0.2887361173649064,0.0,0.0,0.0,0,0.0,0,0,1,0,0,0,0,0,0,0,0,0,0,0
2026-01-21,OR,0.07586208517896953,0.029660006910583014,0.028958076789211317,0.98,0.6153782616814699,0.2857142857142857,3.0,0.0,0,-0.0192307560236471,0,0,0,0,0,0,0,0,0,0,0,1,0,0
2026-01-21,OSP,0.029069699203490673,0.008292161300175849,0.021817966204236226,0.8,0.338970421015203,0.0612244897959183,0.0,0.0,0,-0.016949158172838596,0,0,0,0,0,0,0,0,0,1,0,0,0,0
2026-01-21,PTT,-0.007407506800866659,0.0045678957767619766,0.008548930311111745,0.12,0.7728921116235123,0.4285714285714285,2.0,0.0,1,0.007462787449653341,0,0,0,0,0,0,1,0,0,0,0,0,0,0
2026-01-21,PTTEP,0.008510692067723591,0.007778322619072142,0.003675923972008048,0.46,0.6813255353395934,0.4489795918367346,4.0,0.0,0,-0.012658240502237628,0,0,0,0,0,0,1,0,0,0,0,0,0,0
2026-01-21,PTTGC,0.058091322777442,0.025520489975989546,0.02109335420113481,0.9,0.6382595769495901,0.4693877551020408,1.0,0.0,0,-0.027451034784652384,0,0,0,0,0,0,1,0,0,0,0,0,0,0
2026-01-21,RATCH,0.0,0.01183811278369946,0.011278694948504598,0.21,0.2677087625191304,0.0,0.0,0.0,1,0.008130067298734556,0,0,0,1,0,0,0,0,0,0,0,0,0,0
2026-01-21,SAWAD,0.020408143899856235,0.028002623742876896,0.024524923242041252,0.6,0.3498375384972611,0.0816326530612244,0.0,0.0,0,-0.008000023558199398,0,0,0,0,0,0,0,0,0,1,0,0,0,0
2026-01-21,SCB,-0.014336872745018603,-0.004280610325381806,0.008164403108733731,0.08,0.7988495394135452,0.4693877551020408,22.0,0.0,1,0.0036363817438485047,0,0,0,0,0,0,0,0,1,0,0,0,0,0
2026-01-21,SCC,0.0,0.008825290394434405,0.013237030134621892,0.21,0.6673911126530135,0.4489795918367346,3.0,0.0,0,0.0,0,0,0,0,0,0,1,0,0,0,0,0,0,0
2026-01-21,SCGP,0.0047847467611412675,0.02063000636245178,0.032848636316934125,0.34,0.5128534376254641,0.3469387755102041,0.0,0.0,0,-0.023809532612151685,0,0,0,0,0,0,1,0,0,0,0,0,0,0
2026-01-21,TCAP,0.004237277883976764,0.006034865893077002,0.007208165085313819,0.3,0.3602260403234661,0.1020408163265306,0.0,0.0,0,-0.012658197352238387,0,0,0,0,0,0,0,0,1,0,0,0,0,0
2026-01-21,TIDLOR,0.0,0.023646952841339487,0.025520068434276108,0.21,0.2781370028253271,0.0,0.0,0.0,0,-0.028735534637870597,0,0,0,0,1,0,0,0,0,0,0,0,0,0
2026-01-21,TISCO,0.0045248724079589575,0.0009171672675849729,0.005885695954483356,0.32,0.6406867342025374,0.4081632653061224,3.0,0.0,0,-0.004504490164700892,0,0,0,0,0,0,0,0,1,0,0,0,0,0
2026-01-21,TLI,0.0454545747120223,0.028391249902509318,0.010725163863269549,0.88,0.299872962494744,0.0,0.0,0.0,0,-0.017391262282797193,0,0,0,0,0,1,0,0,0,0,0,0,0,0
2026-01-21,TOP,0.06329111060556758,0.017893860514827286,0.02957409639581432,0.94,0.7386039040525615,0.5102040816326531,3.0,0.0,0,-0.023809495178465978,0,0,0,0,0,0,1,0,0,0,0,0,0,0
2026-01-21,TRUE,0.008130027388496552,0.00830668214865118,0.010206728433452479,0.42,0.7259234069997916,0.5510204081632653,1.0,0.0,0,-0.1451611968601012,1,0,0,0,0,0,0,0,0,0,0,0,0,0
2026-01-21,TTB,-0.009803916841928495,5.786409717141172e-05,0.01206728618001517,0.1,0.389142793520201,0.2448979591836734,9.0,0.0,0,0.0,0,0,0,0,0,0,0,0,1,0,0,0,0,0
2026-01-21,TU,0.008264388407519752,-0.0046836200955039375,0.019983238055502024,0.44,0.2779194133981291,0.0,0.0,0.0,0,0.0,0,0,0,0,0,0,0,0,0,0,1,0,0,0
2026-01-21,WHA,0.02409645248132808,0.014766482427533579,0.0067771298176327235,0.72,0.2667685974671863,0.0204081632653061,0.0,0.0,0,-0.01764716094534846,1,0,0,0,0,0,0,0,0,0,0,0,0,0
2026-01-22,ADVANC,-0.01719199293592566,0.002431959052214938,0.014422547361440876,0.32,0.8340338761433772,0.5306122448979591,0.0,0.0,1,0.02332357341907909,1,0,0,0,0,0,0,0,0,0,0,0,0,0
2026-01-22,AOT,-0.018867924528301883,0.0030458963950398934,0.01847534907037587,0.26,0.5714144407022494,0.3877551020408163,0.0,0.0,0,-0.004807692307692291,0,0,0,0,0,0,1,0,0,0,0,0,0,0
2026-01-22,AWC,0.0,0.01380581548287898,0.01106206559187777,0.73,0.26474316484215,0.0,0.0,0.0,1,0.028302070853313488,0,0,0,0,0,0,0,1,0,0,0,0,0,0
2026-01-22,BANPU,-0.008849539028277453,0.013136574734991946,0.019196109085296648,0.54,0.5168610876183813,0.3469387755102041,0.0,0.0,0,-0.008928552603003737,0,0,0,0,0,0,1,0,0,0,0,0,0,0
2026-01-22,BBL,-0.0031151690020616574,-0.012931139040660988,0.025938579285103982,0.64,0.8021884428957072,0.4897959183673469,4.0,0.0,0,-0.015625018778265054,0,0,0,0,0,0,0,0,1,0,0,0,0,0
2026-01-22,BDMS,-0.014705825427246078,0.01687127802885744,0.018959687008100537,0.38,0.6121736045413307,0.4081632653061224,2.0,0.0,0,-0.004975137571580079,0,0,0,0,0,0,1,0,0,0,0,0,0,0
2026-01-22,BEM,0.0,-0.0018684844468636497,0.007979726282256159,0.73,0.3153698175379232,0.0204081632653061,0.0,0.0,0,-0.00952384597440048,0,0,0,0,0,0,0,0,0,1,0,0,0,0
2026-01-22,BH,-0.009090973759913634,0.027510233221766843,0.030149584539543552,0.5,0.5733025950300475,0.4693877551020408,2.0,0.0,1,0.018348657234833476,0,0,0,0,0,0,1,0,0,0,0,0,0,0
2026-01-22,BJC,-0.013793126713505965,0.005824993805440127,0.018431317331119853,0.4,0.3859487784668349,0.1020408163265306,1.0,0.0,0,-0.006993018953285635,0,0,0,0,0,0,0,0,0,1,0,0,0,0
2026-01-22,BTS,-0.025000074505802994,0.01834704143082031,0.028316433085667517,0.14,0.3820598396963626,0.0816326530612244,2.0,0.0,0,-0.025641002128344415,0,0,0,0,0,0,0,0,0,1,0,0,0,0
2026-01-22,CBG,-0.02222225284020285,0.010776897164709864,0.023741462332493506,0.2,0.4037334379706352,0.1428571428571428,0.0,0.0,0,-0.022727216682607354,0,0,0,0,0,0,0,0,0,1,0,0,0,0
2026-01-22,CCET,-0.03703705702260629,0.011603932953912844,0.034529263668029116,0.04,0.2944691120222417,0.0408163265306122,0.0,0.0,0,-0.028846076616413807,0,0,0,0,0,0,0,0,0,0,0,1,0,0
2026-01-22,CENTEL,0.014598549291303664,0.011943451010809491,0.006678452042274529,0.94,0.2958173008031775,0.0,0.0,0.0,0,-0.014388498092669955,0,0,0,0,0,0,0,0,0,0,0,0,1,0
2026-01-22,COM7,-0.029126242891452825,0.008382088500973394,0.02136721030688059,0.08,0.5390811125917591,0.3469387755102041,0.0,0.0,1,0.01500001554177155,0,0,0,0,0,0,1,0,0,0,0,0,0,0
2026-01-22,CPALL,-0.03370781819538693,0.003725973879018518,0.022274607547747752,0.06,0.4825031688955927,0.183673469387755,4.0,0.0,0,-0.005814006471810296,0,0,0,0,0,0,0,0,0,1,0,0,0,0
2026-01-22,CPF,0.0046948654955056845,-0.0018345374363394785,0.007758635794139501,0.84,0.7091921123853364,0.4897959183673469,0.0,0.0,0,-0.01869161663399377,0,0,0,0,0,0,1,0,0,0,0,0,0,0
2026-01-22,CPN,-0.004328971376052593,0.003642138706897069,0.01790783769174228,0.62,0.2998494178860543,0.0204081632653061,0.0,0.0,1,0.008695585693671237,0,0,0,0,0,0,0,0,0,0,0,1,0,0
2026-01-22,CRC,-0.010100986377622245,0.02077964302660913,0.021240091534163445,0.48,0.1885120701342117,0.1224489795918367,1.0,0.0,0,-0.025510195134455738,0,0,0,0,0,0,0,0,0,1,0,0,0,0
2026-01-22,DELTA,0.037533492498295296,0.033403197273446004,0.03232886615022651,1.0,0.7549857549857552,0.5102040816326531,4.0,0.0,1,0.023255830495711116,0,0,0,0,0,0,0,0,0,0,0,1,0,0
2026-01-22,EGCO,-0.01249997218985699,0.006986917473075826,0.015540106515312355,0.46,0.2641362307564376,0.0,0.0,0.0,0,-0.012658265593376572,0,0,0,0,0,0,0,0,0,0,0,0,0,1
2026-01-22,GPSC,-0.019230794217378944,0.01117330610851024,0.03102233282551036,0.22,0.3084218345695337,0.0408163265306122,0.0,0.0,0,-0.052287549062728145,0,0,0,0,0,0,1,0,0,0,0,0,0,0
2026-01-22,GULF,0.0,0.01473110954877197,0.01859316585302075,0.73,0.824860649548974,0.5306122448979591,1.0,0.0,1,0.00537637480607267,1,0,0,0,0,0,0,0,0,0,0,0,0,0
2026-01-22,HMPRO,-0.007194192450760251,0.012303920662643363,0.02715145063858002,0.58,0.3412017927251844,0.0816326530612244,0.0,0.0,0,-0.028985581945869643,0,0,0,0,0,0,0,0,0,1,0,0,0,0
2026-01-22,IVL,-0.015306158196924269,0.013081927490057498,0.020101684092095846,0.36,0.6190346064901138,0.4489795918367346,0.0,0.0,1,0.0051812926272811755,0,0,0,0,0,0,1,0,0,0,0,0,0,0
2026-01-22,KBANK,0.0,-0.002569158024462337,0.011773367852737469,0.73,0.8492309488143115,0.5510204081632653,8.0,0.0,1,0.005291018067145492,0,0,0,0,0,0,0,0,1,0,0,0,0,0
2026-01-22,KKP,0.010869575351309946,0.009606508116449275,0.006688973807304612,0.92,0.6442502814112808,0.4081632653061224,3.0,0.0,0,-0.003584155838436409,0,0,0,0,0,0,0,0,1,0,0,0,0,0
2026-01-22,KTB,0.036036070420405686,0.0003256478667631235,0.028423521355162486,0.98,0.750245974679521,0.3673469387755101,3.0,0.0,0,0.0,0,0,0,0,0,0,0,0,1,0,0,0,0,0
2026-01-22,KTC,-0.00892852362381047,0.0074074543521197135,0.010033893895591355,0.52,0.3257950366470686,0.0408163265306122,7.0,0.0,0,-0.018018066688003542,1,0,0,0,0,0,0,0,0,0,0,0,0,0
2026-01-22,LH,0.014999963366068458,0.016646455631620018,0.0152375738669928,0.96,0.2735033172691258,0.0,0.0,0.0,0,-0.024630523046484942,0,1,0,0,0,0,0,0,0,0,0,0,0,0
2026-01-22,MINT,0.008583744008900274,0.009670242708609545,0.00955475048818785,0.9,0.4943019943019943,0.2040816326530612,0.0,0.0,0,-0.02553190573685349,1,0,0,0,0,0,0,0,0,0,0,0,0,0
2026-01-22,MTC,0.0,0.021275592702244283,0.01973257803831005,0.73,0.2887361173649064,0.0,0.0,0.0,0,-0.015267196673350969,0,0,1,0,0,0,0,0,0,0,0,0,0,0
2026-01-22,OR,-0.0192307560236471,0.022850894666772613,0.03637439856513835,0.24,0.6153782616814699,0.2857142857142857,4.0,0.0,0,-0.006536006793566473,0,0,0,0,0,0,0,0,0,0,0,1,0,0
2026-01-22,OSP,-0.016949158172838596,0.0025493800795988843,0.02431184005405876,0.34,0.338970421015203,0.0612244897959183,0.0,0.0,0,-0.028735679441621698,0,0,0,0,0,0,0,0,0,1,0,0,0,0
2026-01-22,PTT,0.007462787449653341,0.006060453266692645,0.008196232740162639,0.86,0.7728921116235123,0.4285714285714285,3.0,0.0,0,0.0,0,0,0,0,0,0,1,0,0,0,0,0,0,0
2026-01-22,PTTEP,-0.012658240502237628,0.002615092836683197,0.008795853116606566,0.42,0.6813255353395934,0.4489795918367346,4.0,0.0,1,0.012820525801194194,0,0,0,0,0,0,1,0,0,0,0,0,0,0
2026-01-22,PTTGC,-0.027451034784652384,0.012919175055672926,0.030376935688817767,0.12,0.6382595769495901,0.4693877551020408,1.0,0.0,0,-0.012096720478800504,0,0,0,0,0,0,1,0,0,0,0,0,0,0
2026-01-22,RATCH,0.008130067298734556,0.010015842684812527,0.010917719469884875,0.88,0.2677087625191304,0.0,0.0,0.0,0,-0.01612900470376577,0,0,0,1,0,0,0,0,0,0,0,0,0,0
2026-01-22,SAWAD,-0.008000023558199398,0.012641146330969244,0.014638786874765311,0.56,0.3498375384972611,0.0816326530612244,0.0,0.0,1,0.004032270034367791,0,0,0,0,0,0,0,0,0,1,0,0,0,0
2026-01-22,SCB,0.0036363817438485047,-0.0014181152125290364,0.00786506636051285,0.82,0.7988495394135452,0.4693877551020408,24.0,0.0,0,-0.0036232063823056215,0,0,0,0,0,0,0,0,1,0,0,0,0,0
2026-01-22,SCC,0.0,0.002884696789258223,0.006450405655727128,0.73,0.6673911126530135,0.4489795918367346,3.0,0.0,0,-0.004739299719129342,0,0,0,0,0,0,1,0,0,0,0,0,0,0
2026-01-22,SCGP,-0.023809532612151685,7.861970380145245e-05,0.013948909524768084,0.16,0.5128534376254641,0.3469387755102041,0.0,0.0,1,0.004878107437094714,0,0,0,0,0,0,1,0,0,0,0,0,0,0
2026-01-22,TCAP,-0.012658197352238387,0.0008945370666404662,0.009695695962831605,0.44,0.3602260403234661,0.1020408163265306,0.0,0.0,0,-0.012820549317135721,0,0,0,0,0,0,0,0,1,0,0,0,0,0
2026-01-22,TIDLOR,-0.028735534637870597,0.004996613507245495,0.02202017552022983,0.1,0.2781370028253271,0.0,0.0,0.0,1,0.005917162539242904,0,0,0,0,1,0,0,0,0,0,0,0,0,0
2026-01-22,TISCO,-0.004504490164700892,1.626923464479457e-05,0.006384762224665082,0.6,0.6406867342025374,0.4081632653061224,3.0,0.0,0,0.0,0,0,0,0,0,0,0,0,1,0,0,0,0,0
2026-01-22,TLI,-0.017391262282797193,0.02091300715608808,0.02348467861697803,0.3,0.299872962494744,0.0,0.0,0.0,0,-0.017699160987874052,0,0,0,0,0,1,0,0,0,0,0,0,0,0
2026-01-22,TOP,-0.023809495178465978,0.006638458130857394,0.03313558025997806,0.18,0.7386039040525615,0.5102040816326531,4.0,0.0,1,0.024390213857713006,0,0,0,0,0,0,1,0,0,0,0,0,0,0
2026-01-22,TRUE,-0.1451611968601012,-0.02072555722336906,0.07015294634869572,0.02,0.7259234069997916,0.5510204081632653,5.0,0.0,1,0.009433899178580507,1,0,0,0,0,0,0,0,0,0,0,0,0,0
2026-01-22,TTB,0.0,5.786409717141172e-05,0.01206728618001517,0.73,0.389142793520201,0.2448979591836734,8.0,0.0,0,-0.014851447486325386,0,0,0,0,0,0,0,0,1,0,0,0,0,0
2026-01-22,TU,0.0,-0.006283621477279078,0.01901039908731419,0.73,0.2779194133981291,0.0,1.0,0.0,0,-0.008196648123785066,0,0,0,0,0,0,0,0,0,0,1,0,0,0
2026-01-22,WHA,-0.01764716094534846,0.008705405456997429,0.016172771923535143,0.28,0.2667685974671863,0.0204081632653061,0.0,0.0,0,-0.011976044817663123,1,0,0,0,0,0,0,0,0,0,0,0,0,0
2026-01-23,ADVANC,0.02332357341907909,0.005326770265245684,0.01721492322139784,0.96,0.8340338761433772,0.5306122448979591,0.0,0.0,0,-0.011395991465901423,1,0,0,0,0,0,0,0,0,0,0,0,0,0
2026-01-23,AOT,-0.004807692307692291,-0.0018180810908888124,0.016105919485694134,0.58,0.5714144407022494,0.3877551020408163,0.0,0.0,0,-0.009661835748792313,0,0,0,0,0,0,1,0,0,0,0,0,0,0
2026-01-23,AWC,0.028302070853313488,0.01744603142393584,0.012446254622989582,1.0,0.26474316484215,0.0,0.0,0.0,0,0.0,0,0,0,0,0,0,0,1,0,0,0,0,0,0
2026-01-23,BANPU,-0.008928552603003737,0.00944608749460405,0.021677651180988973,0.46,0.5168610876183813,0.3469387755102041,0.0,0.0,0,0.0,0,0,0,0,0,0,1,0,0,0,0,0,0,0
2026-01-23,BBL,-0.015625018778265054,-0.01488655072823455,0.02563789663037809,0.28,0.8021884428957072,0.4897959183673469,5.0,0.0,1,0.00317460705042949,0,0,0,0,0,0,0,0,1,0,0,0,0,0
2026-01-23,BDMS,-0.004975137571580079,0.011551935996239404,0.020923088345388526,0.56,0.6121736045413307,0.4081632653061224,1.0,0.0,1,0.010000026651470817,0,0,0,0,0,0,1,0,0,0,0,0,0,0
2026-01-23,BEM,-0.00952384597440048,-0.0018864540356962056,0.008001094862038859,0.44,0.3153698175379232,0.0204081632653061,0.0,0.0,0,0.0,0,0,0,0,0,0,0,0,0,1,0,0,0,0
2026-01-23,BH,0.018348657234833476,0.03048066648553256,0.02783499181692316,0.92,0.5733025950300475,0.4693877551020408,1.0,0.0,1,0.006005984546327614,0,0,0,0,0,0,1,0,0,0,0,0,0,0
2026-01-23,BJC,-0.006993018953285635,0.005865227391053174,0.018395978676481475,0.5,0.3859487784668349,0.1020408163265306,1.0,0.0,0,-0.014084462406331766,0,0,0,0,0,0,0,0,0,1,0,0,0,0
2026-01-23,BTS,-0.025641002128344415,0.009480526996534256,0.03445662278833937,0.1,0.3820598396963626,0.0816326530612244,2.0,0.0,0,-0.026315764707210976,0,0,0,0,0,0,0,0,0,1,0,0,0,0
2026-01-23,CBG,-0.022727216682607354,-0.002151786929981214,0.01982260704458789,0.18,0.4037334379706352,0.1428571428571428,0.0,0.0,0,0.0,0,0,0,0,0,0,0,0,0,1,0,0,0,0
2026-01-23,CCET,-0.028846076616413807,0.0050217090992918266,0.03915297003673338,0.06,0.2944691120222417,0.0408163265306122,0.0,0.0,0,-0.04158417841120554,0,0,0,0,0,0,0,0,0,0,0,1,0,0
2026-01-23,CENTEL,-0.014388498092669955,0.007539044746560841,0.013749627870597771,0.34,0.2958173008031775,0.0,0.0,0.0,0,-0.00729933159604268,0,0,0,0,0,0,0,0,0,0,0,0,1,0
2026-01-23,COM7,0.01500001554177155,0.008257109561221143,0.02131602154532619,0.9,0.5390811125917591,0.3469387755102041,0.0,0.0,0,0.0,0,0,0,0,0,0,1,0,0,0,0,0,0,0
2026-01-23,CPALL,-0.005814006471810296,0.0013797297666235276,0.022601537281130013,0.54,0.4825031688955927,0.183673469387755,4.0,0.0,0,0.0,0,0,0,0,0,0,0,0,0,1,0,0,0,0
2026-01-23,CPF,-0.01869161663399377,-0.006498792570362966,0.009674510592395262,0.2,0.7091921123853364,0.4897959183673469,0.0,0.0,0,-0.004761934996412642,0,0,0,0,0,0,1,0,0,0,0,0,0,0
2026-01-23,CPN,0.008695585693671237,-0.0008134291472249755,0.010747561312069373,0.84,0.2998494178860543,0.0204081632653061,0.0,0.0,0,-0.004310312158098406,0,0,0,0,0,0,0,0,0,0,0,1,0,0
2026-01-23,CRC,-0.025510195134455738,0.010027888937965268,0.028781630605072505,0.14,0.1885120701342117,0.1224489795918367,1.0,0.0,0,0.0,0,0,0,0,0,0,0,0,0,1,0,0,0,0
2026-01-23,DELTA,0.023255830495711116,0.03501485788955052,0.03138135487062162,0.94,0.7549857549857552,0.5102040816326531,4.0,0.0,0,-0.02525253422471041,0,0,0,0,0,0,0,0,0,0,0,1,0,0
2026-01-23,EGCO,-0.012658265593376572,0.002708534192883638,0.017729487901095863,0.38,0.2641362307564376,0.0,0.0,0.0,1,0.0042735171799404,0,0,0,0,0,0,0,0,0,0,0,0,0,1
2026-01-23,GPSC,-0.052287549062728145,-0.011697991319818125,0.02584073378829341,0.02,0.3084218345695337,0.0408163265306122,0.0,0.0,0,-0.020689681869164978,0,0,0,0,0,0,1,0,0,0,0,0,0,0
2026-01-23,GULF,0.00537637480607267,0.00655783293251746,0.005986194400765864,0.8,0.824860649548974,0.5306122448979591,1.0,0.0,0,-0.005347623975259785,1,0,0,0,0,0,0,0,0,0,0,0,0,0
2026-01-23,HMPRO,-0.028985581945869643,-0.0042624239237119225,0.01972088473306608,0.04,0.3412017927251844,0.0816326530612244,0.0,0.0,0,0.0,0,0,0,0,0,0,0,0,0,1,0,0,0,0
2026-01-23,IVL,0.0051812926272811755,0.008593317878800378,0.018483174658905945,0.76,0.6190346064901138,0.4489795918367346,0.0,0.0,1,0.010309369829524906,0,0,0,0,0,0,1,0,0,0,0,0,0,0
2026-01-23,KBANK,0.005291018067145492,-0.004121918290645499,0.009487717558162462,0.78,0.8492309488143115,0.5510204081632653,9.0,0.0,0,0.0,0,0,0,0,0,0,0,0,1,0,0,0,0,0
2026-01-23,KKP,-0.003584155838436409,0.00738592427821585,0.00899929798426518,0.64,0.6442502814112808,0.4081632653061224,3.0,0.0,1,0.003597048219814658,0,0,0,0,0,0,0,0,1,0,0,0,0,0
2026-01-23,KTB,0.0,0.0003256478667631235,0.02842352135516249,0.68,0.750245974679521,0.3673469387755101,3.0,0.0,0,-0.008695660182415965,0,0,0,0,0,0,0,0,1,0,0,0,0,0
2026-01-23,KTC,-0.018018066688003542,6.552821207943538e-05,0.012770304410467177,0.22,0.3257950366470686,0.0408163265306122,7.0,0.0,1,0.018348674325639358,1,0,0,0,0,0,0,0,0,0,0,0,0,0
2026-01-23,LH,-0.024630523046484942,0.004233720851412315,0.018908047071888208,0.16,0.2735033172691258,0.0,0.0,0.0,0,-0.0050504513396215645,0,1,0,0,0,0,0,0,0,0,0,0,0,0
2026-01-23,MINT,-0.02553190573685349,0.005456724208327568,0.018137047170404135,0.12,0.4943019943019943,0.2040816326530612,0.0,0.0,1,0.004366753998915618,1,0,0,0,0,0,0,0,0,0,0,0,0,0
2026-01-23,MTC,-0.015267196673350969,0.01822215336757409,0.024462244867431704,0.3,0.2887361173649064,0.0,0.0,0.0,1,0.015503897729185923,0,0,1,0,0,0,0,0,0,0,0,0,0,0
2026-01-23,OR,-0.006536006793566473,0.014244413686896263,0.03741463658433703,0.52,0.6153782616814699,0.2857142857142857,4.0,0.0,0,-0.05263154522280933,0,0,0,0,0,0,0,0,0,0,0,1,0,0
2026-01-23,OSP,-0.028735679441621698,-0.00901169564942359,0.022200211316611575,0.08,0.338970421015203,0.0612244897959183,0.0,0.0,1,0.00591723936695665,0,0,0,0,0,0,0,0,0,1,0,0,0,0
2026-01-23,PTT,0.0,0.0045337394131587105,0.008533947627212586,0.68,0.7728921116235123,0.4285714285714285,3.0,0.0,0,-0.007407506800866659,0,0,0,0,0,0,1,0,0,0,0,0,0,0
2026-01-23,PTTEP,0.012820525801194194,0.004313391684708257,0.009953144093097319,0.88,0.6813255353395934,0.4489795918367346,3.0,0.0,1,0.008438804786452314,0,0,0,0,0,0,1,0,0,0,0,0,0,0
2026-01-23,PTTGC,-0.012096720478800504,0.007924718509132189,0.03237322595027052,0.4,0.6382595769495901,0.4693877551020408,1.0,0.0,1,0.020408124414768247,0,0,0,0,0,0,1,0,0,0,0,0,0,0
2026-01-23,RATCH,-0.01612900470376577,0.003400217095728819,0.014945204496007305,0.26,0.2677087625191304,0.0,0.0,0.0,1,0.008196707078914178,0,0,0,1,0,0,0,0,0,0,0,0,0,0
2026-01-23,SAWAD,0.004032270034367791,0.012589228741117297,0.014676213601110254,0.72,0.3498375384972611,0.0816326530612244,0.0,0.0,1,0.034136608210248554,0,0,0,0,0,0,0,0,0,1,0,0,0,0
2026-01-23,SCB,-0.0036232063823056215,-0.002862161036884148,0.0073607328455857985,0.62,0.7988495394135452,0.4693877551020408,23.0,0.0,0,-0.01818179015832977,0,0,0,0,0,0,0,0,1,0,0,0,0,0
2026-01-23,SCC,-0.004739299719129342,0.0028983826612080767,0.006430044770478198,0.6,0.6673911126530135,0.4489795918367346,1.0,0.0,1,0.023809485283766696,0,0,0,0,0,0,1,0,0,0,0,0,0,0
2026-01-23,SCGP,0.004878107437094714,-0.0008969828472325858,0.013256228468446112,0.74,0.5128534376254641,0.3469387755102041,0.0,0.0,0,-0.004854427020542951,0,0,0,0,0,0,1,0,0,0,0,0,0,0
2026-01-23,TCAP,-0.012820549317135721,-0.004244687571897554,0.008493030714735877,0.36,0.3602260403234661,0.1020408163265306,0.0,0.0,1,0.00432899392601982,0,0,0,0,0,0,0,0,1,0,0,0,0,0
2026-01-23,TIDLOR,0.005917162539242904,0.004967924220542619,0.022018536103478478,0.82,0.2781370028253271,0.0,0.0,0.0,0,-0.005882355684543761,0,0,0,0,1,0,0,0,0,0,0,0,0,0
2026-01-23,TISCO,0.0,-0.0017936797285388328,0.004033539451459709,0.68,0.6406867342025374,0.4081632653061224,3.0,0.0,0,0.0,0,0,0,0,0,0,0,0,1,0,0,0,0,0
2026-01-23,TLI,-0.017699160987874052,0.011490826100560226,0.028199751930050292,0.24,0.299872962494744,0.0,0.0,0.0,1,0.045045072956799936,0,0,0,0,0,1,0,0,0,0,0,0,0,0
2026-01-23,TOP,0.024390213857713006,0.011516500902399996,0.03370439850853149,0.98,0.7386039040525615,0.5102040816326531,3.0,0.0,1,0.00595239691970173,0,0,0,0,0,0,1,0,0,0,0,0,0,0
2026-01-23,TRUE,0.009433899178580507,-0.020519454867770914,0.07026134878128665,0.86,0.7259234069997916,0.5510204081632653,6.0,0.0,1,0.03738329291283926,1,0,0,0,0,0,0,0,0,0,0,0,0,0
2026-01-23,TTB,-0.014851447486325386,-0.006872819511393536,0.006609908066832375,0.32,0.389142793520201,0.2448979591836734,11.0,0.0,0,0.0,0,0,0,0,0,0,0,0,1,0,0,0,0,0
2026-01-23,TU,-0.008196648123785066,-0.00792295110203609,0.01868368176928275,0.48,0.2779194133981291,0.0,1.0,0.0,0,-0.016529020130988337,0,0,0,0,0,0,0,0,0,0,1,0,0,0
2026-01-23,WHA,-0.011976044817663123,0.0038101972620379287,0.018301245567477396,0.42,0.2667685974671863,0.0204081632653061,0.0,0.0,0,-0.012121134431100522,1,0,0,0,0,0,0,0,0,0,0,0,0,0
2026-01-26,ADVANC,-0.011395991465901423,0.004217150971297956,0.01826222650307989,0.2,0.8340338761433772,0.5306122448979591,0.0,0.0,1,0.01152735712937214,1,0,0,0,0,0,0,0,0,0,0,0,0,0
2026-01-26,AOT,-0.009661835748792313,-0.0018365726425611407,0.016117092974073887,0.22,0.5714144407022494,0.3877551020408163,0.0,0.0,0,0.0,0,0,0,0,0,0,1,0,0,0,0,0,0,0
2026-01-26,AWC,0.0,0.015446035139099212,0.01456500465765885,0.52,0.26474316484215,0.0,0.0,0.0,1,0.027522882621182854,0,0,0,0,0,0,0,1,0,0,0,0,0,0
2026-01-26,BANPU,0.0,0.00944608749460405,0.021677651180988973,0.52,0.5168610876183813,0.3469387755102041,0.0,0.0,0,-0.009009078486827304,0,0,0,0,0,0,1,0,0,0,0,0,0,0
2026-01-26,BBL,0.00317460705042949,-0.013663393303222837,0.02648225794915239,0.64,0.8021884428957072,0.4897959183673469,6.0,0.0,1,0.018987263461680337,0,0,0,0,0,0,0,0,1,0,0,0,0,0
2026-01-26,BDMS,0.010000026651470817,0.007202717734105235,0.017685639962408302,0.84,0.6121736045413307,0.4081632653061224,0.0,0.0,0,-0.009901016225340675,0,0,0,0,0,0,1,0,0,0,0,0,0,0
2026-01-26,BEM,0.0,1.8315159183890373e-05,0.006766799478704225,0.52,0.3153698175379232,0.0204081632653061,0.0,0.0,1,0.019230843540639864,0,0,0,0,0,0,0,0,0,1,0,0,0,0
2026-01-26,BH,0.006005984546327614,0.02262264001778793,0.02815100648040183,0.78,0.5733025950300475,0.4693877551020408,0.0,0.0,1,0.005970224041548455,0,0,0,0,0,0,1,0,0,0,0,0,0,0
2026-01-26,BJC,-0.014084462406331766,-0.0027487622243526745,0.014543794385278806,0.16,0.3859487784668349,0.1020408163265306,1.0,0.0,1,0.03571427573160291,0,0,0,0,0,0,0,0,0,1,0,0,0,0
2026-01-26,BTS,-0.026315764707210976,0.0005476528965484117,0.03725850874526829,0.06,0.3820598396963626,0.0816326530612244,1.0,0.0,1,0.018018000602490147,0,0,0,0,0,0,0,0,0,1,0,0,0,0
2026-01-26,CBG,0.0,-0.005600063099231156,0.016888051901229557,0.52,0.4037334379706352,0.1428571428571428,0.0,0.0,1,0.011627877635893569,0,0,0,0,0,0,0,0,0,1,0,0,0,0
2026-01-26,CCET,-0.04158417841120554,-0.0077485700675755,0.042400239663486175,0.04,0.2944691120222417,0.0408163265306122,0.0,0.0,1,0.024793300527922835,0,0,0,0,0,0,0,0,0,0,0,1,0,0
2026-01-26,CENTEL,-0.00729933159604268,0.004564014015995532,0.015265410959050731,0.28,0.2958173008031775,0.0,0.0,0.0,1,0.04411767743072503,0,0,0,0,0,0,0,0,0,0,0,0,1,0
2026-01-26,COM7,0.0,0.005180183319974785,0.021139607471041204,0.52,0.5390811125917591,0.3469387755102041,0.0,0.0,1,0.014778340208955631,0,0,0,0,0,0,1,0,0,0,0,0,0,0
2026-01-26,CPALL,0.0,-0.0033261396569881584,0.01899927643447734,0.52,0.4825031688955927,0.183673469387755,4.0,0.0,1,0.011695921052278235,0,0,0,0,0,0,0,0,0,1,0,0,0,0
2026-01-26,CPF,-0.004761934996412642,-0.006529514756252341,0.009667247599702243,0.38,0.7091921123853364,0.4897959183673469,1.0,0.0,0,0.0,0,0,0,0,0,0,1,0,0,0,0,0,0,0
2026-01-26,CPN,-0.004310312158098406,0.0017579858664807046,0.006590820637297551,0.4,0.2998494178860543,0.0204081632653061,0.0,0.0,1,0.012986982705922134,0,0,0,0,0,0,0,0,0,0,0,1,0,0
2026-01-26,CRC,0.0,0.006731204807465185,0.02880135880779207,0.52,0.1885120701342117,0.1224489795918367,1.0,0.0,1,0.026178001049457444,0,0,0,0,0,0,0,0,0,1,0,0,0,0
2026-01-26,DELTA,-0.02525253422471041,0.028766731119380683,0.04041524511355375,0.08,0.7549857549857552,0.5102040816326531,4.0,0.0,1,0.08808290196497315,0,0,0,0,0,0,0,0,0,0,0,1,0,0
2026-01-26,EGCO,0.0042735171799404,0.003563237628871718,0.017669177891166347,0.68,0.2641362307564376,0.0,0.0,0.0,1,0.004255331945763885,0,0,0,0,0,0,0,0,0,0,0,0,0,1
2026-01-26,GPSC,-0.020689681869164978,-0.018433333709697332,0.021884070249496568,0.1,0.3084218345695337,0.0408163265306122,0.0,0.0,0,0.0,0,0,0,0,0,0,1,0,0,0,0,0,0,0
2026-01-26,GULF,-0.005347623975259785,0.004383347263489479,0.008067975430098904,0.32,0.824860649548974,0.5306122448979591,1.0,0.0,1,0.0107526630374557,1,0,0,0,0,0,0,0,0,0,0,0,0,0
2026-01-26,HMPRO,0.0,-0.0013427227370267137,0.018870370756266002,0.52,0.3412017927251844,0.0816326530612244,0.0,0.0,1,0.007462780097542643,0,0,0,0,0,0,0,0,0,1,0,0,0,0
2026-01-26,IVL,0.010309369829524906,0.0042035843087099515,0.013351854261056591,0.86,0.6190346064901138,0.4489795918367346,0.0,0.0,1,0.01020397388532679,0,0,0,0,0,0,1,0,0,0,0,0,0,0
2026-01-26,KBANK,0.0,-0.00154460082507768,0.008170451308304063,0.52,0.8492309488143115,0.5510204081632653,11.0,0.0,1,0.010526341073490153,0,0,0,0,0,0,0,0,1,0,0,0,0,0
2026-01-26,KKP,0.003597048219814658,0.005866525892004137,0.008835446152354508,0.66,0.6442502814112808,0.4081632653061224,4.0,0.0,1,0.00716842696381792,0,0,0,0,0,0,0,0,1,0,0,0,0,0
2026-01-26,KTB,-0.008695660182415965,-0.003152602037313512,0.02820648521005527,0.24,0.750245974679521,0.3673469387755101,4.0,0.0,1,0.017543804482469394,0,0,0,0,0,0,0,0,1,0,0,0,0,0
2026-01-26,KTC,0.018348674325639358,0.0019003956446433713,0.014889526837489387,0.9,0.3257950366470686,0.0408163265306122,9.0,0.0,1,0.018017993683025146,1,0,0,0,0,0,0,0,0,0,0,0,0,0
2026-01-26,LH,-0.0050504513396215645,0.004254560119900419,0.018895166011892037,0.34,0.2735033172691258,0.0,0.0,0.0,1,0.005076087874426927,0,1,0,0,0,0,0,0,0,0,0,0,0,0
2026-01-26,MINT,0.004366753998915618,0.004536341927601084,0.018030728677997356,0.72,0.4943019943019943,0.2040816326530612,0.0,0.0,1,0.013043474216587692,1,0,0,0,0,0,0,0,0,0,0,0,0,0
2026-01-26,MTC,0.015503897729185923,0.014543275659072097,0.02284503644522224,0.88,0.2887361173649064,0.0,0.0,0.0,1,0.022900706790591085,0,0,1,0,0,0,0,0,0,0,0,0,0,0
2026-01-26,OR,-0.05263154522280933,0.0037181046423343965,0.04825685125257633,0.02,0.6153782616814699,0.2857142857142857,5.0,0.0,0,-0.02777775898986823,0,0,0,0,0,0,0,0,0,0,0,1,0,0
2026-01-26,OSP,0.00591723936695665,-0.00443841614146454,0.02250940299148297,0.74,0.338970421015203,0.0612244897959183,0.0,0.0,1,0.017646948956975717,0,0,0,0,0,0,0,0,0,1,0,0,0,0
2026-01-26,PTT,-0.007407506800866659,0.001537078147862392,0.009743618246544385,0.26,0.7728921116235123,0.4285714285714285,3.0,0.0,1,0.014925456318135355,0,0,0,0,0,0,1,0,0,0,0,0,0,0
2026-01-26,PTTEP,0.008438804786452314,0.005139091893206405,0.010122628474177622,0.82,0.6813255353395934,0.4489795918367346,3.0,0.0,1,0.012552313974984353,0,0,0,0,0,0,1,0,0,0,0,0,0,0
2026-01-26,PTTGC,0.020408124414768247,0.009463981955255463,0.03283738562579466,0.92,0.6382595769495901,0.4693877551020408,1.0,0.0,1,0.010000020210698013,0,0,0,0,0,0,1,0,0,0,0,0,0,0
2026-01-26,RATCH,0.008196707078914178,0.005039558511511655,0.014928531309066495,0.8,0.2677087625191304,0.0,0.0,0.0,1,0.008130067298734556,0,0,0,1,0,0,0,0,0,0,0,0,0,0
2026-01-26,SAWAD,0.034136608210248554,0.015997753616093922,0.017659781404879896,0.96,0.3498375384972611,0.0816326530612244,0.0,0.0,1,0.009708728368150066,0,0,0,0,0,0,0,0,0,1,0,0,0,0
2026-01-26,SCB,-0.01818179015832977,-0.005781692960467111,0.010102883440964496,0.12,0.7988495394135452,0.4693877551020408,27.0,0.0,1,0.022222211488312826,0,0,0,0,0,0,0,0,1,0,0,0,0,0
2026-01-26,SCC,0.023809485283766696,0.005727912640294841,0.011367504382974618,0.94,0.6673911126530135,0.4489795918367346,1.0,0.0,0,0.0,0,0,0,0,0,0,1,0,0,0,0,0,0,0
2026-01-26,SCGP,-0.004854427020542951,-0.0038002210868917307,0.011884239953576124,0.36,0.5128534376254641,0.3469387755102041,0.0,0.0,1,0.014634132947435097,0,0,0,0,0,0,1,0,0,0,0,0,0,0
2026-01-26,TCAP,0.00432899392601982,-0.0025314332098982594,0.009318771912992284,0.7,0.3602260403234661,0.1020408163265306,0.0,0.0,1,0.008620737391929811,0,0,0,0,0,0,0,0,1,0,0,0,0,0
2026-01-26,TIDLOR,-0.005882355684543761,0.0001769935260061306,0.0210386704153393,0.3,0.2781370028253271,0.0,0.0,0.0,1,0.023668532873959203,0,0,0,0,1,0,0,0,0,0,0,0,0,0
2026-01-26,TISCO,0.0,-0.0008968215842885651,0.0037760392220504402,0.52,0.6406867342025374,0.4081632653061224,3.0,0.0,1,0.01357468990208277,0,0,0,0,0,0,0,0,1,0,0,0,0,0
2026-01-26,TLI,0.045045072956799936,0.014785539564715667,0.03146730930786492,1.0,0.299872962494744,0.0,0.0,0.0,1,0.008620625009918559,0,0,0,0,0,1,0,0,0,0,0,0,0,0
2026-01-26,TOP,0.00595239691970173,0.012706980286340342,0.03329860796476695,0.76,0.7386039040525615,0.5102040816326531,5.0,0.0,0,0.0,0,0,0,0,0,0,1,0,0,0,0,0,0,0
2026-01-26,TRUE,0.03738329291283926,-0.018042795476036978,0.07245113373675222,0.98,0.7259234069997916,0.5510204081632653,6.0,0.0,0,0.0,1,0,0,0,0,0,0,0,0,0,0,0,0,0
2026-01-26,TTB,0.0,-0.004931072865650777,0.006983997420008527,0.52,0.389142793520201,0.2448979591836734,13.0,0.0,1,0.005025092099505413,0,0,0,0,0,0,0,0,1,0,0,0,0,0
2026-01-26,TU,-0.016529020130988337,-0.011228755128233759,0.018391366360952,0.14,0.2779194133981291,0.0,1.0,0.0,0,0.0,0,0,0,0,0,0,0,0,0,0,1,0,0,0
2026-01-26,WHA,-0.012121134431100522,0.00015139525859428904,0.019500213315731638,0.18,0.2667685974671863,0.0204081632653061,0.0,0.0,1,0.03680980345426721,1,0,0,0,0,0,0,0,0,0,0,0,0,0
2026-01-27,ADVANC,0.01152735712937214,0.005346163590370346,0.018562924962026443,0.5,0.8340338761433772,0.5306122448979591,0.0,0.0,1,0.0028490211847040925,1,0,0,0,0,0,0,0,0,0,0,0,0,0
2026-01-27,AOT,0.0,-0.006667490516957297,0.007908640881959477,0.14,0.5714144407022494,0.3877551020408163,0.0,0.0,1,0.019512195121951237,0,0,0,0,0,0,1,0,0,0,0,0,0,0
2026-01-27,AWC,0.027522882621182854,0.016990222907651908,0.01552023814587878,0.92,0.26474316484215,0.0,0.0,0.0,0,-0.01785710929114792,0,0,0,0,0,0,0,1,0,0,0,0,0,0
2026-01-27,BANPU,-0.009009078486827304,9.71180990127829e-05,0.015676042227050282,0.06,0.5168610876183813,0.3469387755102041,0.0,0.0,1,0.009090979837707236,0,0,0,0,0,0,1,0,0,0,0,0,0,0
2026-01-27,BBL,0.018987263461680337,-0.011045883063970608,0.029386788837709513,0.78,0.8021884428957072,0.4897959183673469,6.0,0.0,0,-0.01552787087305485,0,0,0,0,0,0,0,0,1,0,0,0,0,0
2026-01-27,BDMS,-0.009901016225340675,-0.0009313276152030037,0.012820609461605249,0.04,0.6121736045413307,0.4081632653061224,0.0,0.0,0,0.0,0,0,0,0,0,0,1,0,0,0,0,0,0,0
2026-01-27,BEM,0.019230843540639864,0.0019413995132478768,0.010508137621368483,0.8,0.3153698175379232,0.0204081632653061,0.0,0.0,0,-0.01886799606047551,0,0,0,0,0,0,0,0,0,1,0,0,0,0
2026-01-27,BH,0.005970224041548455,0.017149998865033524,0.028207931497530092,0.28,0.5733025950300475,0.4693877551020408,0.0,0.0,1,0.0029673482906567017,0,0,0,0,0,0,1,0,0,0,0,0,0,0
2026-01-27,BJC,0.03571427573160291,0.0001687335316959082,0.020693548970032814,0.94,0.3859487784668349,0.1020408163265306,0.0,0.0,0,-0.013793126713505965,0,0,0,0,0,0,0,0,0,1,0,0,0,0
2026-01-27,BTS,0.018018000602490147,-0.006659547344447692,0.026150291080143908,0.76,0.3820598396963626,0.0816326530612244,1.0,0.0,0,-0.008849549119871458,0,0,0,0,0,0,0,0,0,1,0,0,0,0
2026-01-27,CBG,0.011627877635893569,-0.0032744875720524423,0.018568958746177918,0.52,0.4037334379706352,0.1428571428571428,0.0,0.0,0,-0.022988537489161964,0,0,0,0,0,0,0,0,0,1,0,0,0,0
2026-01-27,CCET,0.024793300527922835,-0.004770089700317337,0.04442475143983777,0.88,0.2944691120222417,0.0408163265306122,0.0,0.0,0,-0.01209668338697345,0,0,0,0,0,0,0,0,0,0,0,1,0,0
2026-01-27,CENTEL,0.04411767743072503,0.008876280128183511,0.02280307621729662,0.98,0.2958173008031775,0.0,0.0,0.0,1,0.007042203219277177,0,0,0,0,0,0,0,0,0,0,0,0,1,0
2026-01-27,COM7,0.014778340208955631,0.005105545262301825,0.021096214192686737,0.66,0.5390811125917591,0.3469387755102041,0.0,0.0,0,-0.004854406264915734,0,0,0,0,0,0,1,0,0,0,0,0,0,0
2026-01-27,CPALL,0.011695921052278235,-0.004435244800811078,0.017609487112764208,0.54,0.4825031688955927,0.183673469387755,2.0,0.0,1,0.005780308202566475,0,0,0,0,0,0,0,0,0,1,0,0,0,0
2026-01-27,CPF,0.0,-0.0037517372269801454,0.008996063836778818,0.14,0.7091921123853364,0.4897959183673469,1.0,0.0,0,-0.004784719519741798,0,0,0,0,0,0,1,0,0,0,0,0,0,0
2026-01-27,CPN,0.012986982705922134,0.004355382407665131,0.008108994673274314,0.58,0.2998494178860543,0.0204081632653061,0.0,0.0,0,-0.004273471870772649,0,0,0,0,0,0,0,0,0,0,0,1,0,0
2026-01-27,CRC,0.026178001049457444,0.002237065362979629,0.02143704886234454,0.9,0.1885120701342117,0.1224489795918367,1.0,0.0,1,0.005102080289165922,0,0,0,0,0,0,0,0,0,1,0,0,0,0
2026-01-27,DELTA,0.08808290196497315,0.04221665622464037,0.047656411279810365,1.0,0.7549857549857552,0.5102040816326531,5.0,0.0,0,-0.0047618919308041185,0,0,0,0,0,0,0,0,0,0,0,1,0,0
2026-01-27,EGCO,0.004255331945763885,0.0026827107036218488,0.01746027979878664,0.22,0.2641362307564376,0.0,0.0,0.0,0,0.0,0,0,0,0,0,0,0,0,0,0,0,0,0,1
2026-01-27,GPSC,0.0,-0.017151280761872067,0.02292741496612964,0.14,0.3084218345695337,0.0408163265306122,1.0,0.0,1,0.014084525600053244,0,0,0,0,0,0,1,0,0,0,0,0,0,0
2026-01-27,GULF,0.0107526630374557,0.005434972452262854,0.008575732812191386,0.48,0.824860649548974,0.5306122448979591,0.0,0.0,1,0.01063827326968636,1,0,0,0,0,0,0,0,0,0,0,0,0,0
2026-01-27,HMPRO,0.007462780097542643,-0.0013316519934059468,0.018876802746480674,0.32,0.3412017927251844,0.0816326530612244,1.0,0.0,1,0.03703698554152335,0,0,0,0,0,0,0,0,0,1,0,0,0,0
2026-01-27,IVL,0.01020397388532679,0.006244379085775309,0.013328525671039478,0.44,0.6190346064901138,0.4489795918367346,0.0,0.0,1,0.08585866529148478,0,0,0,0,0,0,1,0,0,0,0,0,0,0
2026-01-27,KBANK,0.010526341073490153,3.84644001244272e-05,0.009784338463313742,0.46,0.8492309488143115,0.5510204081632653,10.0,0.0,0,-0.005208345713337836,0,0,0,0,0,0,0,0,1,0,0,0,0,0
2026-01-27,KKP,0.00716842696381792,0.003610178939301223,0.005704208590032355,0.3,0.6442502814112808,0.4081632653061224,4.0,0.0,0,0.0,0,0,0,0,0,0,0,0,1,0,0,0,0,0
2026-01-27,KTB,0.017543804482469394,0.0003561588591803666,0.029745876015436507,0.7,0.750245974679521,0.3673469387755101,5.0,0.0,0,0.0,0,0,0,0,0,0,0,0,1,0,0,0,0,0
2026-01-27,KTC,0.018017993683025146,0.003685807607174807,0.016423509711300723,0.74,0.3257950366470686,0.0408163265306122,7.0,0.0,0,0.0,1,0,0,0,0,0,0,0,0,0,0,0,0,0
2026-01-27,LH,0.005076087874426927,0.0011246930984295967,0.016647180249549514,0.26,0.2735033172691258,0.0,0.0,0.0,1,0.010101027062341839,0,1,0,0,0,0,0,0,0,0,0,0,0,0
2026-01-27,MINT,0.013043474216587692,0.004478371026293715,0.017995806640804808,0.6,0.4943019943019943,0.2040816326530612,0.0,0.0,1,0.012875616013350522,1,0,0,0,0,0,0,0,0,0,0,0,0,0
2026-01-27,MTC,0.022900706790591085,0.01092669063288001,0.01866104592665557,0.84,0.2887361173649064,0.0,0.0,0.0,1,0.007462783538455087,0,0,1,0,0,0,0,0,0,0,0,0,0,0
2026-01-27,OR,-0.02777775898986823,-0.00606279637018432,0.0487993167924922,0.02,0.6153782616814699,0.2857142857142857,6.0,0.0,0,-0.00714292174259068,0,0,0,0,0,0,0,0,0,0,0,1,0,0
2026-01-27,OSP,0.017646948956975717,0.001389809982592549,0.023952198843730226,0.72,0.338970421015203,0.0612244897959183,0.0,0.0,0,0.0,0,0,0,0,0,0,0,0,0,1,0,0,0,0
2026-01-27,PTT,0.014925456318135355,0.0015146460332110755,0.009704818311068881,0.68,0.7728921116235123,0.4285714285714285,2.0,0.0,1,0.022058769406240852,0,0,0,0,0,0,1,0,0,0,0,0,0,0
2026-01-27,PTTEP,0.012552313974984353,0.005932819225623364,0.010604375352112864,0.56,0.6813255353395934,0.4489795918367346,2.0,0.0,1,0.028925605270742727,0,0,0,0,0,0,1,0,0,0,0,0,0,0
2026-01-27,PTTGC,0.010000020210698013,0.009790342427891074,0.03283188108070259,0.42,0.6382595769495901,0.4693877551020408,0.0,0.0,1,0.02970295277061652,0,0,0,0,0,0,1,0,0,0,0,0,0,0
2026-01-27,RATCH,0.008130067298734556,0.0016655673945235039,0.010555285577697875,0.34,0.2677087625191304,0.0,0.0,0.0,0,0.0,0,0,0,1,0,0,0,0,0,0,0,0,0,0
2026-01-27,SAWAD,0.009708728368150066,0.01205714539088465,0.0160424870869585,0.4,0.3498375384972611,0.0816326530612244,0.0,0.0,0,-0.009615375301193052,0,0,0,0,0,0,0,0,0,1,0,0,0,0
2026-01-27,SCB,0.022222211488312826,-0.0020566552106985325,0.016086887830598286,0.82,0.7988495394135452,0.4693877551020408,27.0,0.0,0,-0.010869560081246066,0,0,0,0,0,0,0,0,1,0,0,0,0,0
2026-01-27,SCC,0.0,0.003814037112927471,0.01136461785336073,0.14,0.6673911126530135,0.4489795918367346,1.0,0.0,1,0.0046511985429955605,0,0,0,0,0,0,1,0,0,0,0,0,0,0
2026-01-27,SCGP,0.014634132947435097,-0.0008733944974047114,0.014555864763263843,0.64,0.5128534376254641,0.3469387755102041,0.0,0.0,0,-0.02884612782525664,0,0,0,0,0,0,1,0,0,0,0,0,0,0
2026-01-27,TCAP,0.008620737391929811,-0.0016583474934895425,0.01026958724114169,0.38,0.3602260403234661,0.1020408163265306,0.0,0.0,0,0.0,0,0,0,0,0,0,0,0,1,0,0,0,0,0
2026-01-27,TIDLOR,0.023668532873959203,-0.0010064389818424501,0.019042588605047844,0.86,0.2781370028253271,0.0,0.0,0.0,0,-0.005780235560839619,0,0,0,0,1,0,0,0,0,0,0,0,0,0
2026-01-27,TISCO,0.01357468990208277,0.0027190144290681673,0.006856965629243354,0.62,0.6406867342025374,0.4081632653061224,3.0,0.0,0,-0.008928614323427952,0,0,0,0,0,0,0,0,1,0,0,0,0,0
2026-01-27,TLI,0.008620625009918559,0.01280596988161391,0.031485092170405,0.36,0.299872962494744,0.0,0.0,0.0,1,0.017093976454815474,0,0,0,0,0,1,0,0,0,0,0,0,0,0
2026-01-27,TOP,0.0,0.013964845240903268,0.03251109729939279,0.14,0.7386039040525615,0.5102040816326531,4.0,0.0,1,0.0059171755422307015,0,0,0,0,0,0,1,0,0,0,0,0,0,0
2026-01-27,TRUE,0.0,-0.018042795476036978,0.0724511337367522,0.14,0.7259234069997916,0.5510204081632653,8.0,0.0,1,0.009008948326482802,1,0,0,0,0,0,0,0,0,0,0,0,0,0
2026-01-27,TTB,0.005025092099505413,-0.003926054445749694,0.008137326202999466,0.24,0.389142793520201,0.2448979591836734,13.0,0.0,0,-0.0049999668058118285,0,0,0,0,0,0,0,0,1,0,0,0,0,0
2026-01-27,TU,0.0,-0.00329225596945073,0.009414070796740828,0.14,0.2779194133981291,0.0,1.0,0.0,1,0.008403451436109544,0,0,0,0,0,0,0,0,0,0,1,0,0,0
2026-01-27,WHA,0.03680980345426721,0.0038323831482966362,0.02481901835464319,0.96,0.2667685974671863,0.0204081632653061,0.0,0.0,1,0.00591719420796033,1,0,0,0,0,0,0,0,0,0,0,0,0,0
2026-01-28,ADVANC,0.0028490211847040925,0.0018223934662656483,0.016536426563835742,0.56,0.8340338761433772,0.5306122448979591,0.0,0.0,0,-0.01136361628237803,1,0,0,0,0,0,0,0,0,0,0,0,0,0
2026-01-28,AOT,0.019512195121951237,-0.00276505149256705,0.014273767556799271,0.9,0.5714144407022494,0.3877551020408163,0.0,0.0,0,-0.009569377990430672,0,0,0,0,0,0,1,0,0,0,0,0,0,0
2026-01-28,AWC,-0.01785710929114792,0.007593568836669684,0.019931640651331132,0.08,0.26474316484215,0.0,0.0,0.0,0,0.0,0,0,0,0,0,0,0,1,0,0,0,0,0,0
2026-01-28,BANPU,0.009090979837707236,-0.0035392380560802517,0.008050027517049104,0.78,0.5168610876183813,0.3469387755102041,0.0,0.0,0,-0.027027058172255924,0,0,0,0,0,0,1,0,0,0,0,0,0,0
2026-01-28,BBL,-0.01552787087305485,-0.0024212376282543467,0.014458929844635206,0.1,0.8021884428957072,0.4897959183673469,6.0,0.0,0,-0.01892746775739862,0,0,0,0,0,0,0,0,1,0,0,0,0,0
2026-01-28,BDMS,0.0,-0.003916390514539203,0.009517790938099919,0.47,0.6121736045413307,0.4081632653061224,0.0,0.0,1,0.0050000133257352974,0,0,0,0,0,0,1,0,0,0,0,0,0,0
2026-01-28,BEM,-0.01886799606047551,-0.0018321996988472256,0.014139885802973396,0.06,0.3153698175379232,0.0204081632653061,0.0,0.0,0,0.0,0,0,0,0,0,0,0,0,0,1,0,0,0,0
2026-01-28,BH,0.0029673482906567017,0.004840248070690523,0.00978135472021643,0.58,0.5733025950300475,0.4693877551020408,0.0,0.0,0,-0.005917233510902675,0,0,0,0,0,0,1,0,0,0,0,0,0,0
2026-01-28,BJC,-0.013793126713505965,-0.002589891811005285,0.021620284905011358,0.12,0.3859487784668349,0.1020408163265306,0.0,0.0,1,0.01398603790657127,0,0,0,0,0,0,0,0,0,1,0,0,0,0
2026-01-28,BTS,-0.008849549119871458,-0.01355767797174794,0.019097734767342243,0.22,0.3820598396963626,0.0816326530612244,1.0,0.0,0,-0.008928562875609058,0,0,0,0,0,0,0,0,0,1,0,0,0,0
2026-01-28,CBG,-0.022988537489161964,-0.01126202587521572,0.016123501167301307,0.04,0.4037334379706352,0.1428571428571428,0.0,0.0,1,0.017647060968907002,0,0,0,0,0,0,0,0,0,1,0,0,0,0
2026-01-28,CCET,-0.01209668338697345,-0.018954138981855252,0.026915721244775943,0.14,0.2944691120222417,0.0408163265306122,0.0,0.0,1,0.008163269351514568,0,0,0,0,0,0,0,0,0,0,0,1,0,0
2026-01-28,CENTEL,0.007042203219277177,0.008814120050518648,0.022808689611969742,0.7,0.2958173008031775,0.0,0.0,0.0,0,-0.020978981298389376,0,0,0,0,0,0,0,0,0,0,0,0,1,0
2026-01-28,COM7,-0.004854406264915734,-0.0008404586811282755,0.018109191290394244,0.32,0.5390811125917591,0.3469387755102041,0.0,0.0,1,0.03414640970154803,0,0,0,0,0,0,1,0,0,0,0,0,0,0
2026-01-28,CPALL,0.005780308202566475,-0.004409119082470503,0.01762827668483412,0.64,0.4825031688955927,0.183673469387755,2.0,0.0,0,0.0,0,0,0,0,0,0,0,0,0,1,0,0,0,0
2026-01-28,CPF,-0.004784719519741798,-0.004708681130928505,0.008748277976863922,0.34,0.7091921123853364,0.4897959183673469,1.0,0.0,0,0.0,0,0,0,0,0,0,1,0,0,0,0,0,0,0
2026-01-28,CPN,-0.004273471870772649,0.0017539625989339447,0.008433183744482618,0.38,0.2998494178860543,0.0204081632653061,0.0,0.0,0,-0.008583693613313459,0,0,0,0,0,0,0,0,0,0,0,1,0,0
2026-01-28,CRC,0.005102080289165922,-0.0008662200346909232,0.019107375919255043,0.62,0.1885120701342117,0.1224489795918367,1.0,0.0,0,-0.0050761812050952315,0,0,0,0,0,0,0,0,0,1,0,0,0,0
2026-01-28,DELTA,-0.0047618919308041185,0.023771559760693006,0.04342558336391619,0.36,0.7549857549857552,0.5102040816326531,5.0,0.0,0,-0.004784676041035496,0,0,0,0,0,0,0,0,0,0,0,1,0,0
2026-01-28,EGCO,0.0,-0.003325877731505855,0.008624738810696109,0.47,0.2641362307564376,0.0,0.0,0.0,0,-0.0042373008242028165,0,0,0,0,0,0,0,0,0,0,0,0,0,1
2026-01-28,GPSC,0.014084525600053244,-0.015624699909843765,0.025047913057183173,0.86,0.3084218345695337,0.0408163265306122,1.0,0.0,0,-0.013888906934773626,0,0,0,0,0,0,1,0,0,0,0,0,0,0
2026-01-28,GULF,0.01063827326968636,0.004283937427590989,0.006973781423592244,0.82,0.824860649548974,0.5306122448979591,0.0,0.0,0,-0.005263103474987374,1,0,0,0,0,0,0,0,0,0,0,0,0,0
2026-01-28,HMPRO,0.03703698554152335,0.0016639982484872196,0.024007849235675748,0.98,0.3412017927251844,0.0816326530612244,1.0,0.0,0,-0.007142875792005343,0,0,0,0,0,0,0,0,0,1,0,0,0,0
2026-01-28,IVL,0.08585866529148478,0.019249428687338678,0.03869927758713226,1.0,0.6190346064901138,0.4489795918367346,0.0,0.0,0,-0.02325592902310325,0,0,0,0,0,0,1,0,0,0,0,0,0,0
2026-01-28,KBANK,-0.005208345713337836,0.002121802685459562,0.005987807621989734,0.28,0.8492309488143115,0.5510204081632653,10.0,0.0,0,-0.02094245841687359,0,0,0,0,0,0,0,0,1,0,0,0,0,0
2026-01-28,KKP,0.0,0.003610178939301223,0.005704208590032354,0.47,0.6442502814112808,0.4081632653061224,3.0,0.0,1,0.010676166767473516,0,0,0,0,0,0,0,0,1,0,0,0,0,0
2026-01-28,KTB,0.0,0.008976842944091823,0.017882109822789014,0.47,0.750245974679521,0.3673469387755101,4.0,0.0,0,-0.017241326029587833,0,0,0,0,0,0,0,0,1,0,0,0,0,0
2026-01-28,KTC,0.0,0.0018840155393700987,0.016185978765441214,0.47,0.3257950366470686,0.0408163265306122,6.0,0.0,0,-0.008849581637951798,1,0,0,0,0,0,0,0,0,0,0,0,0,0
2026-01-28,LH,0.010101027062341839,9.922078334614337e-05,0.015691692206901506,0.8,0.2735033172691258,0.0,0.0,0.0,0,-0.0100000166238009,0,1,0,0,0,0,0,0,0,0,0,0,0,0
2026-01-28,MINT,0.012875616013350522,0.0026675365001801233,0.016162938816286006,0.84,0.4943019943019943,0.2040816326530612,0.0,0.0,0,-0.02966103301257894,1,0,0,0,0,0,0,0,0,0,0,0,0,0
2026-01-28,MTC,0.007462783538455087,0.006120038276976225,0.01471665133574912,0.72,0.2887361173649064,0.0,0.0,0.0,1,0.007407388806701221,0,0,1,0,0,0,0,0,0,0,0,0,0,0
2026-01-28,OR,-0.00714292174259068,-0.02266379775449636,0.01895394086215066,0.24,0.6153782616814699,0.2857142857142857,6.0,0.0,0,-0.035971200337230225,0,0,0,0,0,0,0,0,0,0,0,1,0,0
2026-01-28,OSP,0.0,-0.0044241298581055855,0.018449777369582282,0.47,0.338970421015203,0.0612244897959183,0.0,0.0,1,0.011560736208273914,0,0,0,0,0,0,0,0,0,1,0,0,0,0
2026-01-28,PTT,0.022058769406240852,0.007407901274632578,0.011678376396917814,0.92,0.7728921116235123,0.4285714285714285,2.0,0.0,0,0.0,0,0,0,0,0,0,1,0,0,0,0,0,0,0
2026-01-28,PTTEP,0.028925605270742727,0.010015801866227192,0.014903692092424883,0.94,0.6813255353395934,0.4489795918367346,2.0,0.0,0,0.0,0,0,0,0,0,0,1,0,0,0,0,0,0,0
2026-01-28,PTTGC,0.02970295277061652,0.0041126684265259785,0.023526990345102645,0.96,0.6382595769495901,0.4693877551020408,0.0,0.0,0,-0.028846137316295817,0,0,0,0,0,0,1,0,0,0,0,0,0,0
2026-01-28,RATCH,0.0,0.0016655673945235039,0.010555285577697875,0.47,0.2677087625191304,0.0,0.0,0.0,0,-0.00806450235188283,0,0,0,1,0,0,0,0,0,0,0,0,0,0
2026-01-28,SAWAD,-0.009615375301193052,0.006052441550674792,0.01767146148277963,0.18,0.3498375384972611,0.0816326530612244,0.0,0.0,0,-0.009708728368150066,0,0,0,0,0,0,0,0,0,1,0,0,0,0
2026-01-28,SCB,-0.010869560081246066,-0.0013631926779440252,0.015488793839760664,0.16,0.7988495394135452,0.4693877551020408,26.0,0.0,0,-0.0073260436360713665,0,0,0,0,0,0,0,0,1,0,0,0,0,0
2026-01-28,SCC,0.0046511985429955605,0.004744276821526583,0.011162945247510114,0.6,0.6673911126530135,0.4489795918367346,4.0,0.0,0,-0.060185216634645045,0,0,0,0,0,0,1,0,0,0,0,0,0,0
2026-01-28,SCGP,-0.02884612782525664,-0.007599569414684293,0.018518537322544923,0.02,0.5128534376254641,0.3469387755102041,0.0,0.0,0,-0.014851471353690027,0,0,0,0,0,0,1,0,0,0,0,0,0,0
2026-01-28,TCAP,0.0,-0.0025058030702848955,0.009826730146114364,0.47,0.3602260403234661,0.1020408163265306,0.0,0.0,0,-0.004273561625340205,0,0,0,0,0,0,0,0,1,0,0,0,0,0
2026-01-28,TIDLOR,-0.005780235560839619,-0.002162486094010374,0.019141412649345567,0.26,0.2781370028253271,0.0,0.0,0.0,0,-0.005813956168311152,0,0,0,0,1,0,0,0,0,0,0,0,0,0
2026-01-28,TISCO,-0.008928614323427952,2.8317082790785265e-05,0.008430284426284634,0.2,0.6406867342025374,0.4081632653061224,1.0,0.0,0,0.0,0,0,0,0,0,0,0,0,1,0,0,0,0,0
2026-01-28,TLI,0.017093976454815474,0.007133850230172545,0.026252785624643296,0.88,0.299872962494744,0.0,0.0,0.0,0,-0.016806683404416933,0,0,0,0,0,1,0,0,0,0,0,0,0,0
2026-01-28,TOP,0.0059171755422307015,0.002490058228235892,0.017329286181675167,0.66,0.7386039040525615,0.5102040816326531,4.0,0.0,1,0.0058823685350051225,0,0,0,0,0,0,1,0,0,0,0,0,0,0
2026-01-28,TRUE,0.009008948326482802,-0.017867011288439726,0.07253153246109392,0.76,0.7259234069997916,0.5510204081632653,7.0,0.0,1,0.04464281921319757,1,0,0,0,0,0,0,0,0,0,0,0,0,0
2026-01-28,TTB,-0.0049999668058118285,-0.0029652644385263606,0.00753081577843442,0.3,0.389142793520201,0.2448979591836734,15.0,0.0,0,0.0,0,0,0,0,0,0,0,0,1,0,0,0,0,0
2026-01-28,TU,0.008403451436109544,-0.003264443363732772,0.009456857176405434,0.74,0.2779194133981291,0.0,1.0,0.0,0,-0.008333421929627272,0,0,0,0,0,0,0,0,0,0,1,0,0,0
2026-01-28,WHA,0.00591719420796033,0.00019653149362308664,0.022313401428844793,0.68,0.2667685974671863,0.0204081632653061,0.0,0.0,0,-0.005882386981782783,1,0,0,0,0,0,0,0,0,0,0,0,0,0
2026-01-29,ADVANC,-0.01136361628237803,0.002988068796975174,0.014994528851892062,0.28,0.8340338761433772,0.5306122448979591,0.0,0.0,1,0.002873581601250619,1,0,0,0,0,0,0,0,0,0,0,0,0,0
2026-01-29,AOT,-0.009569377990430672,-0.0009053421849928078,0.012089928728111713,0.34,0.5714144407022494,0.3877551020408163,0.0,0.0,0,-0.02898550724637683,0,0,0,0,0,0,1,0,0,0,0,0,0,0
2026-01-29,AWC,0.0,0.007593568836669684,0.019931640651331132,0.73,0.26474316484215,0.0,0.0,0.0,0,-0.009090891692073333,0,0,0,0,0,0,0,1,0,0,0,0,0,0
2026-01-29,BANPU,-0.027027058172255924,-0.007174741884875946,0.013384746253193955,0.1,0.5168610876183813,0.3469387755102041,0.0,0.0,0,-0.0092592398569592,0,0,0,0,0,0,1,0,0,0,0,0,0,0
2026-01-29,BBL,-0.01892746775739862,-0.005583697379321739,0.016265077182013622,0.18,0.8021884428957072,0.4897959183673469,6.0,0.0,1,0.016077190298843247,0,0,0,0,0,0,0,0,1,0,0,0,0,0
2026-01-29,BDMS,0.0050000133257352974,2.4777236057071937e-05,0.00787051003558745,0.82,0.6121736045413307,0.4081632653061224,1.0,0.0,0,0.0,0,0,0,0,0,0,1,0,0,0,0,0,0,0
2026-01-29,BEM,0.0,-0.0018321996988472256,0.014139885802973394,0.73,0.3153698175379232,0.0204081632653061,0.0,0.0,1,0.009615421770319932,0,0,0,0,0,0,0,0,0,1,0,0,0,0
2026-01-29,BH,-0.005917233510902675,0.005474996120492714,0.008693813080317199,0.5,0.5733025950300475,0.4693877551020408,0.0,0.0,0,-0.0029761799370998654,0,0,0,0,0,0,1,0,0,0,0,0,0,0
2026-01-29,BJC,0.01398603790657127,0.002965941113010162,0.021590851383276932,0.94,0.3859487784668349,0.1020408163265306,0.0,0.0,0,0.0,0,0,0,0,0,0,0,0,0,1,0,0,0,0
2026-01-29,BTS,-0.008928562875609058,-0.010343375645709151,0.018012047800637945,0.36,0.3820598396963626,0.0816326530612244,2.0,0.0,0,-0.018018000602490147,0,0,0,0,0,0,0,0,0,1,0,0,0,0
2026-01-29,CBG,0.017647060968907002,-0.0032881631133937494,0.0189576201689651,0.96,0.4037334379706352,0.1428571428571428,0.0,0.0,0,0.0,0,0,0,0,0,0,0,0,0,1,0,0,0,0
2026-01-29,CCET,0.008163269351514568,-0.009914073707031078,0.026914550941315736,0.88,0.2944691120222417,0.0408163265306122,0.0,0.0,0,-0.0323886798881905,0,0,0,0,0,0,0,0,0,0,0,1,0,0
2026-01-29,CENTEL,-0.020978981298389376,0.0016986139325800397,0.025893833324911804,0.14,0.2958173008031775,0.0,0.0,0.0,1,0.007142806189688988,0,0,0,0,0,0,0,0,0,0,0,0,1,0
2026-01-29,COM7,0.03414640970154803,0.011814071837471896,0.015289546219321852,0.98,0.5390811125917591,0.3469387755102041,0.0,0.0,1,0.03301883713690512,0,0,0,0,0,0,1,0,0,0,0,0,0,0
2026-01-29,CPALL,0.0,0.002332444556606883,0.006648453116774779,0.73,0.4825031688955927,0.183673469387755,0.0,0.0,0,0.0,0,0,0,0,0,0,0,0,0,1,0,0,0,0
2026-01-29,CPF,0.0,-0.005647654230029641,0.0076724524546423825,0.73,0.7091921123853364,0.4897959183673469,1.0,0.0,0,-0.004807630223568005,0,0,0,0,0,0,1,0,0,0,0,0,0,0
2026-01-29,CPN,-0.008583693613313459,0.0009030181514817715,0.009363744846856772,0.4,0.2998494178860543,0.0204081632653061,0.0,0.0,0,0.0,0,0,0,0,0,0,0,0,0,0,0,1,0,0
2026-01-29,CRC,-0.0050761812050952315,0.00013874099981447952,0.01862632806219676,0.58,0.1885120701342117,0.1224489795918367,0.0,0.0,1,0.005102080289165922,0,0,0,0,0,0,0,0,0,1,0,0,0,0
2026-01-29,DELTA,-0.004784676041035496,0.015307926052826848,0.04419000875415938,0.6,0.7549857549857552,0.5102040816326531,5.0,0.0,0,-0.014423111211367079,0,0,0,0,0,0,0,0,0,0,0,1,0,0
2026-01-29,EGCO,-0.0042373008242028165,-0.0016733434583750205,0.007080904135678985,0.64,0.2641362307564376,0.0,0.0,0.0,0,0.0,0,0,0,0,0,0,0,0,0,0,0,0,0,1
2026-01-29,GPSC,-0.013888906934773626,-0.0145563224533227,0.02496944984991801,0.26,0.3084218345695337,0.0408163265306122,1.0,0.0,0,0.0,0,0,0,0,0,0,1,0,0,0,0,0,0,0
2026-01-29,GULF,-0.005263103474987374,0.003231316732593514,0.008089937080263135,0.56,0.824860649548974,0.5306122448979591,0.0,0.0,0,-0.010581985788217785,1,0,0,0,0,0,0,0,0,0,0,0,0,0
2026-01-29,HMPRO,-0.007142875792005343,0.001674261580238201,0.024003126155319434,0.48,0.3412017927251844,0.0816326530612244,1.0,0.0,1,0.021582790568290378,0,0,0,0,0,0,0,0,0,1,0,0,0,0
2026-01-29,IVL,-0.02325592902310325,0.01765947452210288,0.04059098859661678,0.12,0.6190346064901138,0.4489795918367346,0.0,0.0,0,-0.0285714075187391,0,0,0,0,0,0,1,0,0,0,0,0,0,0
2026-01-29,KBANK,-0.02094245841687359,-0.002066688997915156,0.012074313035571755,0.16,0.8492309488143115,0.5510204081632653,8.0,0.0,1,0.005347606633776092,0,0,0,0,0,0,0,0,1,0,0,0,0,0
2026-01-29,KKP,0.010676166767473516,0.003571497222533937,0.0056430011717952255,0.9,0.6442502814112808,0.4081632653061224,3.0,0.0,1,0.014084558087773758,0,0,0,0,0,0,0,0,1,0,0,0,0,0
2026-01-29,KTB,-0.017241326029587833,-0.0016786363459068809,0.012909045327566952,0.2,0.750245974679521,0.3673469387755101,4.0,0.0,0,-0.008771937974180632,0,0,0,0,0,0,0,0,1,0,0,0,0,0
2026-01-29,KTC,-0.008849581637951798,0.0018998039365418328,0.01617282824078343,0.38,0.3257950366470686,0.0408163265306122,7.0,0.0,1,0.026785715577734903,1,0,0,0,0,0,0,0,0,0,0,0,0,0
2026-01-29,LH,-0.0100000166238009,-0.004900775214627728,0.013600362900076643,0.3,0.2735033172691258,0.0,0.0,0.0,0,-0.015151478401963292,0,1,0,0,0,0,0,0,0,0,0,0,0,0
2026-01-29,MINT,-0.02966103301257894,-0.004981418904115719,0.02099145460828373,0.06,0.4943019943019943,0.2040816326530612,1.0,0.0,0,0.0,1,0,0,0,0,0,0,0,0,0,0,0,0,0
2026-01-29,MTC,0.007407388806701221,0.007601516038316469,0.014313872879483266,0.86,0.2887361173649064,0.0,0.0,0.0,0,-0.007352922848298249,0,0,1,0,0,0,0,0,0,0,0,0,0,0
2026-01-29,OR,-0.035971200337230225,-0.026011886617212987,0.019661257523576548,0.04,0.6153782616814699,0.2857142857142857,7.0,0.0,1,0.014925436054783692,0,0,0,0,0,0,0,0,0,0,0,1,0,0
2026-01-29,OSP,0.011560736208273914,0.0012778490181169166,0.018011481985801388,0.92,0.338970421015203,0.0612244897959183,0.0,0.0,1,0.011428613027832712,0,0,0,0,0,0,0,0,0,1,0,0,0,0
2026-01-29,PTT,0.0,0.005915343784701909,0.012137475546536667,0.73,0.7728921116235123,0.4285714285714285,1.0,0.0,0,-0.0215826820008167,0,0,0,0,0,0,1,0,0,0,0,0,0,0
2026-01-29,PTTEP,0.0,0.012547449966674718,0.010519482296165015,0.73,0.6813255353395934,0.4489795918367346,1.0,0.0,0,-0.016064294476690777,0,0,0,0,0,0,1,0,0,0,0,0,0,0
2026-01-29,PTTGC,-0.028846137316295817,0.0038336479201972916,0.023998454909478883,0.08,0.6382595769495901,0.4693877551020408,0.0,0.0,0,-0.021782144841434925,0,0,0,0,0,0,1,0,0,0,0,0,0,0
2026-01-29,RATCH,-0.00806450235188283,-0.0015733465355999732,0.010560396483225366,0.44,0.2677087625191304,0.0,0.0,0.0,1,0.008130067298734556,0,0,0,1,0,0,0,0,0,0,0,0,0,0
2026-01-29,SAWAD,-0.009708728368150066,0.005710700588684658,0.01802415719872839,0.32,0.3498375384972611,0.0816326530612244,0.0,0.0,0,-0.019607899745766266,0,0,0,0,0,0,0,0,0,1,0,0,0,0
2026-01-29,SCB,-0.0073260436360713665,-0.003555677753927999,0.015379660525757448,0.46,0.7988495394135452,0.4693877551020408,27.0,0.0,0,0.0,0,0,0,0,0,0,0,0,1,0,0,0,0,0
2026-01-29,SCC,-0.060185216634645045,-0.007292766505402426,0.03149334963146808,0.02,0.6673911126530135,0.4489795918367346,8.0,0.0,1,0.014778362603622641,0,0,0,0,0,0,1,0,0,0,0,0,0,0
2026-01-29,SCGP,-0.014851471353690027,-0.005807957162991961,0.01692278568109868,0.24,0.5128534376254641,0.3469387755102041,2.0,0.0,1,0.005025088377961451,0,0,0,0,0,0,1,0,0,0,0,0,0,0
2026-01-29,TCAP,-0.004273561625340205,-0.0008288759249052591,0.008250029376559595,0.62,0.3602260403234661,0.1020408163265306,0.0,0.0,1,0.01287557387555438,0,0,0,0,0,0,0,0,1,0,0,0,0,0
2026-01-29,TIDLOR,-0.005813956168311152,0.002421829599901515,0.012919958259723925,0.54,0.2781370028253271,0.0,0.0,0.0,0,-0.005847955927749227,0,0,0,0,1,0,0,0,0,0,0,0,0,0
2026-01-29,TISCO,0.0,0.0009292151157309636,0.008057219682026117,0.73,0.6406867342025374,0.4081632653061224,1.0,0.0,1,0.013513542844930004,0,0,0,0,0,0,0,0,1,0,0,0,0,0
2026-01-29,TLI,-0.016806683404416933,0.007250766005848596,0.026117210191059777,0.22,0.299872962494744,0.0,0.0,0.0,1,0.017093976454815474,0,0,0,0,0,1,0,0,0,0,0,0,0,0
2026-01-29,TOP,0.0058823685350051225,0.008428430970930111,0.00928354113384505,0.84,0.7386039040525615,0.5102040816326531,4.0,0.0,0,0.0,0,0,0,0,0,0,1,0,0,0,0,0,0,0
2026-01-29,TRUE,0.04464281921319757,0.020093791926220027,0.0196331933858142,1.0,0.7259234069997916,0.5510204081632653,7.0,0.0,0,-0.008546951800755598,1,0,0,0,0,0,0,0,0,0,0,0,0,0
2026-01-29,TTB,0.0,-0.0029652644385263606,0.00753081577843442,0.73,0.389142793520201,0.2448979591836734,16.0,0.0,1,0.015075338078131217,0,0,0,0,0,0,0,0,1,0,0,0,0,0
2026-01-29,TU,-0.008333421929627272,-0.0049311277496582265,0.009472029344796767,0.42,0.2779194133981291,0.0,1.0,0.0,0,-0.008403286499232054,0,0,0,0,0,0,0,0,0,0,1,0,0,0
2026-01-29,WHA,-0.005882386981782783,0.002549486286336222,0.020508689877649137,0.52,0.2667685974671863,0.0204081632653061,0.0,0.0,1,0.023668631303208842,1,0,0,0,0,0,0,0,0,0,0,0,0,0
2026-01-30,ADVANC,0.002873581601250619,-0.0011019295665905204,0.010027256703274066,0.62,0.8340338761433772,0.5306122448979591,0.0,0.0,1,0.0286532902907346,1,0,0,0,0,0,0,0,0,0,0,0,0,0
2026-01-30,AOT,-0.02898550724637683,-0.005740905172729715,0.017614053288183468,0.04,0.5714144407022494,0.3877551020408163,0.0,0.0,1,0.014925373134328401,0,0,0,0,0,0,1,0,0,0,0,0,0,0
2026-01-30,AWC,-0.009090891692073333,0.00011497632759231991,0.017021777477637914,0.26,0.26474316484215,0.0,0.0,0.0,1,0.009174294207060951,0,0,0,0,0,0,0,1,0,0,0,0,0,0
2026-01-30,BANPU,-0.0092592398569592,-0.007240879335667039,0.013396390726592853,0.24,0.5168610876183813,0.3469387755102041,0.0,0.0,0,0.0,0,0,0,0,0,0,1,0,0,0,0,0,0,0
2026-01-30,BBL,0.016077190298843247,0.0007567444360999209,0.017504077028244774,0.9,0.8021884428957072,0.4897959183673469,5.0,0.0,0,-0.009493682440079976,0,0,0,0,0,0,0,0,1,0,0,0,0,0
2026-01-30,BDMS,0.0,0.001019804750373088,0.007379545716670148,0.51,0.6121736045413307,0.4081632653061224,1.0,0.0,0,-0.009950275143160159,0,0,0,0,0,0,1,0,0,0,0,0,0,0
2026-01-30,BEM,0.009615421770319932,0.0019956538500968566,0.014127719056847073,0.74,0.3153698175379232,0.0204081632653061,0.0,0.0,0,-0.01904759859972649,0,0,0,0,0,0,0,0,0,1,0,0,0,0
2026-01-30,BH,-0.0029761799370998654,0.001210028686106046,0.00540996843081409,0.4,0.5733025950300475,0.4693877551020408,0.0,0.0,0,-0.014925320123806651,0,0,0,0,0,0,1,0,0,0,0,0,0,0
2026-01-30,BJC,0.0,0.004364544903667289,0.021002945698678627,0.51,0.3859487784668349,0.1020408163265306,0.0,0.0,0,-0.013793126713505965,0,0,0,0,0,0,0,0,0,1,0,0,0,0
2026-01-30,BTS,-0.018018000602490147,-0.008818775340538298,0.016665802753409835,0.14,0.3820598396963626,0.0816326530612244,2.0,0.0,0,0.0,0,0,0,0,0,0,0,0,0,1,0,0,0,0
2026-01-30,CBG,0.0,0.0012572802231277213,0.015549882533711463,0.51,0.4037334379706352,0.1428571428571428,0.0,0.0,0,0.0,0,0,0,0,0,0,0,0,0,1,0,0,0,0
2026-01-30,CCET,-0.0323886798881905,-0.010622594361386416,0.02757602849731906,0.02,0.2944691120222417,0.0408163265306122,0.0,0.0,0,-0.01673651177603075,0,0,0,0,0,0,0,0,0,0,0,1,0,0
2026-01-30,CENTEL,0.007142806189688988,0.0060048747890518285,0.024290363625483095,0.7,0.2958173008031775,0.0,0.0,0.0,0,0.0,0,0,0,0,0,0,0,0,0,0,0,0,1,0
2026-01-30,COM7,0.03301883713690512,0.01541783615649861,0.018094454552104816,1.0,0.5390811125917591,0.3469387755102041,0.0,0.0,0,-0.004566245168521443,0,0,0,0,0,0,1,0,0,0,0,0,0,0
2026-01-30,CPALL,0.0,0.003495245850968942,0.005223093297659073,0.51,0.4825031688955927,0.183673469387755,0.0,0.0,0,0.0,0,0,0,0,0,0,0,0,0,1,0,0,0,0
2026-01-30,CPF,-0.004807630223568005,-0.002870856947944489,0.002620771645976451,0.38,0.7091921123853364,0.4897959183673469,1.0,0.0,0,-0.009661803729622997,0,0,0,0,0,0,1,0,0,0,0,0,0,0
2026-01-30,CPN,0.0,-0.000836098987252476,0.00830192087711139,0.51,0.2998494178860543,0.0204081632653061,0.0,0.0,1,0.004328971376052593,0,0,0,0,0,0,0,0,0,0,0,1,0,0
2026-01-30,CRC,0.005102080289165922,0.006261196084538812,0.011906982395650538,0.66,0.1885120701342117,0.1224489795918367,0.0,0.0,0,-0.010152259778140271,0,0,0,0,0,0,0,0,0,1,0,0,0,0
2026-01-30,DELTA,-0.014423111211367079,0.007772137711411209,0.04568329113830712,0.2,0.7549857549857552,0.5102040816326531,5.0,0.0,0,-0.024390253000169504,0,0,0,0,0,0,0,0,0,0,0,1,0,0
2026-01-30,EGCO,0.0,0.0008583096603002937,0.003558161040686967,0.51,0.2641362307564376,0.0,0.0,0.0,0,-0.008510663891527659,0,0,0,0,0,0,0,0,0,0,0,0,0,1
2026-01-30,GPSC,0.0,-0.004098812640777072,0.01355855087894391,0.51,0.3084218345695337,0.0408163265306122,1.0,0.0,1,0.007042262800026622,0,0,0,0,0,0,1,0,0,0,0,0,0,0
2026-01-30,GULF,-0.010581985788217785,3.9644613735423385e-05,0.00996318881774102,0.22,0.824860649548974,0.5306122448979591,0.0,0.0,1,0.016042699702337515,1,0,0,0,0,0,0,0,0,0,0,0,0,0
2026-01-30,HMPRO,0.021582790568290378,0.011787936083070206,0.017674075100194392,0.94,0.3412017927251844,0.0816326530612244,1.0,0.0,0,-0.035211288672750474,0,0,0,0,0,0,0,0,0,1,0,0,0,0
2026-01-30,IVL,-0.0285714075187391,0.010908934492898825,0.04567344386634112,0.06,0.6190346064901138,0.4489795918367346,0.0,0.0,0,-0.014705823791044015,0,0,0,0,0,0,1,0,0,0,0,0,0,0
2026-01-30,KBANK,0.005347606633776092,-0.0020553712845890358,0.012082957286293885,0.68,0.8492309488143115,0.5510204081632653,6.0,0.0,0,-0.002659537575461668,0,0,0,0,0,0,0,0,1,0,0,0,0,0
2026-01-30,KKP,0.014084558087773758,0.0071052400077759705,0.005573558929569627,0.82,0.6442502814112808,0.4081632653061224,2.0,0.0,0,-0.0034722625526367734,0,0,0,0,0,0,0,0,1,0,0,0,0,0
2026-01-30,KTB,-0.008771937974180632,-0.0034330239407430073,0.013216292349974798,0.28,0.750245974679521,0.3673469387755101,3.0,0.0,0,0.0,0,0,0,0,0,0,0,0,1,0,0,0,0,0
2026-01-30,KTC,0.026785715577734903,0.010860560389689522,0.014725426480729938,0.98,0.3257950366470686,0.0408163265306122,9.0,0.0,0,-0.008695605605291035,1,0,0,0,0,0,0,0,0,0,0,0,0,0
2026-01-30,LH,-0.015151478401963292,-0.0030049662857233985,0.010460915267159162,0.18,0.2735033172691258,0.0,0.0,0.0,1,0.010256427095967524,0,1,0,0,0,0,0,0,0,0,0,0,0,0
2026-01-30,MINT,0.0,0.00012496224325497796,0.017569014268102687,0.51,0.4943019943019943,0.2040816326530612,1.0,0.0,1,0.04803488850869764,1,0,0,0,0,0,0,0,0,0,0,0,0,0
2026-01-30,MTC,-0.007352922848298249,0.009184370803327013,0.011265854411995988,0.34,0.2887361173649064,0.0,0.0,0.0,0,-0.03703705817420311,0,0,1,0,0,0,0,0,0,0,0,0,0,0
2026-01-30,OR,0.014925436054783692,-0.021719598047542955,0.02622353893190731,0.86,0.6153782616814699,0.2857142857142857,8.0,0.0,0,-0.014705943436398417,0,0,0,0,0,0,0,0,0,0,0,1,0,0
2026-01-30,OSP,0.011428613027832712,0.009310707512007799,0.0066566878919327955,0.76,0.338970421015203,0.0612244897959183,0.0,0.0,1,0.011299364960230873,0,0,0,0,0,0,0,0,0,1,0,0,0,0
2026-01-30,PTT,-0.0215826820008167,0.0015988073845385697,0.01744463347358767,0.1,0.7728921116235123,0.4285714285714285,1.0,0.0,1,0.0073529231354136915,0,0,0,0,0,0,1,0,0,0,0,0,0,0
2026-01-30,PTTEP,-0.016064294476690777,0.006770485911097723,0.016540320525168423,0.16,0.6813255353395934,0.4489795918367346,0.0,0.0,1,0.004081658440642899,0,0,0,0,0,0,1,0,0,0,0,0,0,0
2026-01-30,PTTGC,-0.021782144841434925,0.0018965630476704075,0.025919751467902832,0.08,0.6382595769495901,0.4693877551020408,0.0,0.0,0,-0.004048590959269349,0,0,0,0,0,0,1,0,0,0,0,0,0,0
2026-01-30,RATCH,0.008130067298734556,0.003278467864900092,0.007257348620175254,0.72,0.2677087625191304,0.0,0.0,0.0,0,-0.00806450235188283,0,0,0,1,0,0,0,0,0,0,0,0,0,0
2026-01-30,SAWAD,-0.019607899745766266,0.000982666632657847,0.02136541503938767,0.12,0.3498375384972611,0.0816326530612244,0.0,0.0,0,-0.01999998140142145,0,0,0,0,0,0,0,0,0,1,0,0,0,0
2026-01-30,SCB,0.0,-0.002831036477466875,0.01546082622975353,0.51,0.7988495394135452,0.4693877551020408,29.0,0.0,0,-0.003689995168916216,0,0,0,0,0,0,0,0,1,0,0,0,0,0
2026-01-30,SCC,0.014778362603622641,-0.0033892340408520293,0.03305960905337971,0.84,0.6673911126530135,0.4489795918367346,8.0,0.0,0,-0.00970873713614262,0,0,0,0,0,0,1,0,0,0,0,0,0,0
2026-01-30,SCGP,0.005025088377961451,-0.005778560974818614,0.016946100430551447,0.64,0.5128534376254641,0.3469387755102041,2.0,0.0,0,-0.010000023291753646,0,0,0,0,0,0,1,0,0,0,0,0,0,0
2026-01-30,TCAP,0.01287557387555438,0.004310348713632761,0.006786116397045407,0.78,0.3602260403234661,0.1020408163265306,0.0,0.0,0,-0.04661019113382703,0,0,0,0,0,0,0,0,1,0,0,0,0,0
2026-01-30,TIDLOR,-0.005847955927749227,6.880590650308882e-05,0.013192703319828527,0.36,0.2781370028253271,0.0,0.0,0.0,0,-0.029411778422719026,0,0,0,0,1,0,0,0,0,0,0,0,0,0
2026-01-30,TISCO,0.013513542844930004,0.0036319236847169646,0.009755176211093645,0.8,0.6406867342025374,0.4081632653061224,1.0,0.0,0,-0.004444430167214963,0,0,0,0,0,0,0,0,1,0,0,0,0,0
2026-01-30,TLI,0.017093976454815474,0.014209393494386501,0.02213996457193061,0.92,0.299872962494744,0.0,0.0,0.0,0,0.0,0,0,0,0,0,1,0,0,0,0,0,0,0,0
2026-01-30,TOP,0.0,0.0035503881993875107,0.003241140741973252,0.51,0.7386039040525615,0.5102040816326531,3.0,0.0,0,-0.005847968628351907,0,0,0,0,0,0,1,0,0,0,0,0,0,0
2026-01-30,TRUE,-0.008546951800755598,0.016497621730352807,0.02336581807659434,0.3,0.7259234069997916,0.5510204081632653,7.0,0.0,1,0.008620631926322009,1,0,0,0,0,0,0,0,0,0,0,0,0,0
2026-01-30,TTB,0.015075338078131217,0.0030200926743649604,0.007614332505691494,0.88,0.389142793520201,0.2448979591836734,17.0,0.0,0,-0.019801970556499238,0,0,0,0,0,0,0,0,1,0,0,0,0,0
2026-01-30,TU,-0.008403286499232054,-0.004972455424747624,0.009490272425219512,0.32,0.2779194133981291,0.0,1.0,0.0,0,-0.02542374995779262,0,0,0,0,0,0,0,0,0,0,1,0,0,0
2026-01-30,WHA,0.023668631303208842,0.009678421510510616,0.0203920578119793,0.96,0.2667685974671863,0.0204081632653061,0.0,0.0,0,-0.023121379887431903,1,0,0,0,0,0,0,0,0,0,0,0,0,0
2026-02-02,ADVANC,0.0286532902907346,0.0069079267847366845,0.01466969591112786,0.98,0.8340338761433772,0.5306122448979591,0.0,0.0,1,0.005570975009541179,1,0,0,0,0,0,0,0,0,0,0,0,0,0
2026-02-02,AOT,0.014925373134328401,-0.0008234633961055726,0.01956932987678617,0.94,0.5714144407022494,0.3877551020408163,0.0,0.0,1,0.014705882352941124,0,0,0,0,0,0,1,0,0,0,0,0,0,0
2026-02-02,AWC,0.009174294207060951,0.00194983516900451,0.017494199896242013,0.88,0.26474316484215,0.0,0.0,0.0,1,0.02727267507622,0,0,0,0,0,0,0,1,0,0,0,0,0,0
2026-02-02,BANPU,0.0,-0.007240879335667039,0.013396390726592853,0.7,0.5168610876183813,0.3469387755102041,0.0,0.0,0,0.0,0,0,0,0,0,0,1,0,0,0,0,0,0,0
2026-02-02,BBL,-0.009493682440079976,-0.0017769134620019722,0.017977061288222095,0.42,0.8021884428957072,0.4897959183673469,6.0,0.0,0,0.0,0,0,0,0,0,0,0,0,1,0,0,0,0,0
2026-02-02,BDMS,-0.009950275143160159,-0.0029702556085531074,0.0066694478608778935,0.36,0.6121736045413307,0.4081632653061224,1.0,0.0,0,-0.010050178971101387,0,0,0,0,0,0,1,0,0,0,0,0,0,0
2026-02-02,BEM,-0.01904759859972649,-0.0018138658698484411,0.01706343620062449,0.2,0.3153698175379232,0.0204081632653061,0.0,0.0,1,0.009708679658392505,0,0,0,0,0,0,0,0,0,1,0,0,0,0
2026-02-02,BH,-0.014925320123806651,-0.002976232247920807,0.008166936684816113,0.24,0.5733025950300475,0.4693877551020408,0.0,0.0,1,0.0030302921044895736,0,0,0,0,0,0,1,0,0,0,0,0,0,0
2026-02-02,BJC,-0.013793126713505965,0.004422812042232449,0.0209392759224268,0.3,0.3859487784668349,0.1020408163265306,0.0,0.0,1,0.01398603790657127,0,0,0,0,0,0,0,0,0,1,0,0,0,0
2026-02-02,BTS,0.0,-0.0035556223990961034,0.013639264943964384,0.7,0.3820598396963626,0.0816326530612244,1.0,0.0,1,0.009174302896359121,0,0,0,0,0,0,0,0,0,1,0,0,0,0
2026-02-02,CBG,0.0,0.0012572802231277213,0.015549882533711463,0.7,0.4037334379706352,0.1428571428571428,0.0,0.0,1,0.005780377377153867,0,0,0,0,0,0,0,0,0,1,0,0,0,0
2026-02-02,CCET,-0.01673651177603075,-0.005653061034351458,0.022344061753496906,0.22,0.2944691120222417,0.0408163265306122,0.0,0.0,1,0.017021390478213716,0,0,0,0,0,0,0,0,0,0,0,1,0,0
2026-02-02,CENTEL,0.0,0.007464741108260365,0.023497274446081892,0.7,0.2958173008031775,0.0,0.0,0.0,1,0.03546107375152552,0,0,0,0,0,0,0,0,0,0,0,0,1,0
2026-02-02,COM7,-0.004566245168521443,0.014504587122794321,0.019151506845554722,0.52,0.5390811125917591,0.3469387755102041,0.0,0.0,1,0.07339451060391311,0,0,0,0,0,0,1,0,0,0,0,0,0,0
2026-02-02,CPALL,0.0,0.003495245850968942,0.005223093297659073,0.7,0.4825031688955927,0.183673469387755,0.0,0.0,1,0.017241446771392832,0,0,0,0,0,0,0,0,0,1,0,0,0,0
2026-02-02,CPF,-0.009661803729622997,-0.00385083069458656,0.004037722605846938,0.4,0.7091921123853364,0.4897959183673469,1.0,0.0,1,0.004878079588201523,0,0,0,0,0,0,1,0,0,0,0,0,0,0
2026-02-02,CPN,0.004328971376052593,0.0008917577195777238,0.008297106599652592,0.8,0.2998494178860543,0.0204081632653061,0.0,0.0,1,0.038793150833749124,0,0,0,0,0,0,0,0,0,0,0,1,0,0
2026-02-02,CRC,-0.010152259778140271,0.004230744128910757,0.013934581087243245,0.32,0.1885120701342117,0.1224489795918367,0.0,0.0,1,0.005128140790529256,0,0,0,0,0,0,0,0,0,1,0,0,0,0
2026-02-02,DELTA,-0.024390253000169504,0.00794459395631939,0.04552882073731757,0.12,0.7549857549857552,0.5102040816326531,5.0,0.0,1,0.03499998279505423,0,0,0,0,0,0,0,0,0,0,0,1,0,0
2026-02-02,EGCO,-0.008510663891527659,-0.0016985265539933181,0.004849458883341501,0.46,0.2641362307564376,0.0,0.0,0.0,1,0.008583717022042192,0,0,0,0,0,0,0,0,0,0,0,0,0,1
2026-02-02,GPSC,0.007042262800026622,0.001447576293061248,0.010372941686725519,0.82,0.3084218345695337,0.0408163265306122,1.0,0.0,1,0.034965080712928476,0,0,0,0,0,0,1,0,0,0,0,0,0,0
2026-02-02,GULF,0.016042699702337515,0.004317709349254883,0.011539350562144102,0.96,0.824860649548974,0.5306122448979591,0.0,0.0,1,0.005263188227056181,1,0,0,0,0,0,0,0,0,0,0,0,0,0
2026-02-02,HMPRO,-0.035211288672750474,0.00474567834852011,0.02771054151013514,0.06,0.3412017927251844,0.0816326530612244,1.0,0.0,0,0.0,0,0,0,0,0,0,0,0,0,1,0,0,0,0
2026-02-02,IVL,-0.014705823791044015,0.005905895768785041,0.04710323311682436,0.28,0.6190346064901138,0.4489795918367346,0.0,0.0,0,-0.009950240617393913,0,0,0,0,0,0,1,0,0,0,0,0,0,0
2026-02-02,KBANK,-0.002659537575461668,-0.0025872787996813694,0.01202827153933666,0.62,0.8492309488143115,0.5510204081632653,6.0,0.0,0,-0.0026667165058772424,0,0,0,0,0,0,0,0,1,0,0,0,0,0
2026-02-02,KKP,-0.0034722625526367734,0.005691377853285684,0.007311623561160351,0.6,0.6442502814112808,0.4081632653061224,2.0,0.0,0,-0.01742158170048036,0,0,0,0,0,0,0,0,1,0,0,0,0,0
2026-02-02,KTB,0.0,-0.0016938919042598145,0.012919451864184717,0.7,0.750245974679521,0.3673469387755101,4.0,0.0,0,0.0,0,0,0,0,0,0,0,0,1,0,0,0,0,0
2026-02-02,KTC,-0.008695605605291035,0.005451704403503443,0.016182134461084643,0.44,0.3257950366470686,0.0408163265306122,9.0,0.0,0,0.0,1,0,0,0,0,0,0,0,0,0,0,0,0,0
2026-02-02,LH,0.010256427095967524,5.640940139441941e-05,0.011858999038036359,0.9,0.2735033172691258,0.0,1.0,0.0,1,0.005076087874426927,0,1,0,0,0,0,0,0,0,0,0,0,0,0
2026-02-02,MINT,0.04803488850869764,0.008858589145211381,0.027976186715491007,1.0,0.4943019943019943,0.2040816326530612,1.0,0.0,1,0.037499987844175964,1,0,0,0,0,0,0,0,0,0,0,0,0,0
2026-02-02,MTC,-0.03703705817420311,-0.0013238203773507928,0.022649787908714452,0.04,0.2887361173649064,0.0,0.0,0.0,1,0.023076865635109467,0,0,1,0,0,0,0,0,0,0,0,0,0,0
2026-02-02,OR,-0.014705943436398417,-0.014134477690260772,0.01972731985799592,0.26,0.6153782616814699,0.2857142857142857,8.0,0.0,1,0.0074626816854046485,0,0,0,0,0,0,0,0,0,0,0,1,0,0
2026-02-02,OSP,0.011299364960230873,0.010387132630662644,0.0064010087481771085,0.92,0.338970421015203,0.0612244897959183,0.0,0.0,0,-0.005586557923269009,0,0,0,0,0,0,0,0,0,1,0,0,0,0
2026-02-02,PTT,0.0073529231354136915,0.00455089337179464,0.016775600157660015,0.84,0.7728921116235123,0.4285714285714285,2.0,0.0,1,0.007299252294347358,0,0,0,0,0,0,1,0,0,0,0,0,0,0
2026-02-02,PTTEP,0.004081658440642899,0.00589905664193584,0.016545228713601083,0.78,0.6813255353395934,0.4489795918367346,2.0,0.0,0,-0.008130068250633338,0,0,0,0,0,0,1,0,0,0,0,0,0,0
2026-02-02,PTTGC,-0.004048590959269349,-0.002994780027137112,0.023771699724527848,0.56,0.6382595769495901,0.4693877551020408,0.0,0.0,0,-0.008130097357196941,0,0,0,0,0,0,1,0,0,0,0,0,0,0
2026-02-02,RATCH,-0.00806450235188283,2.6225978740690437e-05,0.008097298097531498,0.48,0.2677087625191304,0.0,0.0,0.0,0,-0.008130067298734445,0,0,0,1,0,0,0,0,0,0,0,0,0,0
2026-02-02,SAWAD,-0.01999998140142145,-0.009844651289676154,0.01205049219592762,0.16,0.3498375384972611,0.0816326530612244,0.0,0.0,1,0.04081636687529966,0,0,0,0,0,0,0,0,0,1,0,0,0,0
2026-02-02,SCB,-0.003689995168916216,6.732252041583565e-05,0.013031100662325032,0.58,0.7988495394135452,0.4693877551020408,29.0,0.0,1,0.0037036616625583108,0,0,0,0,0,0,0,0,1,0,0,0,0,0
2026-02-02,SCC,-0.00970873713614262,-0.010092878524833893,0.02935652628753579,0.38,0.6673911126530135,0.4489795918367346,8.0,0.0,1,0.029411762479047532,0,0,0,0,0,0,1,0,0,0,0,0,0,0
2026-02-02,SCGP,-0.010000023291753646,-0.006807680229060753,0.017031974104166122,0.34,0.5128534376254641,0.3469387755102041,2.0,0.0,0,-0.005050467918206292,0,0,0,0,0,0,1,0,0,0,0,0,0,0
2026-02-02,TCAP,-0.04661019113382703,-0.005877488298336608,0.023759979055217647,0.02,0.3602260403234661,0.1020408163265306,1.0,0.0,1,0.008888938075679365,0,0,0,0,0,0,0,0,1,0,0,0,0,0
2026-02-02,TIDLOR,-0.029411778422719026,-0.0046370786411319646,0.01883581339344901,0.08,0.2781370028253271,0.0,0.0,0.0,1,0.03636365383654372,0,0,0,0,1,0,0,0,0,0,0,0,0,0
2026-02-02,TISCO,-0.004444430167214963,0.0027430376512739716,0.01035301745417377,0.54,0.6406867342025374,0.4081632653061224,1.0,0.0,1,0.004464271309296608,0,0,0,0,0,0,0,0,1,0,0,0,0,0
2026-02-02,TLI,0.0,0.005200378903026515,0.01419478901761393,0.7,0.299872962494744,0.0,0.0,0.0,0,0.0,0,0,0,0,0,1,0,0,0,0,0,0,0,0
2026-02-02,TOP,-0.005847968628351907,0.0011903150897767834,0.004917563242923979,0.5,0.7386039040525615,0.5102040816326531,3.0,0.0,1,0.0058823685350051225,0,0,0,0,0,0,1,0,0,0,0,0,0,0
2026-02-02,TRUE,0.008620631926322009,0.010745089533049357,0.02027451227390444,0.86,0.7259234069997916,0.5510204081632653,7.0,0.0,1,0.017093986592906063,1,0,0,0,0,0,0,0,0,0,0,0,0,0
2026-02-02,TTB,-0.019801970556499238,-0.0009403014369348872,0.012895873766409147,0.18,0.389142793520201,0.2448979591836734,15.0,0.0,1,0.005050533587569683,0,0,0,0,0,0,0,0,1,0,0,0,0,0
2026-02-02,TU,-0.02542374995779262,-0.00675140139010848,0.012541322690898542,0.1,0.2779194133981291,0.0,1.0,0.0,1,0.017391319189026255,0,0,0,0,0,0,0,0,0,0,1,0,0,0
2026-02-02,WHA,-0.023121379887431903,0.007478372419244339,0.023662995053994936,0.14,0.2667685974671863,0.0204081632653061,0.0,0.0,0,-0.011834388415920882,1,0,0,0,0,0,0,0,0,0,0,0,0,0
2026-02-03,ADVANC,0.005570975009541179,0.005716650360770492,0.01444084933659216,0.5,0.8340338761433772,0.5306122448979591,2.0,0.0,1,0.03601113082693841,1,0,0,0,0,0,0,0,0,0,0,0,0,0
2026-02-03,AOT,0.014705882352941124,0.002117713074482652,0.02079101115613971,0.7,0.5714144407022494,0.3877551020408163,0.0,0.0,1,0.009661835748792313,0,0,0,0,0,0,1,0,0,0,0,0,0,0
2026-02-03,AWC,0.02727267507622,0.001899793660011939,0.017402880970192013,0.82,0.26474316484215,0.0,0.0,0.0,0,0.0,0,0,0,0,0,0,0,1,0,0,0,0,0,0
2026-02-03,BANPU,0.0,-0.0054390636383015774,0.013701498497220433,0.27,0.5168610876183813,0.3469387755102041,0.0,0.0,1,0.009345774625869163,0,0,0,0,0,0,1,0,0,0,0,0,0,0
2026-02-03,BBL,0.0,-0.00557436615433804,0.014076594702046944,0.27,0.8021884428957072,0.4897959183673469,4.0,0.0,0,0.0,0,0,0,0,0,0,0,0,1,0,0,0,0,0
2026-02-03,BDMS,-0.010050178971101387,-0.0030000881577052496,0.006708419360461778,0.06,0.6121736045413307,0.4081632653061224,1.0,0.0,1,0.010152210503615144,0,0,0,0,0,0,1,0,0,0,0,0,0,0
2026-02-03,BEM,0.009708679658392505,-0.003718298646297913,0.014460276278217719,0.66,0.3153698175379232,0.0204081632653061,0.0,0.0,0,0.0,0,0,0,0,0,0,0,0,0,1,0,0,0,0
2026-02-03,BH,0.0030302921044895736,-0.0035642186353325835,0.007434817313710337,0.34,0.5733025950300475,0.4693877551020408,0.0,0.0,0,-0.0030211371763574357,0,0,0,0,0,0,1,0,0,0,0,0,0,0
2026-02-03,BJC,0.01398603790657127,7.716447722612152e-05,0.013889649293044018,0.68,0.3859487784668349,0.1020408163265306,0.0,0.0,1,0.006896563356753038,0,0,0,0,0,0,0,0,0,1,0,0,0,0
2026-02-03,BTS,0.009174302896359121,-0.005324361940322308,0.010309046799249155,0.64,0.3820598396963626,0.0816326530612244,1.0,0.0,0,-0.018181800448205276,0,0,0,0,0,0,0,0,0,1,0,0,0,0
2026-02-03,CBG,0.005780377377153867,8.7780171379781e-05,0.014775535967950545,0.52,0.4037334379706352,0.1428571428571428,0.0,0.0,0,-0.022988537489161964,0,0,0,0,0,0,0,0,0,1,0,0,0,0
2026-02-03,CCET,0.017021390478213716,-0.007207443044293283,0.019824843532970912,0.72,0.2944691120222417,0.0408163265306122,0.0,0.0,0,-0.004184102543938861,0,0,0,0,0,0,0,0,0,0,0,1,0,0
2026-02-03,CENTEL,0.03546107375152552,0.005733420372420461,0.02021049955184143,0.9,0.2958173008031775,0.0,0.0,0.0,0,0.0,0,0,0,0,0,0,0,0,0,0,0,0,1,0
2026-02-03,COM7,0.07339451060391311,0.026227821201785816,0.032587949913760385,1.0,0.5390811125917591,0.3469387755102041,0.0,0.0,0,-0.012820526005193122,0,0,0,0,0,0,1,0,0,0,0,0,0,0
2026-02-03,CPALL,0.017241446771392832,0.004604350994791862,0.007494651580814574,0.76,0.4825031688955927,0.183673469387755,0.0,0.0,1,0.0056496796108636005,0,0,0,0,0,0,0,0,0,1,0,0,0,0
2026-02-03,CPF,0.004878079588201523,-0.0028752147769462557,0.005518574565952185,0.4,0.7091921123853364,0.4897959183673469,1.0,0.0,0,0.0,0,0,0,0,0,0,1,0,0,0,0,0,0,0
2026-02-03,CPN,0.038793150833749124,0.006052991345143121,0.018923513029696207,0.96,0.2998494178860543,0.0204081632653061,0.0,0.0,0,-0.008298757641451937,0,0,0,0,0,0,0,0,0,0,0,1,0,0
2026-02-03,CRC,0.005128140790529256,2.0772077125119635e-05,0.007197119412576591,0.46,0.1885120701342117,0.1224489795918367,0.0,0.0,0,-0.010204057422644852,0,0,0,0,0,0,0,0,0,1,0,0,0,0
2026-02-03,DELTA,0.03499998279505423,-0.0026719898776643935,0.02257089090027487,0.88,0.7549857549857552,0.5102040816326531,5.0,0.0,1,0.009661883931795678,0,0,0,0,0,0,0,0,0,0,0,1,0,0
2026-02-03,EGCO,0.008583717022042192,-0.0008328495387376567,0.006336365762267868,0.6,0.2641362307564376,0.0,0.0,0.0,1,0.004255331945763885,0,0,0,0,0,0,0,0,0,0,0,0,0,1
2026-02-03,GPSC,0.034965080712928476,0.008440592435646942,0.018077665284157256,0.86,0.3084218345695337,0.0408163265306122,2.0,0.0,0,-0.006756765298563172,0,0,0,0,0,0,1,0,0,0,0,0,0,0
2026-02-03,GULF,0.005263188227056181,0.0032198143871749797,0.011023666361339345,0.48,0.824860649548974,0.5306122448979591,0.0,0.0,1,0.03664925615174752,1,0,0,0,0,0,0,0,0,0,0,0,0,0
2026-02-03,HMPRO,0.0,0.0032531223290115817,0.027728580232568283,0.27,0.3412017927251844,0.0816326530612244,1.0,0.0,0,-0.014598505933426043,0,0,0,0,0,0,0,0,0,1,0,0,0,0
2026-02-03,IVL,-0.009950240617393913,0.0018750528682409007,0.04750411401496841,0.08,0.6190346064901138,0.4489795918367346,0.0,0.0,1,0.05527628764333614,0,0,0,0,0,0,1,0,0,0,0,0,0,0
2026-02-03,KBANK,-0.0026667165058772424,-0.005225890315554848,0.009642940363404346,0.2,0.8492309488143115,0.5510204081632653,5.0,0.0,1,0.016042819901328276,0,0,0,0,0,0,0,0,1,0,0,0,0,0
2026-02-03,KKP,-0.01742158170048036,0.0007733761204260281,0.01249932874635183,0.02,0.6442502814112808,0.4081632653061224,3.0,0.0,1,0.02127661515923185,0,0,0,0,0,0,0,0,1,0,0,0,0,0
2026-02-03,KTB,0.0,-0.005202652800753693,0.007727746085623283,0.27,0.750245974679521,0.3673469387755101,4.0,0.0,1,0.017699131633245102,0,0,0,0,0,0,0,0,1,0,0,0,0,0
2026-02-03,KTC,0.0,0.0018481056668984142,0.014614425563811451,0.27,0.3257950366470686,0.0408163265306122,8.0,0.0,0,0.0,1,0,0,0,0,0,0,0,0,0,0,0,0,0
2026-02-03,LH,0.005076087874426927,5.640940139441941e-05,0.011858999038036359,0.44,0.2735033172691258,0.0,1.0,0.0,1,0.010101027062341839,0,1,0,0,0,0,0,0,0,0,0,0,0,0
2026-02-03,MINT,0.037499987844175964,0.013749891870729036,0.03087822994104909,0.94,0.4943019943019943,0.2040816326530612,2.0,0.0,1,0.014056233526173134,1,0,0,0,0,0,0,0,0,0,0,0,0,0
2026-02-03,MTC,0.023076865635109467,-0.0012885886084471165,0.022696977355033468,0.8,0.2887361173649064,0.0,0.0,0.0,0,0.0,0,0,1,0,0,0,0,0,0,0,0,0,0,0
2026-02-03,OR,0.0074626816854046485,-0.007086389555206196,0.01992855383488043,0.58,0.6153782616814699,0.2857142857142857,8.0,0.0,0,0.0,0,0,0,0,0,0,0,0,0,0,0,1,0,0
2026-02-03,OSP,-0.005586557923269009,0.005740431254613698,0.00803720007849511,0.16,0.338970421015203,0.0612244897959183,0.0,0.0,0,0.0,0,0,0,0,0,0,0,0,0,1,0,0,0,0
2026-02-03,PTT,0.007299252294347358,0.0030256525670370404,0.015921472650761867,0.56,0.7728921116235123,0.4285714285714285,2.0,0.0,1,0.0072463592896765405,0,0,0,0,0,0,1,0,0,0,0,0,0,0
2026-02-03,PTTEP,-0.008130068250633338,0.0017625801968123023,0.017043889652509712,0.12,0.6813255353395934,0.4489795918367346,2.0,0.0,1,0.02459012413944528,0,0,0,0,0,0,1,0,0,0,0,0,0,0
2026-02-03,PTTGC,-0.008130097357196941,-0.006620803540716103,0.022650282831713737,0.1,0.6382595769495901,0.4693877551020408,0.0,0.0,1,0.024590133251543245,0,0,0,0,0,0,1,0,0,0,0,0,0,0
2026-02-03,RATCH,-0.008130067298734445,-0.0032258009407531095,0.007249817693986059,0.14,0.2677087625191304,0.0,2.0,0.0,1,0.008196707078914178,0,0,0,1,0,0,0,0,0,0,0,0,0,0
2026-02-03,SAWAD,0.04081636687529966,-0.0036231235882462354,0.0253551006674548,0.98,0.3498375384972611,0.0816326530612244,0.0,0.0,1,0.019607823771185195,0,0,0,0,0,0,0,0,0,1,0,0,0,0
2026-02-03,SCB,0.0037036616625583108,-0.0036363874447350674,0.005767036880704743,0.36,0.7988495394135452,0.4693877551020408,28.0,0.0,0,0.0,0,0,0,0,0,0,0,0,1,0,0,0,0,0
2026-02-03,SCC,0.029411762479047532,-0.004210526029024386,0.03439826540752758,0.84,0.6673911126530135,0.4489795918367346,8.0,0.0,1,0.014285676460425556,0,0,0,0,0,0,1,0,0,0,0,0,0,0
2026-02-03,SCGP,-0.005050467918206292,-0.01074460040218903,0.012511917400039922,0.18,0.5128534376254641,0.3469387755102041,2.0,0.0,1,0.01015230777037135,0,0,0,0,0,0,1,0,0,0,0,0,0,0
2026-02-03,TCAP,0.008888938075679365,-0.0058238481615866975,0.023801159804668688,0.62,0.3602260403234661,0.1020408163265306,1.0,0.0,0,-0.004405345440330222,0,0,0,0,0,0,0,0,1,0,0,0,0,0
2026-02-03,TIDLOR,0.03636365383654372,-0.002098054448615061,0.023805307527855365,0.92,0.2781370028253271,0.0,0.0,0.0,0,0.0,0,0,0,0,1,0,0,0,0,0,0,0,0,0
2026-02-03,TISCO,0.004464271309296608,0.0009209539327167393,0.008628121044897446,0.38,0.6406867342025374,0.4081632653061224,1.0,0.0,0,-0.013333361887792439,0,0,0,0,0,0,0,0,1,0,0,0,0,0
2026-02-03,TLI,0.0,0.0034762539010428028,0.014199040136654472,0.27,0.299872962494744,0.0,0.0,0.0,0,-0.008403299203350367,0,0,0,0,0,1,0,0,0,0,0,0,0,0
2026-02-03,TOP,0.0058823685350051225,0.0023667887967778077,0.00525375524259156,0.54,0.7386039040525615,0.5102040816326531,3.0,0.0,1,0.06432747315682441,0,0,0,0,0,0,1,0,0,0,0,0,0,0
2026-02-03,TRUE,0.017093986592906063,0.014163886851630569,0.019433438071109078,0.74,0.7259234069997916,0.5510204081632653,7.0,0.0,1,0.016806856397763692,1,0,0,0,0,0,0,0,0,0,0,0,0,0
2026-02-03,TTB,0.005050533587569683,-0.0009352131393220331,0.0128988206397814,0.42,0.389142793520201,0.2448979591836734,15.0,0.0,0,-0.005025153879120392,0,0,0,0,0,0,0,0,1,0,0,0,0,0
2026-02-03,TU,0.017391319189026255,-0.003273137552303229,0.01662781584389457,0.78,0.2779194133981291,0.0,1.0,0.0,1,0.008547015716081185,0,0,0,0,0,0,0,0,0,0,1,0,0,0
2026-02-03,WHA,-0.011834388415920882,-0.0022504659547932793,0.01788258750625038,0.04,0.2667685974671863,0.0204081632653061,0.0,0.0,1,0.011976118453413509,1,0,0,0,0,0,0,0,0,0,0,0,0,0
2026-02-04,ADVANC,0.03601113082693841,0.012349072289217356,0.01951755405197783,0.94,0.8340338761433772,0.5306122448979591,3.0,0.0,0,-0.018716609605754053,1,0,0,0,0,0,0,0,0,0,0,0,0,0
2026-02-04,AOT,0.009661835748792313,0.00014764119985086755,0.01913115551167881,0.64,0.5714144407022494,0.3877551020408163,1.0,0.0,0,-0.009569377990430672,0,0,0,0,0,0,1,0,0,0,0,0,0,0
2026-02-04,AWC,0.0,0.005471215518241523,0.013792568610782378,0.38,0.26474316484215,0.0,0.0,0.0,1,0.03539816413942409,0,0,0,0,0,0,0,1,0,0,0,0,0,0
2026-02-04,BANPU,0.009345774625869163,-0.005388104680669192,0.013769354916657327,0.62,0.5168610876183813,0.3469387755102041,0.0,0.0,0,-0.0185184797139184,0,0,0,0,0,0,1,0,0,0,0,0,0,0
2026-02-04,BBL,0.0,-0.0024687919797270696,0.013003657376771383,0.38,0.8021884428957072,0.4897959183673469,3.0,0.0,1,0.006389784208859606,0,0,0,0,0,0,0,0,1,0,0,0,0,0
2026-02-04,BDMS,0.010152210503615144,-0.0009696460569822207,0.008991391949580135,0.7,0.6121736045413307,0.4081632653061224,1.0,0.0,1,0.025125596235520575,0,0,0,0,0,0,1,0,0,0,0,0,0,0
2026-02-04,BEM,0.0,5.530056579718945e-05,0.011720820344411072,0.38,0.3153698175379232,0.0204081632653061,0.0,0.0,0,0.0,0,0,0,0,0,0,0,0,0,1,0,0,0,0
2026-02-04,BH,-0.0030211371763574357,-0.004761915728735411,0.006549183408595027,0.26,0.5733025950300475,0.4693877551020408,0.0,0.0,1,0.018181752626936998,0,0,0,0,0,0,1,0,0,0,0,0,0,0
2026-02-04,BJC,0.006896563356753038,0.004215102491277922,0.011621058452834135,0.54,0.3859487784668349,0.1020408163265306,0.0,0.0,1,0.027397239162162634,0,0,0,0,0,0,0,0,0,1,0,0,0,0
2026-02-04,BTS,-0.018181800448205276,-0.007190812205989073,0.011838226017847156,0.04,0.3820598396963626,0.0816326530612244,1.0,0.0,1,0.01851850012202405,0,0,0,0,0,0,0,0,0,1,0,0,0,0
2026-02-04,CBG,-0.022988537489161964,8.7780171379781e-05,0.014775535967950545,0.02,0.4037334379706352,0.1428571428571428,0.0,0.0,1,0.0058823840491517565,0,0,0,0,0,0,0,0,0,1,0,0,0,0
2026-02-04,CCET,-0.004184102543938861,-0.005624926875686364,0.019652047055969738,0.24,0.2944691120222417,0.0408163265306122,0.0,0.0,0,-0.004201784842864376,0,0,0,0,0,0,0,0,0,0,0,1,0,0
2026-02-04,CENTEL,0.0,0.004324979728565026,0.020341446850766727,0.38,0.2958173008031775,0.0,0.0,0.0,0,-0.013698638921602946,0,0,0,0,0,0,0,0,0,0,0,0,1,0
2026-02-04,COM7,-0.012820526005193122,0.02463459725373034,0.03461890618176988,0.1,0.5390811125917591,0.3469387755102041,0.0,0.0,1,0.025974053032752797,0,0,0,0,0,0,1,0,0,0,0,0,0,0
2026-02-04,CPALL,0.0056496796108636005,0.004578225276451286,0.007489753551794827,0.52,0.4825031688955927,0.183673469387755,0.0,0.0,1,0.016853909097693576,0,0,0,0,0,0,0,0,0,1,0,0,0,0
2026-02-04,CPF,0.0,-0.001918270872997896,0.005519524536456677,0.38,0.7091921123853364,0.4897959183673469,1.0,0.0,1,0.004854305636553313,0,0,0,0,0,0,1,0,0,0,0,0,0,0
2026-02-04,CPN,-0.008298757641451937,0.005247934191007264,0.019547977215416516,0.16,0.2998494178860543,0.0204081632653061,0.0,0.0,1,0.029288678523681666,0,0,0,0,0,0,0,0,0,0,0,1,0,0
2026-02-04,CRC,-0.010204057422644852,-0.003040455465237035,0.007730879415994292,0.12,0.1885120701342117,0.1224489795918367,0.0,0.0,1,0.010309253638759452,0,0,0,0,0,0,0,0,0,1,0,0,0,0
2026-02-04,DELTA,0.009661883931795678,0.00021276529485556584,0.02315128589656257,0.66,0.7549857549857552,0.5102040816326531,3.0,0.0,0,-0.033492805460858754,0,0,0,0,0,0,0,0,0,0,0,1,0,0
2026-02-04,EGCO,0.004255331945763885,1.8216850415120332e-05,0.006748564787498948,0.5,0.2641362307564376,0.0,1.0,0.0,1,0.008474535103697667,0,0,0,0,0,0,0,0,0,0,0,0,0,1
2026-02-04,GPSC,-0.006756765298563172,0.00427233425592366,0.018837739698390157,0.18,0.3084218345695337,0.0408163265306122,2.0,0.0,0,0.0,0,0,0,0,0,0,1,0,0,0,0,0,0,0
2026-02-04,GULF,0.03664925615174752,0.008422010963587212,0.01879670635101904,0.96,0.824860649548974,0.5306122448979591,3.0,0.0,1,0.015151520080468828,1,0,0,0,0,0,0,0,0,0,0,0,0,0
2026-02-04,HMPRO,-0.014598505933426043,-0.007073975965978296,0.02073392792588122,0.06,0.3412017927251844,0.0816326530612244,1.0,0.0,1,0.0074074263794388084,0,0,0,0,0,0,0,0,0,1,0,0,0,0
2026-02-04,IVL,0.05527628764333614,-0.004241422661388827,0.03405125456100286,0.98,0.6190346064901138,0.4489795918367346,0.0,0.0,1,0.009523986717279165,0,0,0,0,0,0,1,0,0,0,0,0,0,0
2026-02-04,KBANK,0.016042819901328276,-0.0009756571926216262,0.013546037371580104,0.8,0.8492309488143115,0.5510204081632653,6.0,0.0,0,0.0,0,0,0,0,0,0,0,0,1,0,0,0,0,0
2026-02-04,KKP,0.02127661515923185,0.005028699152272398,0.015444891601832818,0.88,0.6442502814112808,0.4081632653061224,3.0,0.0,1,0.013888826842097357,0,0,0,0,0,0,0,0,1,0,0,0,0,0
2026-02-04,KTB,0.017699131633245102,-0.0016628264741046727,0.0129773313920605,0.84,0.750245974679521,0.3673469387755101,3.0,0.0,0,0.0,0,0,0,0,0,0,0,0,1,0,0,0,0,0
2026-02-04,KTC,0.0,0.0018481056668984142,0.014614425563811451,0.38,0.3257950366470686,0.0408163265306122,8.0,0.0,1,0.008771882435364864,1,0,0,0,0,0,0,0,0,0,0,0,0,0
2026-02-04,LH,0.010101027062341839,5.640940139441941e-05,0.011858999038036359,0.68,0.2735033172691258,0.0,1.0,0.0,0,0.0,0,1,0,0,0,0,0,0,0,0,0,0,0,0
2026-02-04,MINT,0.014056233526173134,0.013986015373293558,0.030874386846389153,0.76,0.4943019943019943,0.2040816326530612,2.0,0.0,0,0.0,1,0,0,0,0,0,0,0,0,0,0,0,0,0
2026-02-04,MTC,0.0,-0.002781145316138134,0.022217934437856083,0.38,0.2887361173649064,0.0,0.0,0.0,1,0.03759400935337598,0,0,1,0,0,0,0,0,0,0,0,0,0,0
2026-02-04,OR,0.0,-0.00565780520668806,0.020177948896225054,0.38,0.6153782616814699,0.2857142857142857,7.0,0.0,1,0.014814805195404901,0,0,0,0,0,0,0,0,0,0,0,1,0,0
2026-02-04,OSP,0.0,0.005740431254613698,0.00803720007849511,0.38,0.338970421015203,0.0612244897959183,0.0,0.0,1,0.0056179428866147685,0,0,0,0,0,0,0,0,0,1,0,0,0,0
2026-02-04,PTT,0.0072463592896765405,6.317054372417807e-05,0.012506463283112093,0.56,0.7728921116235123,0.4285714285714285,2.0,0.0,1,0.01438845466721106,0,0,0,0,0,0,1,0,0,0,0,0,0,0
2026-02-04,PTTEP,0.02459012413944528,0.0008954839705528128,0.015341807666517085,0.9,0.6813255353395934,0.4489795918367346,2.0,0.0,0,0.0,0,0,0,0,0,0,1,0,0,0,0,0,0,0
2026-02-04,PTTGC,0.024590133251543245,-0.0076433674445307576,0.020625350709896496,0.92,0.6382595769495901,0.4693877551020408,0.0,0.0,1,0.010000020210698013,0,0,0,0,0,0,1,0,0,0,0,0,0,0
2026-02-04,RATCH,0.008196707078914178,-0.001586459524970274,0.008900423062228964,0.58,0.2677087625191304,0.0,2.0,0.0,1,0.008130067298734556,0,0,0,1,0,0,0,0,0,0,0,0,0,0
2026-02-04,SAWAD,0.019607823771185195,0.0022215162262294143,0.026946684774048078,0.86,0.3498375384972611,0.0816326530612244,0.0,0.0,1,0.009615375301192941,0,0,0,0,0,0,0,0,0,1,0,0,0,0
2026-02-04,SCB,0.0,-0.0014624754284858544,0.004192550462437112,0.38,0.7988495394135452,0.4693877551020408,28.0,0.0,1,0.01107010581763923,0,0,0,0,0,0,0,0,1,0,0,0,0,0
2026-02-04,SCC,0.014285676460425556,-0.002283630445538387,0.03527739135543804,0.78,0.6673911126530135,0.4489795918367346,7.0,0.0,0,-0.004694799253896487,0,0,0,0,0,0,1,0,0,0,0,0,0,0
2026-02-04,SCGP,0.01015230777037135,-0.002944913283063433,0.01038065735448351,0.72,0.5128534376254641,0.3469387755102041,2.0,0.0,0,-0.005025185914614871,0,0,0,0,0,0,1,0,0,0,0,0,0,0
2026-02-04,TCAP,-0.004405345440330222,-0.006704917249652742,0.023612466839896106,0.22,0.3602260403234661,0.1020408163265306,1.0,0.0,1,0.004424838381920093,0,0,0,0,0,0,0,0,1,0,0,0,0,0
2026-02-04,TIDLOR,0.0,-0.0009420073364471371,0.02372199304485945,0.38,0.2781370028253271,0.0,0.0,0.0,1,0.029239779638746244,0,0,0,0,1,0,0,0,0,0,0,0,0,0
2026-02-04,TISCO,-0.013333361887792439,4.0004419843842064e-05,0.010000863156733259,0.08,0.6406867342025374,0.4081632653061224,1.0,0.0,1,0.004504490164700892,0,0,0,0,0,0,0,0,1,0,0,0,0,0
2026-02-04,TLI,-0.008403299203350367,-0.0016232012305903653,0.012570900568576697,0.14,0.299872962494744,0.0,0.0,0.0,1,0.008474513072299628,0,0,0,0,0,1,0,0,0,0,0,0,0,0
2026-02-04,TOP,0.06432747315682441,0.01404884831969655,0.028524447248957283,1.0,0.7386039040525615,0.5102040816326531,4.0,0.0,0,0.0,0,0,0,0,0,0,1,0,0,0,0,0,0,0
2026-02-04,TRUE,0.016806856397763692,0.015723468465886747,0.01922813357960564,0.82,0.7259234069997916,0.5510204081632653,8.0,0.0,1,0.008264407100652571,1,0,0,0,0,0,0,0,0,0,0,0,0,0
2026-02-04,TTB,-0.005025153879120392,-0.0009402505539837458,0.012900809679988018,0.2,0.389142793520201,0.2448979591836734,18.0,0.0,1,0.0101010050835042,0,0,0,0,0,0,0,0,1,0,0,0,0,0
2026-02-04,TU,0.008547015716081185,-0.003244424696308901,0.016653124404275948,0.6,0.2779194133981291,0.0,1.0,0.0,1,0.025423749957792507,0,0,0,0,0,0,0,0,0,0,1,0,0,0
2026-02-04,WHA,0.011976118453413509,-0.0010386811057026435,0.018758269259595763,0.74,0.2667685974671863,0.0204081632653061,0.0,0.0,1,0.00591719420796033,1,0,0,0,0,0,0,0,0,0,0,0,0,0
2026-02-05,ADVANC,-0.018716609605754053,0.01087847362454215,0.02188441999934466,0.04,0.8340338761433772,0.5306122448979591,4.0,0.0,0,-0.0054495370761474815,1,0,0,0,0,0,0,0,0,0,0,0,0,0
2026-02-05,AOT,-0.009569377990430672,0.00014764119985086755,0.01913115551167881,0.1,0.5714144407022494,0.3877551020408163,1.0,0.0,1,0.024154589371980784,0,0,0,0,0,0,1,0,0,0,0,0,0,0
2026-02-05,AWC,0.03539816413942409,0.012550848346126343,0.018547384217000046,0.98,0.26474316484215,0.0,0.0,0.0,0,-0.008546993167803607,0,0,0,0,0,0,0,1,0,0,0,0,0,0
2026-02-05,BANPU,-0.0185184797139184,-0.0036863889890016875,0.010583758761776044,0.06,0.5168610876183813,0.3469387755102041,0.0,0.0,0,0.0,0,0,0,0,0,0,1,0,0,0,0,0,0,0
2026-02-05,BBL,0.006389784208859606,0.0025946584135245754,0.009430987951955572,0.46,0.8021884428957072,0.4897959183673469,3.0,0.0,0,-0.003174607050429601,0,0,0,0,0,0,0,0,1,0,0,0,0,0
2026-02-05,BDMS,0.025125596235520575,0.0030554705249748347,0.014897126706440146,0.86,0.6121736045413307,0.4081632653061224,2.0,0.0,1,0.024509870334879613,0,0,0,0,0,0,1,0,0,0,0,0,0,0
2026-02-05,BEM,0.0,5.530056579718945e-05,0.011720820344411072,0.25,0.3153698175379232,0.0204081632653061,0.0,0.0,0,0.0,0,0,0,0,0,0,0,0,0,1,0,0,0,0
2026-02-05,BH,0.018181752626936998,5.78814988325238e-05,0.012046702299183368,0.82,0.5733025950300475,0.4693877551020408,0.0,0.0,1,0.011904815454735651,0,0,0,0,0,0,1,0,0,0,0,0,0,0
2026-02-05,BJC,0.027397239162162634,0.006897342742396196,0.01537989122337102,0.92,0.3859487784668349,0.1020408163265306,1.0,0.0,0,0.0,0,0,0,0,0,0,0,0,0,1,0,0,0,0
2026-02-05,BTS,0.01851850012202405,-0.0017013996064624503,0.01633902606146468,0.84,0.3820598396963626,0.0816326530612244,1.0,0.0,0,0.0,0,0,0,0,0,0,0,0,0,1,0,0,0,0
2026-02-05,CBG,0.0058823840491517565,-0.0022651552125712683,0.011946060228475311,0.42,0.4037334379706352,0.1428571428571428,0.0,0.0,0,0.0,0,0,0,0,0,0,0,0,0,1,0,0,0,0
2026-02-05,CCET,-0.004201784842864376,-0.008097937714562154,0.018208129221312083,0.16,0.2944691120222417,0.0408163265306122,0.0,0.0,1,0.0042195143342382835,0,0,0,0,0,0,0,0,0,0,0,1,0,0
2026-02-05,CENTEL,-0.013698638921602946,0.005781048203922312,0.018228120778749243,0.08,0.2958173008031775,0.0,0.0,0.0,0,0.0,0,0,0,0,0,0,0,0,0,0,0,0,1,0
2026-02-05,COM7,0.025974053032752797,0.023000125919971293,0.03424849173294291,0.9,0.5390811125917591,0.3469387755102041,0.0,0.0,0,-0.004219441772236654,0,0,0,0,0,0,1,0,0,0,0,0,0,0
2026-02-05,CPALL,0.016853909097693576,0.007949007095990002,0.008621297020880927,0.8,0.4825031688955927,0.183673469387755,1.0,0.0,1,0.016574650395758228,0,0,0,0,0,0,0,0,0,1,0,0,0,0
2026-02-05,CPF,0.004854305636553313,-0.0009474097456872333,0.006311413812037428,0.38,0.7091921123853364,0.4897959183673469,1.0,0.0,1,0.014492752270265807,0,0,0,0,0,0,1,0,0,0,0,0,0,0
2026-02-05,CPN,0.029288678523681666,0.012822408618406288,0.02017593739428804,0.96,0.2998494178860543,0.0204081632653061,0.0,0.0,0,-0.016260167837088946,0,0,0,0,0,0,0,0,0,0,0,1,0,0
2026-02-05,CRC,0.010309253638759452,3.663150353390154e-05,0.009562873770277987,0.68,0.1885120701342117,0.1224489795918367,0.0,0.0,1,0.020408218000976808,0,0,0,0,0,0,0,0,0,1,0,0,0,0
2026-02-05,DELTA,-0.033492805460858754,-0.005528860589109086,0.0277947292474816,0.02,0.7549857549857552,0.5102040816326531,3.0,0.0,1,0.02475240778376686,0,0,0,0,0,0,0,0,0,0,0,1,0,0
2026-02-05,EGCO,0.008474535103697667,0.002560584035995217,0.007128363065152556,0.56,0.2641362307564376,0.0,1.0,0.0,0,-0.004201627440259648,0,0,0,0,0,0,0,0,0,0,0,0,0,1
2026-02-05,GPSC,0.0,0.007050115642878385,0.01634995075693132,0.25,0.3084218345695337,0.0408163265306122,2.0,0.0,1,0.027210918987408572,0,0,0,0,0,0,1,0,0,0,0,0,0,0
2026-02-05,GULF,0.015151520080468828,0.012504935674678452,0.017233087675753805,0.78,0.824860649548974,0.5306122448979591,5.0,0.0,0,-0.00995030535409136,1,0,0,0,0,0,0,0,0,0,0,0,0,0
2026-02-05,HMPRO,0.0074074263794388084,-0.004163915531689466,0.02171950204879423,0.48,0.3412017927251844,0.0816326530612244,1.0,0.0,0,0.0,0,0,0,0,0,0,0,0,0,1,0,0,0,0
2026-02-05,IVL,0.009523986717279165,0.0023145604866876557,0.03259977843753773,0.6,0.6190346064901138,0.4489795918367346,0.0,0.0,1,0.004716839973592402,0,0,0,0,0,0,1,0,0,0,0,0,0,0
2026-02-05,KBANK,0.0,0.0032128344907530913,0.007882606751722553,0.25,0.8492309488143115,0.5510204081632653,5.0,0.0,0,-0.007894712912589696,0,0,0,0,0,0,0,0,1,0,0,0,0,0
2026-02-05,KKP,0.013888826842097357,0.005671231167197166,0.015801285087246108,0.72,0.6442502814112808,0.4081632653061224,4.0,0.0,0,-0.0068492848892299785,0,0,0,0,0,0,0,0,1,0,0,0,0,0
2026-02-05,KTB,0.0,0.001785438731812894,0.009672993319915524,0.25,0.750245974679521,0.3673469387755101,3.0,0.0,0,-0.008695660182415965,0,0,0,0,0,0,0,0,1,0,0,0,0,0
2026-02-05,KTC,0.008771882435364864,0.005372398481561747,0.013469601980854028,0.58,0.3257950366470686,0.0408163265306122,7.0,0.0,0,0.0,1,0,0,0,0,0,0,0,0,0,0,0,0,0
2026-02-05,LH,0.0,0.0020564127261545996,0.010504937456520985,0.25,0.2735033172691258,0.0,1.0,0.0,0,-0.014999963366068458,0,1,0,0,0,0,0,0,0,0,0,0,0,0
2026-02-05,MINT,0.0,0.019918221975809346,0.02195164840000973,0.25,0.4943019943019943,0.2040816326530612,2.0,0.0,0,0.0,1,0,0,0,0,0,0,0,0,0,0,0,0,0
2026-02-05,MTC,0.03759400935337598,0.003256178793196818,0.028803849212165313,1.0,0.2887361173649064,0.0,0.0,0.0,0,0.0,0,0,1,0,0,0,0,0,0,0,0,0,0,0
2026-02-05,OR,0.014814805195404901,0.004499395899838965,0.012379223192288945,0.76,0.6153782616814699,0.2857142857142857,6.0,0.0,1,0.007299336495047326,0,0,0,0,0,0,0,0,0,0,0,1,0,0
2026-02-05,OSP,0.0056179428866147685,0.004551872590281869,0.0073732970162768635,0.4,0.338970421015203,0.0612244897959183,0.0,0.0,0,-0.005586557923269009,0,0,0,0,0,0,0,0,0,1,0,0,0,0
2026-02-05,PTT,0.01438845466721106,0.00294086147716639,0.014048583065262108,0.74,0.7728921116235123,0.4285714285714285,2.0,0.0,0,0.0,0,0,0,0,0,0,1,0,0,0,0,0,0,0
2026-02-05,PTTEP,0.0,0.0008954839705528128,0.015341807666517087,0.25,0.6813255353395934,0.4489795918367346,2.0,0.0,1,0.01600003790774518,0,0,0,0,0,0,1,0,0,0,0,0,0,0
2026-02-05,PTTGC,0.010000020210698013,0.0001258640608680084,0.01775913324475718,0.64,0.6382595769495901,0.4693877551020408,0.0,0.0,0,0.0,0,0,0,0,0,0,1,0,0,0,0,0,0,0
2026-02-05,RATCH,0.008130067298734556,0.0016524544051532031,0.008900325277220933,0.5,0.2677087625191304,0.0,2.0,0.0,0,-0.01612900470376577,0,0,0,1,0,0,0,0,0,0,0,0,0,0
2026-02-05,SAWAD,0.009615375301192941,0.006086336960098015,0.026182768668829005,0.62,0.3498375384972611,0.0816326530612244,0.0,0.0,0,-0.01904760077237233,0,0,0,0,0,0,0,0,0,1,0,0,0,0
2026-02-05,SCB,0.01107010581763923,0.002216754462256265,0.00559710673342473,0.7,0.7988495394135452,0.4693877551020408,24.0,0.0,0,0.0,0,0,0,0,0,0,0,0,1,0,0,0,0,0
2026-02-05,SCC,-0.004694799253896487,0.008814453030611324,0.015932358040861787,0.14,0.6673911126530135,0.4489795918367346,7.0,0.0,1,0.028301884730510096,0,0,0,0,0,0,1,0,0,0,0,0,0,0
2026-02-05,SCGP,-0.005025185914614871,-0.0009796561952484018,0.008280736991221147,0.12,0.5128534376254641,0.3469387755102041,2.0,0.0,1,0.015151599813156169,0,0,0,0,0,0,1,0,0,0,0,0,0,0
2026-02-05,TCAP,0.004424838381920093,-0.004965237248200682,0.024150682696200135,0.34,0.3602260403234661,0.1020408163265306,1.0,0.0,0,0.0,0,0,0,0,0,0,0,0,1,0,0,0,0,0
2026-02-05,TIDLOR,0.029239779638746244,0.006068739824964342,0.026890441223931676,0.94,0.2781370028253271,0.0,0.0,0.0,0,0.0,0,0,0,0,1,0,0,0,0,0,0,0,0,0
2026-02-05,TISCO,0.004504490164700892,0.0009409024527840204,0.010197315845388754,0.36,0.6406867342025374,0.4081632653061224,1.0,0.0,0,-0.004484290721251338,0,0,0,0,0,0,0,0,1,0,0,0,0,0
2026-02-05,TLI,0.008474513072299628,0.0034330380647529467,0.009691595438589802,0.54,0.299872962494744,0.0,0.0,0.0,0,0.0,0,0,0,0,0,1,0,0,0,0,0,0,0,0
2026-02-05,TOP,0.0,0.012872374612695525,0.029061721639271176,0.25,0.7386039040525615,0.5102040816326531,4.0,0.0,1,0.04945050957297381,0,0,0,0,0,0,1,0,0,0,0,0,0,0
2026-02-05,TRUE,0.008264407100652571,0.008447786043377748,0.010410517026773232,0.52,0.7259234069997916,0.5510204081632653,5.0,0.0,1,0.008196666511731232,1,0,0,0,0,0,0,0,0,0,0,0,0,0
2026-02-05,TTB,0.0101010050835042,0.0010799504627170941,0.013841448224497566,0.66,0.389142793520201,0.2448979591836734,18.0,0.0,0,-0.009999995082342505,0,0,0,0,0,0,0,0,1,0,0,0,0,0
2026-02-05,TU,0.025423749957792507,0.003507009681175055,0.020477812530194383,0.88,0.2779194133981291,0.0,0.0,0.0,0,0.0,0,0,0,0,0,0,0,0,0,0,1,0,0,0
2026-02-05,WHA,0.00591719420796033,0.0013212351322459792,0.018738779002222677,0.44,0.2667685974671863,0.0204081632653061,0.0,0.0,0,0.0,1,0,0,0,0,0,0,0,0,0,0,0,0,0
2026-02-06,ADVANC,-0.0054495370761474815,0.009213849889062532,0.022936772501076383,0.24,0.8340338761433772,0.5306122448979591,5.0,0.0,1,0.024657511884181194,1,0,0,0,0,0,0,0,0,0,0,0,0,0
2026-02-06,AOT,0.024154589371980784,0.01077566052352239,0.01251822364870382,0.9,0.5714144407022494,0.3877551020408163,1.0,0.0,1,0.09905660377358494,0,0,0,0,0,0,1,0,0,0,0,0,0,0
2026-02-06,AWC,-0.008546993167803607,0.012659628050980287,0.01838964847894761,0.16,0.26474316484215,0.0,0.0,0.0,1,0.034482802796236944,0,0,0,0,0,0,0,1,0,0,0,0,0,0
2026-02-06,BANPU,0.0,-0.0018345410176098475,0.01016673362670974,0.51,0.5168610876183813,0.3469387755102041,0.0,0.0,1,0.028301826368346772,0,0,0,0,0,0,1,0,0,0,0,0,0,0
2026-02-06,BBL,-0.003174607050429601,-0.0012557010563299942,0.0057696090144647265,0.32,0.8021884428957072,0.4897959183673469,2.0,0.0,1,0.025477636146331806,0,0,0,0,0,0,0,0,1,0,0,0,0,0
2026-02-06,BDMS,0.024509870334879613,0.007957444591950757,0.017453553783819062,0.92,0.6121736045413307,0.4081632653061224,2.0,0.0,1,0.0047847016499447115,0,0,0,0,0,0,1,0,0,0,0,0,0,0
2026-02-06,BEM,0.0,-0.001867783788266797,0.010483634767186256,0.51,0.3153698175379232,0.0204081632653061,0.0,0.0,1,0.03846159283461459,0,0,0,0,0,0,0,0,0,1,0,0,0,0
2026-02-06,BH,0.011904815454735651,0.0030340805771996273,0.012916536452632646,0.78,0.5733025950300475,0.4693877551020408,0.0,0.0,1,0.04117641717814147,0,0,0,0,0,0,1,0,0,0,0,0,0,0
2026-02-06,BJC,0.0,0.006897342742396196,0.01537989122337102,0.51,0.3859487784668349,0.1020408163265306,1.0,0.0,1,0.033333324637307316,0,0,0,0,0,0,0,0,0,1,0,0,0,0
2026-02-06,BTS,0.0,0.001902200514035579,0.013597690189549837,0.51,0.3820598396963626,0.0816326530612244,1.0,0.0,1,0.07272720179282088,0,0,0,0,0,0,0,0,0,1,0,0,0,0
2026-02-06,CBG,0.0,-0.0022651552125712683,0.011946060228475311,0.51,0.4037334379706352,0.1428571428571428,0.0,0.0,1,0.04678359975659907,0,0,0,0,0,0,0,0,0,1,0,0,0,0
2026-02-06,CCET,0.0042195143342382835,-0.0007762988700763974,0.01244780474364249,0.7,0.2944691120222417,0.0408163265306122,0.0,0.0,1,0.046218408945497114,0,0,0,0,0,0,0,0,0,0,0,1,0,0
2026-02-06,CENTEL,0.0,0.004352486965984515,0.018374028858488423,0.51,0.2958173008031775,0.0,0.0,0.0,1,0.02083329269685552,0,0,0,0,0,0,0,0,0,0,0,0,1,0
2026-02-06,COM7,-0.004219441772236654,0.015552470138142937,0.035549364099816204,0.28,0.5390811125917591,0.3469387755102041,0.0,0.0,1,0.04661019001494271,0,0,0,0,0,0,1,0,0,0,0,0,0,0
2026-02-06,CPALL,0.016574650395758228,0.011263937175141648,0.007962070249994924,0.86,0.4825031688955927,0.183673469387755,2.0,0.0,1,0.03260864888660797,0,0,0,0,0,0,0,0,0,1,0,0,0,0
2026-02-06,CPF,0.014492752270265807,0.0029126667530795292,0.008779694261283803,0.8,0.7091921123853364,0.4897959183673469,2.0,0.0,1,0.009523869992825285,0,0,0,0,0,0,1,0,0,0,0,0,0,0
2026-02-06,CPN,-0.016260167837088946,0.0095703750509885,0.023752774984447646,0.04,0.2998494178860543,0.0204081632653061,0.0,0.0,1,0.024793396544701807,0,0,0,0,0,0,0,0,0,0,0,1,0,0
2026-02-06,CRC,0.020408218000976808,0.0030978590458960787,0.013306778476376582,0.88,0.1885120701342117,0.1224489795918367,0.0,0.0,1,0.07499996967222966,0,0,0,0,0,0,0,0,0,1,0,0,0,0
2026-02-06,DELTA,0.02475240778376686,0.002306243209917702,0.030087751487084473,0.94,0.7549857549857552,0.5102040816326531,3.0,0.0,1,0.06280198697455375,0,0,0,0,0,0,0,0,0,0,0,1,0,0
2026-02-06,EGCO,-0.004201627440259648,0.0017202585479432874,0.007728104857747715,0.3,0.2641362307564376,0.0,1.0,0.0,1,0.016877621193907677,0,0,0,0,0,0,0,0,0,0,0,0,0,1
2026-02-06,GPSC,0.027210918987408572,0.0124922994403601,0.017874217447956392,0.96,0.3084218345695337,0.0408163265306122,3.0,0.0,1,0.026489995792321475,0,0,0,0,0,0,1,0,0,0,0,0,0,0
2026-02-06,GULF,-0.00995030535409136,0.012631271761503738,0.017022553762236346,0.12,0.824860649548974,0.5306122448979591,6.0,0.0,1,0.07035175838734142,1,0,0,0,0,0,0,0,0,0,0,0,0,0
2026-02-06,HMPRO,0.0,-0.008480473645347542,0.016942764125163254,0.51,0.3412017927251844,0.0816326530612244,1.0,0.0,1,0.007352887230765326,0,0,0,0,0,0,0,0,0,1,0,0,0,0
2026-02-06,IVL,0.004716839973592402,0.008972209985153957,0.027754227874258255,0.72,0.6190346064901138,0.4489795918367346,0.0,0.0,1,0.018779419036043077,0,0,0,0,0,0,1,0,0,0,0,0,0,0
2026-02-06,KBANK,-0.007894712912589696,0.0005643705814799338,0.009114418640682407,0.18,0.8492309488143115,0.5510204081632653,6.0,0.0,1,0.029177658511927218,0,0,0,0,0,0,0,0,1,0,0,0,0,0
2026-02-06,KKP,-0.0068492848892299785,0.0014844625717964188,0.015788101039416413,0.2,0.6442502814112808,0.4081632653061224,4.0,0.0,0,0.0,0,0,0,0,0,0,0,0,1,0,0,0,0,0
2026-02-06,KTB,-0.008695660182415965,0.0018006942901658274,0.009652218228803843,0.14,0.750245974679521,0.3673469387755101,3.0,0.0,1,0.06140349435337278,0,0,0,0,0,0,0,0,1,0,0,0,0,0
2026-02-06,KTC,0.0,1.5255366014765848e-05,0.006175724950798696,0.51,0.3257950366470686,0.0408163265306122,6.0,0.0,1,0.05217391549445827,1,0,0,0,0,0,0,0,0,0,0,0,0,0
2026-02-06,LH,-0.014999963366068458,0.002086715733333566,0.010442924648088887,0.08,0.2735033172691258,0.0,1.0,0.0,1,0.04060907803885039,0,1,0,0,0,0,0,0,0,0,0,0,0,0
2026-02-06,MINT,0.0,0.019918221975809346,0.02195164840000973,0.51,0.4943019943019943,0.2040816326530612,2.0,0.0,1,0.019802025193992545,1,0,0,0,0,0,0,0,0,0,0,0,0,0
2026-02-06,MTC,0.0,0.004726763362856467,0.028310260885232544,0.51,0.2887361173649064,0.0,0.0,0.0,1,0.09420289045946495,0,0,1,0,0,0,0,0,0,0,0,0,0,0
2026-02-06,OR,0.007299336495047326,0.002974175987891692,0.011185778275372616,0.74,0.6153782616814699,0.2857142857142857,7.0,0.0,1,0.02898548678922075,0,0,0,0,0,0,0,0,0,0,0,1,0,0
2026-02-06,OSP,-0.005586557923269009,0.0011488384000615248,0.007332411630810128,0.22,0.338970421015203,0.0612244897959183,0.0,0.0,1,0.033707877540494646,0,0,0,0,0,0,0,0,0,1,0,0,0,0
2026-02-06,PTT,0.0,0.00725739787732973,0.005087553282471741,0.51,0.7728921116235123,0.4285714285714285,3.0,0.0,0,0.0,0,0,0,0,0,0,1,0,0,0,0,0,0,0
2026-02-06,PTTEP,0.01600003790774518,0.007308350447440004,0.013003590199591585,0.84,0.6813255353395934,0.4489795918367346,3.0,0.0,1,0.011811035618292554,0,0,0,0,0,0,1,0,0,0,0,0,0,0
2026-02-06,PTTGC,0.0,0.0044822930291549936,0.013102574893317178,0.51,0.6382595769495901,0.4693877551020408,1.0,0.0,1,0.00990100991147691,0,0,0,0,0,0,1,0,0,0,0,0,0,0
2026-02-06,RATCH,-0.01612900470376577,-0.003199359995346862,0.010878688621795352,0.06,0.2677087625191304,0.0,2.0,0.0,1,0.016393414157828134,0,0,0,1,0,0,0,0,0,0,0,0,0,0
2026-02-06,SAWAD,-0.01904760077237233,0.006198396754776803,0.026046150098030085,0.02,0.3498375384972611,0.0816326530612244,0.0,0.0,1,0.0776699021821654,0,0,0,0,0,0,0,0,0,1,0,0,0,0
2026-02-06,SCB,0.0,0.002216754462256265,0.00559710673342473,0.51,0.7988495394135452,0.4693877551020408,27.0,0.0,1,0.021897800664745892,0,0,0,0,0,0,0,0,1,0,0,0,0,0
2026-02-06,SCC,0.028301884730510096,0.011519157455988815,0.018186360120216013,0.98,0.6673911126530135,0.4489795918367346,7.0,0.0,0,0.0,0,0,0,0,0,0,1,0,0,0,0,0,0,0
2026-02-06,SCGP,0.015151599813156169,0.0010456460917905419,0.010930846681763523,0.82,0.5128534376254641,0.3469387755102041,2.0,0.0,1,0.024875630057832554,0,0,0,0,0,0,1,0,0,0,0,0,0,0
2026-02-06,TCAP,0.0,-0.007540352023311559,0.022395450752455328,0.51,0.3602260403234661,0.1020408163265306,1.0,0.0,1,0.02202637785386563,0,0,0,0,0,0,0,0,1,0,0,0,0,0
2026-02-06,TIDLOR,0.0,0.007238331010514187,0.026364585927739714,0.51,0.2781370028253271,0.0,0.0,0.0,1,0.06250002815458622,0,0,0,0,1,0,0,0,0,0,0,0,0,0
2026-02-06,TISCO,-0.004484290721251338,-0.002658664260452248,0.007458519185010062,0.26,0.6406867342025374,0.4081632653061224,1.0,0.0,1,0.013513542844930004,0,0,0,0,0,0,0,0,1,0,0,0,0,0
2026-02-06,TLI,0.0,1.4242773789852058e-05,0.005967239626296653,0.51,0.299872962494744,0.0,0.0,0.0,0,-0.008403299203350367,0,0,0,0,0,1,0,0,0,0,0,0,0,0
2026-02-06,TOP,0.04945050957297381,0.022762476527290288,0.031865051420605535,1.0,0.7386039040525615,0.5102040816326531,5.0,0.0,1,0.01047123230294611,0,0,0,0,0,0,1,0,0,0,0,0,0,0
2026-02-06,TRUE,0.008196666511731232,0.011796509705875114,0.004708706161156401,0.76,0.7259234069997916,0.5510204081632653,4.0,0.0,1,0.04878048010311864,1,0,0,0,0,0,0,0,0,0,0,0,0,0
2026-02-06,TTB,-0.009999995082342505,-0.003935116169377651,0.011910946729372898,0.1,0.389142793520201,0.2448979591836734,15.0,0.0,1,0.0202020101670084,0,0,0,0,0,0,0,0,1,0,0,0,0,0
2026-02-06,TU,0.0,0.005187666981021466,0.01958113978480533,0.51,0.2779194133981291,0.0,0.0,0.0,0,0.0,0,0,0,0,0,0,0,0,0,0,1,0,0,0
2026-02-06,WHA,0.0,-0.0034124911283957894,0.014096684708432635,0.51,0.2667685974671863,0.0204081632653061,0.0,0.0,1,0.09999992766371157,1,0,0,0,0,0,0,0,0,0,0,0,0,0
2026-02-09,ADVANC,0.024657511884181194,0.008414694207751849,0.02214612683258063,0.42,0.8340338761433772,0.5306122448979591,6.0,0.0,1,0.04545457330718783,1,0,0,0,0,0,0,0,0,0,0,0,0,0
2026-02-09,AOT,0.09905660377358494,0.027601906651373697,0.04179568077525833,0.98,0.5714144407022494,0.3877551020408163,2.0,0.0,0,-0.012875536480686733,0,0,0,0,0,0,1,0,0,0,0,0,0,0
2026-02-09,AWC,0.034482802796236944,0.017721329768815484,0.020546994715005158,0.64,0.26474316484215,0.0,0.0,0.0,1,0.0083333178534859,0,0,0,0,0,0,0,1,0,0,0,0,0,0
2026-02-09,BANPU,0.028301826368346772,0.0038258242560595067,0.017015333627827648,0.52,0.5168610876183813,0.3469387755102041,0.0,0.0,1,0.009174292878677548,0,0,0,0,0,0,1,0,0,0,0,0,0,0
2026-02-09,BBL,0.025477636146331806,0.005738562660952362,0.011568944514268778,0.48,0.8021884428957072,0.4897959183673469,1.0,0.0,1,0.009316782241054034,0,0,0,0,0,0,0,0,1,0,0,0,0,0
2026-02-09,BDMS,0.0047847016499447115,0.01090443995057173,0.014700868360276878,0.12,0.6121736045413307,0.4081632653061224,3.0,0.0,0,-0.0047619172963997425,0,0,0,0,0,0,1,0,0,0,0,0,0,0
2026-02-09,BEM,0.03846159283461459,0.009634054498601418,0.016654410479470968,0.66,0.3153698175379232,0.0204081632653061,0.0,0.0,1,0.018518498350508894,0,0,0,0,0,0,0,0,0,1,0,0,0,0
2026-02-09,BH,0.04117641717814147,0.01425442803758925,0.017103833180822616,0.7,0.5733025950300475,0.4693877551020408,0.0,0.0,1,0.05932209625451601,0,0,0,0,0,0,1,0,0,0,0,0,0,0
2026-02-09,BJC,0.033333324637307316,0.016322633012558853,0.013899184735347193,0.6,0.3859487784668349,0.1020408163265306,1.0,0.0,1,0.012903184679043722,0,0,0,0,0,0,0,0,0,1,0,0,0,0
2026-02-09,BTS,0.07272720179282088,0.016447640872599756,0.0342574881492555,0.9,0.3820598396963626,0.0816326530612244,1.0,0.0,1,0.04237294385434165,0,0,0,0,0,0,0,0,0,1,0,0,0,0
2026-02-09,CBG,0.04678359975659907,0.007091564738748546,0.025168143627316758,0.76,0.4037334379706352,0.1428571428571428,0.0,0.0,1,0.04469271372562322,0,0,0,0,0,0,0,0,0,1,0,0,0,0
2026-02-09,CCET,0.046218408945497114,0.011814685274229176,0.021100362140259326,0.72,0.2944691120222417,0.0408163265306122,0.0,0.0,1,0.024096399641438726,0,0,0,0,0,0,0,0,0,0,0,1,0,0
2026-02-09,CENTEL,0.02083329269685552,0.008519145505355619,0.01946976722897154,0.36,0.2958173008031775,0.0,0.0,0.0,1,0.013605451564501214,0,0,0,0,0,0,0,0,0,0,0,0,1,0
2026-02-09,COM7,0.04661019001494271,0.02578775717483577,0.03567577226334034,0.74,0.5390811125917591,0.3469387755102041,0.0,0.0,1,0.022267215845795052,0,0,0,0,0,0,1,0,0,0,0,0,0,0
2026-02-09,CPALL,0.03260864888660797,0.017785666952463242,0.009612932585604025,0.58,0.4825031688955927,0.183673469387755,2.0,0.0,1,0.026315780701966274,0,0,0,0,0,0,0,0,0,1,0,0,0,0
2026-02-09,CPF,0.009523869992825285,0.006749801497569185,0.0054841774772179394,0.16,0.7091921123853364,0.4897959183673469,1.0,0.0,0,0.0,0,0,0,0,0,0,1,0,0,0,0,0,0,0
2026-02-09,CPN,0.024793396544701807,0.013663260084718343,0.024378714123518618,0.44,0.2998494178860543,0.0204081632653061,0.0,0.0,0,0.0,0,0,0,0,0,0,0,0,0,0,0,1,0,0
2026-02-09,CRC,0.07499996967222966,0.020128304935970065,0.03260540155125442,0.92,0.1885120701342117,0.1224489795918367,0.0,0.0,0,-0.004651198656964062,0,0,0,0,0,0,0,0,0,1,0,0,0,0
2026-02-09,DELTA,0.06280198697455375,0.01974469120486235,0.03552332304125548,0.86,0.7549857549857552,0.5102040816326531,3.0,0.0,0,-0.013636396181989863,0,0,0,0,0,0,0,0,0,0,0,1,0,0
2026-02-09,EGCO,0.016877621193907677,0.006797915565030355,0.007665756376123529,0.28,0.2641362307564376,0.0,1.0,0.0,1,0.008298714898536286,0,0,0,0,0,0,0,0,0,0,0,0,0,1
2026-02-09,GPSC,0.026489995792321475,0.01638184603881907,0.01849689391208786,0.5,0.3084218345695337,0.0408163265306122,3.0,0.0,1,0.012903242679823457,0,0,0,0,0,0,1,0,0,0,0,0,0,0
2026-02-09,GULF,0.07035175838734142,0.02349308349850452,0.031181690585304518,0.88,0.824860649548974,0.5306122448979591,6.0,0.0,1,0.02816902473245575,1,0,0,0,0,0,0,0,0,0,0,0,0,0
2026-02-09,HMPRO,0.007352887230765326,3.236153535561837e-05,0.008972820840440595,0.14,0.3412017927251844,0.0816326530612244,1.0,0.0,1,0.007299289021487132,0,0,0,0,0,0,0,0,0,1,0,0,0,0
2026-02-09,IVL,0.018779419036043077,0.015669258550571375,0.024456432834779315,0.3,0.6190346064901138,0.4489795918367346,0.0,0.0,1,0.01843316411472018,0,0,0,0,0,0,1,0,0,0,0,0,0,0
2026-02-09,KBANK,0.029177658511927218,0.006931809798957711,0.015312541918925409,0.56,0.8492309488143115,0.5510204081632653,5.0,0.0,1,0.0025773678753446827,0,0,0,0,0,0,0,0,1,0,0,0,0,0
2026-02-09,KKP,0.0,0.0021789150823237737,0.015590700124146723,0.07,0.6442502814112808,0.4081632653061224,3.0,0.0,0,-0.010344837147757913,0,0,0,0,0,0,0,0,1,0,0,0,0,0
2026-02-09,KTB,0.06140349435337278,0.014081393160840384,0.028141760422159375,0.82,0.750245974679521,0.3673469387755101,2.0,0.0,0,0.0,0,0,0,0,0,0,0,0,1,0,0,0,0,0
2026-02-09,KTC,0.05217391549445827,0.012189159585964626,0.02267258985218808,0.8,0.3257950366470686,0.0408163265306122,5.0,0.0,0,0.0,1,0,0,0,0,0,0,0,0,0,0,0,0,0
2026-02-09,LH,0.04060907803885039,0.008157245921910139,0.020427862289158556,0.68,0.2735033172691258,0.0,1.0,0.0,1,0.009756053901841977,0,1,0,0,0,0,0,0,0,0,0,0,0,0
2026-02-09,MINT,0.019802025193992545,0.01427164931286833,0.015632874979443954,0.32,0.4943019943019943,0.2040816326530612,2.0,0.0,0,0.0,1,0,0,0,0,0,0,0,0,0,0,0,0,0
2026-02-09,MTC,0.09420289045946495,0.03097475308959008,0.03880354105270297,0.96,0.2887361173649064,0.0,0.0,0.0,0,-0.006622500337007953,0,0,1,0,0,0,0,0,0,0,0,0,0,0
2026-02-09,OR,0.02898548678922075,0.011712462033015524,0.010985217273879242,0.54,0.6153782616814699,0.2857142857142857,7.0,0.0,0,-0.021126814661825533,0,0,0,0,0,0,0,0,0,0,0,1,0,0
2026-02-09,OSP,0.033707877540494646,0.00563054091611428,0.016368312331927683,0.62,0.338970421015203,0.0612244897959183,0.0,0.0,0,0.0,0,0,0,0,0,0,0,0,0,1,0,0,0,0
2026-02-09,PTT,0.0,0.0057868132502469916,0.006028689674295602,0.07,0.7728921116235123,0.4285714285714285,3.0,0.0,1,0.00709229449148685,0,0,0,0,0,0,1,0,0,0,0,0,0,0
2026-02-09,PTTEP,0.011811035618292554,0.008854225882969935,0.012983522349942928,0.22,0.6813255353395934,0.4489795918367346,3.0,0.0,1,0.007782088492947148,0,0,0,0,0,0,1,0,0,0,0,0,0,0
2026-02-09,PTTGC,0.00990100991147691,0.007272213203304245,0.012292051430458254,0.18,0.6382595769495901,0.4693877551020408,1.0,0.0,1,0.00980386478525297,0,0,0,0,0,0,1,0,0,0,0,0,0,0
2026-02-09,RATCH,0.016393414157828134,0.0016922233065953308,0.013359946831749389,0.26,0.2677087625191304,0.0,2.0,0.0,1,0.016129067976599964,0,0,0,1,0,0,0,0,0,0,0,0,0,0
2026-02-09,SAWAD,0.0776699021821654,0.025732373471494173,0.03615089064570969,0.94,0.3498375384972611,0.0816326530612244,0.0,0.0,1,0.018018000407157952,0,0,0,0,0,0,0,0,0,1,0,0,0,0
2026-02-09,SCB,0.021897800664745892,0.007334313628988687,0.00931151497388494,0.38,0.7988495394135452,0.4693877551020408,26.0,0.0,1,0.003571446453862537,0,0,0,0,0,0,0,0,1,0,0,0,0,0
2026-02-09,SCC,0.0,0.013460904883217339,0.015701833826134853,0.07,0.6673911126530135,0.4489795918367346,7.0,0.0,1,0.004587120213241924,0,0,0,0,0,0,1,0,0,0,0,0,0,0
2026-02-09,SCGP,0.024875630057832554,0.008020776761707782,0.013043511040935603,0.46,0.5128534376254641,0.3469387755102041,2.0,0.0,1,0.004854332798244876,0,0,0,0,0,0,1,0,0,0,0,0,0,0
2026-02-09,TCAP,0.02202637785386563,0.006186961774226974,0.0101460377075308,0.4,0.3602260403234661,0.1020408163265306,1.0,0.0,0,-0.012931003542267727,0,0,0,0,0,0,0,0,1,0,0,0,0,0
2026-02-09,TIDLOR,0.06250002815458622,0.025620692325975237,0.02646428809111941,0.84,0.2781370028253271,0.0,0.0,0.0,1,0.010695085706533103,0,0,0,0,1,0,0,0,0,0,0,0,0,0
2026-02-09,TISCO,0.013513542844930004,0.0009329303419767454,0.010202592778030584,0.24,0.6406867342025374,0.4081632653061224,1.0,0.0,1,0.004444430167214852,0,0,0,0,0,0,0,0,1,0,0,0,0,0
2026-02-09,TLI,-0.008403299203350367,-0.0016664170668802213,0.0070562652588087756,0.02,0.299872962494744,0.0,0.0,0.0,0,-0.016949111862629707,0,0,0,0,0,1,0,0,0,0,0,0,0,0
2026-02-09,TOP,0.01047123230294611,0.02602631671354989,0.028899739864411356,0.2,0.7386039040525615,0.5102040816326531,3.0,0.0,1,0.0414507263044126,0,0,0,0,0,0,1,0,0,0,0,0,0,0
2026-02-09,TRUE,0.04878048010311864,0.01982847934123444,0.01676195722764278,0.78,0.7259234069997916,0.5510204081632653,5.0,0.0,1,0.007751961907921823,1,0,0,0,0,0,0,0,0,0,0,0,0,0
2026-02-09,TTB,0.0202020101670084,0.004065679975323877,0.012023546823327791,0.34,0.389142793520201,0.2448979591836734,13.0,0.0,0,0.0,0,0,0,0,0,0,0,0,1,0,0,0,0,0
2026-02-09,TU,0.0,0.01027241697257999,0.011116021887450776,0.07,0.2779194133981291,0.0,0.0,0.0,0,-0.008264469512836103,0,0,0,0,0,0,0,0,0,0,1,0,0,0
2026-02-09,WHA,0.09999992766371157,0.021211770381832907,0.04491320203674339,1.0,0.2667685974671863,0.0204081632653061,0.0,0.0,1,0.01604280888139753,1,0,0,0,0,0,0,0,0,0,0,0,0,0
2026-02-10,ADVANC,0.04545457330718783,0.016391413867281178,0.02742047299431551,0.98,0.8340338761433772,0.5306122448979591,6.0,0.0,0,-0.015345282461662335,1,0,0,0,0,0,0,0,0,0,0,0,0,0
2026-02-10,AOT,-0.012875536480686733,0.022085622884648125,0.04557270222594174,0.1,0.5714144407022494,0.3877551020408163,2.0,0.0,0,-0.017391304347826098,0,0,0,0,0,0,1,0,0,0,0,0,0,0
2026-02-10,AWC,0.0083333178534859,0.013933458324268667,0.020086579396532564,0.56,0.26474316484215,0.0,0.0,0.0,0,-0.008264447584877654,0,0,0,0,0,0,0,1,0,0,0,0,0,0
2026-02-10,BANPU,0.009174292878677548,0.005660682831795017,0.016994278222899433,0.58,0.5168610876183813,0.3469387755102041,0.0,0.0,1,0.009090979837707236,0,0,0,0,0,0,1,0,0,0,0,0,0,0
2026-02-10,BBL,0.009316782241054034,0.0076019191091631685,0.011156544899533423,0.6,0.8021884428957072,0.4897959183673469,1.0,0.0,0,-0.009230781063966131,0,0,0,0,0,0,0,0,1,0,0,0,0,0
2026-02-10,BDMS,-0.0047619172963997425,0.01196209228551206,0.012895810124939126,0.18,0.6121736045413307,0.4081632653061224,3.0,0.0,0,0.0,0,0,0,0,0,0,1,0,0,0,0,0,0,0
2026-02-10,BEM,0.018518498350508894,0.011396018237024696,0.017123687878495098,0.82,0.3153698175379232,0.0204081632653061,0.0,0.0,0,-0.03636359748104645,0,0,0,0,0,0,0,0,0,1,0,0,0,0
2026-02-10,BH,0.05932209625451601,0.02551278886759454,0.02470589244534054,1.0,0.5733025950300475,0.4693877551020408,0.0,0.0,1,0.013333285311724952,0,0,0,0,0,0,1,0,0,0,0,0,0,0
2026-02-10,BJC,0.012903184679043722,0.016106062367053343,0.013953026385188043,0.68,0.3859487784668349,0.1020408163265306,1.0,0.0,1,0.012738875729225274,0,0,0,0,0,0,0,0,0,1,0,0,0,0
2026-02-10,BTS,0.04237294385434165,0.023087369064196263,0.03568295081083055,0.94,0.3820598396963626,0.0816326530612244,1.0,0.0,0,-0.008130073421291018,0,0,0,0,0,0,0,0,0,1,0,0,0,0
2026-02-10,CBG,0.04469271372562322,0.014874032008442417,0.030178779893319244,0.96,0.4037334379706352,0.1428571428571428,0.0,0.0,0,0.0,0,0,0,0,0,0,0,0,0,1,0,0,0,0
2026-02-10,CCET,0.024096399641438726,0.013229687106874177,0.021763620491458528,0.86,0.2944691120222417,0.0408163265306122,0.0,0.0,0,-0.019607854340238706,0,0,0,0,0,0,0,0,0,0,0,1,0,0
2026-02-10,CENTEL,0.013605451564501214,0.004148021067950758,0.013423456254542648,0.72,0.2958173008031775,0.0,0.0,0.0,0,-0.013422827929251091,0,0,0,0,0,0,0,0,0,0,0,0,1,0
2026-02-10,COM7,0.022267215845795052,0.015562298223212156,0.0240532435010266,0.84,0.5390811125917591,0.3469387755102041,0.0,0.0,0,-0.05346536131803914,0,0,0,0,0,0,1,0,0,0,0,0,0,0
2026-02-10,CPALL,0.026315780701966274,0.01960053373857793,0.010315423516496254,0.88,0.4825031688955927,0.183673469387755,2.0,0.0,1,0.0051282521794462355,0,0,0,0,0,0,0,0,0,1,0,0,0,0
2026-02-10,CPF,0.0,0.005774185579928881,0.006276984858658509,0.28,0.7091921123853364,0.4897959183673469,1.0,0.0,0,-0.00943402159762008,0,0,0,0,0,0,1,0,0,0,0,0,0,0
2026-02-10,CPN,0.0,0.005904629917968518,0.02019578152750852,0.28,0.2998494178860543,0.0204081632653061,0.0,0.0,1,0.020161328700216252,0,0,0,0,0,0,0,0,0,0,0,1,0,0
2026-02-10,CRC,-0.004651198656964062,0.018172437046471403,0.03399389878783539,0.2,0.1885120701342117,0.1224489795918367,0.0,0.0,0,-0.009345677838939359,0,0,0,0,0,0,0,0,0,1,0,0,0,0
2026-02-10,DELTA,-0.013636396181989863,0.010017415409453534,0.03693270745965128,0.06,0.7549857549857552,0.5102040816326531,1.0,0.0,1,0.013824918244353501,0,0,0,0,0,0,0,0,0,0,0,1,0,0
2026-02-10,EGCO,0.008298714898536286,0.006740915140329174,0.0076502017918781045,0.54,0.2641362307564376,0.0,1.0,0.0,0,-0.008230413047160656,0,0,0,0,0,0,0,0,0,0,0,0,0,1
2026-02-10,GPSC,0.012903242679823457,0.011969478432198066,0.0153130619772511,0.7,0.3084218345695337,0.0408163265306122,2.0,0.0,0,-0.01910830492409943,0,0,0,0,0,0,1,0,0,0,0,0,0,0
2026-02-10,GULF,0.02816902473245575,0.028074250799584432,0.02946943834993995,0.9,0.824860649548974,0.5306122448979591,6.0,0.0,1,0.022831034112323678,1,0,0,0,0,0,0,0,0,0,0,0,0,0
2026-02-10,HMPRO,0.007299289021487132,0.0014922193396530448,0.009541977246808742,0.48,0.3412017927251844,0.0816326530612244,0.0,0.0,0,-0.014492719385920894,0,0,0,0,0,0,0,0,0,1,0,0,0,0
2026-02-10,IVL,0.01843316411472018,0.021345939496994194,0.01989111190658435,0.8,0.6190346064901138,0.4489795918367346,0.0,0.0,1,0.004524926876145363,0,0,0,0,0,0,1,0,0,0,0,0,0,0
2026-02-10,KBANK,0.0025773678753446827,0.007980626675202097,0.01465627112465366,0.36,0.8492309488143115,0.5510204081632653,5.0,0.0,0,-0.007712142581200454,0,0,0,0,0,0,0,0,1,0,0,0,0,0
2026-02-10,KKP,-0.010344837147757913,0.0035942639928682628,0.01355478286933378,0.12,0.6442502814112808,0.4081632653061224,3.0,0.0,0,-0.003484249096072256,0,0,0,0,0,0,0,0,1,0,0,0,0,0
2026-02-10,KTB,0.0,0.014081393160840384,0.02814176042215938,0.28,0.750245974679521,0.3673469387755101,1.0,0.0,0,0.0,0,0,0,0,0,0,0,0,1,0,0,0,0,0
2026-02-10,KTC,0.0,0.012189159585964626,0.02267258985218808,0.28,0.3257950366470686,0.0408163265306122,6.0,0.0,0,-0.008264418531231721,1,0,0,0,0,0,0,0,0,0,0,0,0,0
2026-02-10,LH,0.009756053901841977,0.00909323912739315,0.020358490037689903,0.62,0.2735033172691258,0.0,1.0,0.0,1,0.038647409667230015,0,1,0,0,0,0,0,0,0,0,0,0,0,0
2026-02-10,MINT,0.0,0.0067716517440331355,0.0094923859752632,0.28,0.4943019943019943,0.2040816326530612,2.0,0.0,0,0.0,1,0,0,0,0,0,0,0,0,0,0,0,0,0
2026-02-10,MTC,-0.006622500337007953,0.025034879895166597,0.04241941054536903,0.16,0.2887361173649064,0.0,0.0,0.0,0,0.0,0,0,1,0,0,0,0,0,0,0,0,0,0,0
2026-02-10,OR,-0.021126814661825533,0.005994562763569489,0.018571386558204755,0.02,0.6153782616814699,0.2857142857142857,9.0,0.0,1,0.007194310136890536,0,0,0,0,0,0,0,0,0,0,0,1,0,0
2026-02-10,OSP,0.0,0.006747852500768081,0.01558303848044147,0.28,0.338970421015203,0.0612244897959183,0.0,0.0,0,-0.005434855551633255,0,0,0,0,0,0,0,0,0,1,0,0,0,0
2026-02-10,PTT,0.00709229449148685,0.00574542168967489,0.006016407563041889,0.46,0.7728921116235123,0.4285714285714285,4.0,0.0,0,0.0,0,0,0,0,0,0,1,0,0,0,0,0,0,0
2026-02-10,PTTEP,0.007782088492947148,0.012036657231686032,0.00916966868765919,0.52,0.6813255353395934,0.4489795918367346,4.0,0.0,0,0.0,0,0,0,0,0,0,1,0,0,0,0,0,0,0
2026-02-10,PTTGC,0.00980386478525297,0.010859005631794228,0.008792479783613593,0.64,0.6382595769495901,0.4693877551020408,3.0,0.0,0,0.0,0,0,0,0,0,0,1,0,0,0,0,0,0,0
2026-02-10,RATCH,0.016129067976599964,0.006544050361662212,0.013305982487377426,0.76,0.2677087625191304,0.0,2.0,0.0,0,-0.007936556367564518,0,0,0,1,0,0,0,0,0,0,0,0,0,0
2026-02-10,SAWAD,0.018018000407157952,0.021172700177865832,0.03519793733288505,0.78,0.3498375384972611,0.0816326530612244,0.0,0.0,0,-0.017699098051264017,0,0,0,0,0,0,0,0,0,1,0,0,0,0
2026-02-10,SCB,0.003571446453862537,0.007307870587249532,0.00932458154476045,0.38,0.7988495394135452,0.4693877551020408,23.0,0.0,0,-0.007117473233186122,0,0,0,0,0,0,0,0,1,0,0,0,0,0
2026-02-10,SCC,0.004587120213241924,0.008495976430056219,0.013107745473724716,0.42,0.6673911126530135,0.4489795918367346,7.0,0.0,0,-0.004566174621339125,0,0,0,0,0,0,1,0,0,0,0,0,0,0
2026-02-10,SCGP,0.004854332798244876,0.010001736904998015,0.011181241383955117,0.44,0.5128534376254641,0.3469387755102041,2.0,0.0,0,-0.01932371588974824,0,0,0,0,0,0,1,0,0,0,0,0,0,0
2026-02-10,TCAP,-0.012931003542267727,0.001822973450637555,0.012987900870786506,0.08,0.3602260403234661,0.1020408163265306,1.0,0.0,0,-0.008733603283169966,0,0,0,0,0,0,0,0,1,0,0,0,0,0
2026-02-10,TIDLOR,0.010695085706533103,0.020486978699973114,0.026348726770239004,0.66,0.2781370028253271,0.0,0.0,0.0,0,-0.010581911258682464,0,0,0,0,1,0,0,0,0,0,0,0,0,0
2026-02-10,TISCO,0.004444430167214852,0.0009289621135603942,0.010200879629206974,0.4,0.6406867342025374,0.4081632653061224,1.0,0.0,0,-0.008849529219799646,0,0,0,0,0,0,0,0,1,0,0,0,0,0
2026-02-10,TLI,-0.016949111862629707,-0.005056239439406163,0.009650036961114947,0.04,0.299872962494744,0.0,0.0,0.0,0,-0.008620712205842374,0,0,0,0,0,1,0,0,0,0,0,0,0,0
2026-02-10,TOP,0.0414507263044126,0.033139988267431385,0.027018012533525086,0.92,0.7386039040525615,0.5102040816326531,3.0,0.0,0,-0.004975060526978048,0,0,0,0,0,0,1,0,0,0,0,0,0,0
2026-02-10,TRUE,0.007751961907921823,0.01796007440423759,0.017640599324348197,0.5,0.7259234069997916,0.5510204081632653,5.0,0.0,1,0.015384662498191481,1,0,0,0,0,0,0,0,0,0,0,0,0,0
2026-02-10,TTB,0.0,0.0030555732578099403,0.012131786265544175,0.28,0.389142793520201,0.2448979591836734,13.0,0.0,0,0.0,0,0,0,0,0,0,0,0,1,0,0,0,0,0
2026-02-10,TU,-0.008264469512836103,0.0051412592322075176,0.012801926255764163,0.14,0.2779194133981291,0.0,0.0,0.0,0,-0.008333421929627272,0,0,0,0,0,0,0,0,0,0,1,0,0,0
2026-02-10,WHA,0.01604280888139753,0.026787209841296587,0.04137639663699952,0.74,0.2667685974671863,0.0204081632653061,0.0,0.0,1,0.036842125701666895,1,0,0,0,0,0,0,0,0,0,0,0,0,0
2026-02-11,ADVANC,-0.015345282461662335,0.006120131209561031,0.027849226739949832,0.16,0.8340338761433772,0.5306122448979591,6.0,0.0,1,0.025974021556580684,1,0,0,0,0,0,0,0,0,0,0,0,0,0
2026-02-11,AOT,-0.017391304347826098,0.016674994865324443,0.04890088846790254,0.14,0.5714144407022494,0.3877551020408163,2.0,0.0,1,0.008849557522123908,0,0,0,0,0,0,1,0,0,0,0,0,0,0
2026-02-11,AWC,-0.008264447584877654,0.012280568807293136,0.021787773145237728,0.38,0.26474316484215,0.0,0.0,0.0,1,0.058333328173384213,0,0,0,0,0,0,0,1,0,0,0,0,0,0
2026-02-11,BANPU,0.009090979837707236,0.005609723874162631,0.016980842302507095,0.84,0.5168610876183813,0.3469387755102041,0.0,0.0,1,0.05405402770039891,0,0,0,0,0,0,1,0,0,0,0,0,0,0
2026-02-11,BBL,-0.009230781063966131,0.005755762896369943,0.013288934621963238,0.28,0.8021884428957072,0.4897959183673469,1.0,0.0,1,0.018633564482107845,0,0,0,0,0,0,0,0,1,0,0,0,0,0
2026-02-11,BDMS,0.0,0.009931650184789031,0.014003661836057847,0.68,0.6121736045413307,0.4081632653061224,3.0,0.0,1,0.009569403299889423,0,0,0,0,0,0,1,0,0,0,0,0,0,0
2026-02-11,BEM,-0.03636359748104645,0.0041232987408154065,0.027656518959220965,0.04,0.3153698175379232,0.0204081632653061,0.0,0.0,1,0.028301809153874258,0,0,0,0,0,0,0,0,0,1,0,0,0,0
2026-02-11,BH,0.013333285311724952,0.028783673365211017,0.020749617047580177,0.88,0.5733025950300475,0.4693877551020408,0.0,0.0,1,0.002631569594128802,0,0,0,0,0,0,1,0,0,0,0,0,0,0
2026-02-11,BJC,0.012738875729225274,0.01727452484154779,0.013214048700954146,0.86,0.3859487784668349,0.1020408163265306,1.0,0.0,1,0.018867957033918303,0,0,0,0,0,0,0,0,0,1,0,0,0,0
2026-02-11,BTS,-0.008130073421291018,0.025097714469579112,0.03295553380738682,0.44,0.3820598396963626,0.0816326530612244,1.0,0.0,1,0.03278685320900654,0,0,0,0,0,0,0,0,0,1,0,0,0,0
2026-02-11,CBG,0.0,0.01947173950627481,0.024109143034576976,0.68,0.4037334379706352,0.1428571428571428,0.0,0.0,1,0.01604278296496231,0,0,0,0,0,0,0,0,0,1,0,0,0,0
2026-02-11,CCET,-0.019607854340238706,0.010144936747614209,0.025603253416207946,0.06,0.2944691120222417,0.0408163265306122,0.0,0.0,1,0.010000102957662849,0,0,0,0,0,0,0,0,0,0,0,1,0,0
2026-02-11,CENTEL,-0.013422827929251091,0.0014634554821005396,0.015622507041518095,0.2,0.2958173008031775,0.0,0.0,0.0,1,0.04761902739953605,0,0,0,0,0,0,0,0,0,0,0,0,1,0
2026-02-11,COM7,-0.05346536131803914,0.007433331160642953,0.03854564383532655,0.02,0.5390811125917591,0.3469387755102041,1.0,0.0,1,0.03765685882776815,0,0,0,0,0,0,1,0,0,0,0,0,0,0
2026-02-11,CPALL,0.0051282521794462355,0.019496248252294457,0.01049283177482976,0.8,0.4825031688955927,0.183673469387755,2.0,0.0,1,0.010204093996993624,0,0,0,0,0,0,0,0,0,1,0,0,0,0
2026-02-11,CPF,-0.00943402159762008,0.0038873812604048653,0.00918899272779984,0.24,0.7091921123853364,0.4897959183673469,1.0,0.0,1,0.014285712971170428,0,0,0,0,0,0,1,0,0,0,0,0,0,0
2026-02-11,CPN,0.020161328700216252,0.011596647186302156,0.019176810899606198,0.94,0.2998494178860543,0.0204081632653061,0.0,0.0,1,0.00395253897641723,0,0,0,0,0,0,0,0,0,0,0,1,0,0
2026-02-11,CRC,-0.009345677838939359,0.0183441129632125,0.033816469599070066,0.26,0.1885120701342117,0.1224489795918367,1.0,0.0,1,0.03773575548570207,0,0,0,0,0,0,0,0,0,1,0,0,0,0
2026-02-11,DELTA,0.013824918244353501,0.010850022271965099,0.03696959570197307,0.9,0.7549857549857552,0.5102040816326531,1.0,0.0,1,0.018181768889413474,0,0,0,0,0,0,0,0,0,0,0,1,0,0
2026-02-11,EGCO,-0.008230413047160656,0.004243766141744265,0.010257754726310407,0.42,0.2641362307564376,0.0,1.0,0.0,1,0.0165974949611849,0,0,0,0,0,0,0,0,0,0,0,0,0,1
2026-02-11,GPSC,-0.01910830492409943,0.009499170507090815,0.01951027790889575,0.1,0.3084218345695337,0.0408163265306122,3.0,0.0,1,0.0714285641968253,0,0,0,0,0,0,1,0,0,0,0,0,0,0
2026-02-11,GULF,0.022831034112323678,0.025310606391699665,0.02910997740903205,0.96,0.824860649548974,0.5306122448979591,6.0,0.0,1,0.04464289822166556,1,0,0,0,0,0,0,0,0,0,0,0,0,0
2026-02-11,HMPRO,-0.014492719385920894,0.0015133766491540745,0.009497393158156394,0.18,0.3412017927251844,0.0816326530612244,0.0,0.0,1,0.029411694202584382,0,0,0,0,0,0,0,0,0,1,0,0,0,0
2026-02-11,IVL,0.004524926876145363,0.011195667343556037,0.007056258708329811,0.78,0.6190346064901138,0.4489795918367346,1.0,0.0,1,0.03153137336886602,0,0,0,0,0,0,1,0,0,0,0,0,0,0
2026-02-11,KBANK,-0.007712142581200454,0.00322963417869635,0.015228505605668066,0.48,0.8492309488143115,0.5510204081632653,6.0,0.0,1,0.02849743689353179,0,0,0,0,0,0,0,0,1,0,0,0,0,0
2026-02-11,KKP,-0.003484249096072256,-0.001357908858192558,0.009350779106375594,0.58,0.6442502814112808,0.4081632653061224,3.0,0.0,1,0.006992975534201307,0,0,0,0,0,0,0,0,1,0,0,0,0,0
2026-02-11,KTB,0.0,0.010541566834191362,0.028680919041298696,0.68,0.750245974679521,0.3673469387755101,1.0,0.0,1,0.024793344469514977,0,0,0,0,0,0,0,0,1,0,0,0,0,0
2026-02-11,KTC,-0.008264418531231721,0.010536275879718282,0.024043182225292243,0.4,0.3257950366470686,0.0408163265306122,6.0,0.0,1,0.02499999999999991,1,0,0,0,0,0,0,0,0,0,0,0,0,0
2026-02-11,LH,0.038647409667230015,0.014802515648370785,0.024327590480100355,1.0,0.2735033172691258,0.0,1.0,0.0,1,0.041860477370267546,0,1,0,0,0,0,0,0,0,0,0,0,0,0
2026-02-11,MINT,0.0,0.003960405038798509,0.008855734885186158,0.68,0.4943019943019943,0.2040816326530612,2.0,0.0,1,0.029126165193516185,1,0,0,0,0,0,0,0,0,0,0,0,0,0
2026-02-11,MTC,0.0,0.025034879895166597,0.04241941054536903,0.68,0.2887361173649064,0.0,0.0,0.0,1,0.033333353878659766,0,0,1,0,0,0,0,0,0,0,0,0,0,0
2026-02-11,OR,0.007194310136890536,0.007433424790947596,0.018267037158098035,0.82,0.6153782616814699,0.2857142857142857,10.0,0.0,1,0.021428556520940667,0,0,0,0,0,0,0,0,0,0,0,1,0,0
2026-02-11,OSP,-0.005434855551633255,0.0056608813904414305,0.016342442322647012,0.52,0.338970421015203,0.0612244897959183,0.0,0.0,1,0.010929002131328414,0,0,0,0,0,0,0,0,0,1,0,0,0,0
2026-02-11,PTT,0.0,0.004296149831739582,0.0064234677546591255,0.68,0.7728921116235123,0.4285714285714285,4.0,0.0,1,0.014084472368849132,0,0,0,0,0,0,1,0,0,0,0,0,0,0
2026-02-11,PTTEP,0.0,0.0071186324037969765,0.007118427499033353,0.68,0.6813255353395934,0.4489795918367346,5.0,0.0,1,0.05405408866667627,0,0,0,0,0,0,1,0,0,0,0,0,0,0
2026-02-11,PTTGC,0.0,0.005940978981485578,0.005423790416230814,0.68,0.6382595769495901,0.4693877551020408,4.0,0.0,1,0.03883495511987256,0,0,0,0,0,0,1,0,0,0,0,0,0,0
2026-02-11,RATCH,-0.007936556367564518,0.0033173976723664734,0.014689255758481522,0.46,0.2677087625191304,0.0,2.0,0.0,1,0.008000049209055504,0,0,0,1,0,0,0,0,0,0,0,0,0,0
2026-02-11,SAWAD,-0.017699098051264017,0.01371131581337599,0.03932488317269214,0.12,0.3498375384972611,0.0816326530612244,0.0,0.0,1,0.03603600081431613,0,0,0,0,0,0,0,0,0,1,0,0,0,0
2026-02-11,SCB,-0.007117473233186122,0.0058843759406123075,0.011094426198685524,0.5,0.7988495394135452,0.4693877551020408,21.0,0.0,1,0.014336989606138273,0,0,0,0,0,0,0,0,1,0,0,0,0,0
2026-02-11,SCC,-0.004566174621339125,0.004725606213703282,0.01372290668391546,0.56,0.6673911126530135,0.4489795918367346,4.0,0.0,1,0.01376143148984621,0,0,0,0,0,0,1,0,0,0,0,0,0,0
2026-02-11,SCGP,-0.01932371588974824,0.004106532172974098,0.01722115669325153,0.08,0.5128534376254641,0.3469387755102041,2.0,0.0,1,0.034482791591294415,0,0,0,0,0,0,1,0,0,0,0,0,0,0
2026-02-11,TCAP,-0.008733603283169966,0.0009573218820696061,0.013634926375450903,0.32,0.3602260403234661,0.1020408163265306,1.0,0.0,1,0.008810551141546386,0,0,0,0,0,0,0,0,1,0,0,0,0,0
2026-02-11,TIDLOR,-0.010581911258682464,0.01837059644823662,0.028723622105696425,0.22,0.2781370028253271,0.0,0.0,0.0,1,0.016042681556666327,0,0,0,0,1,0,0,0,0,0,0,0,0,0
2026-02-11,TISCO,-0.008849529219799646,0.001825728647158953,0.008723758315605719,0.3,0.6406867342025374,0.4081632653061224,0.0,0.0,0,-0.0044643430141313445,0,0,0,0,0,0,0,0,1,0,0,0,0,0
2026-02-11,TLI,-0.008620712205842374,-0.005099722039904564,0.00966935955428356,0.34,0.299872962494744,0.0,0.0,0.0,1,0.017391262282797193,0,0,0,0,0,1,0,0,0,0,0,0,0,0
2026-02-11,TOP,-0.004975060526978048,0.019279481530670894,0.024695250054018757,0.54,0.7386039040525615,0.5102040816326531,3.0,0.0,1,0.030000001554005618,0,0,0,0,0,0,1,0,0,0,0,0,0,0
2026-02-11,TRUE,0.015384662498191481,0.01767563562432315,0.01767527429565471,0.92,0.7259234069997916,0.5510204081632653,5.0,0.0,1,0.03030297457534048,1,0,0,0,0,0,0,0,0,0,0,0,0,0
2026-02-11,TTB,0.0,0.004060604033634019,0.011485957671673904,0.68,0.389142793520201,0.2448979591836734,11.0,0.0,0,0.0,0,0,0,0,0,0,0,0,1,0,0,0,0,0
2026-02-11,TU,-0.008333421929627272,0.0017651717030658265,0.013861234465187642,0.36,0.2779194133981291,0.0,0.0,0.0,1,0.008403451436109544,0,0,0,0,0,0,0,0,0,0,1,0,0,0
2026-02-11,WHA,0.036842125701666895,0.03176041129094727,0.04063894079640267,0.98,0.2667685974671863,0.0204081632653061,0.0,0.0,1,0.06598979384888093,1,0,0,0,0,0,0,0,0,0,0,0,0,0
2026-02-12,ADVANC,0.025974021556580684,0.015058257442027979,0.024900705235491424,0.56,0.8340338761433772,0.5306122448979591,6.0,0.0,0,-0.015189887476359742,1,0,0,0,0,0,0,0,0,0,0,0,0,0
2026-02-12,AOT,0.008849557522123908,0.02035878196783536,0.04708982506268819,0.18,0.5714144407022494,0.3877551020408163,2.0,0.0,1,0.00877192982456143,0,0,0,0,0,0,1,0,0,0,0,0,0,0
2026-02-12,AWC,0.058333328173384213,0.01686760161408516,0.029069130172535967,0.96,0.26474316484215,0.0,0.0,0.0,0,-0.01574800231958806,0,0,0,0,0,0,0,1,0,0,0,0,0,0
2026-02-12,BANPU,0.05405402770039891,0.020124225357026092,0.021591217077500717,0.92,0.5168610876183813,0.3469387755102041,0.0,0.0,0,-0.01709406525285151,0,0,0,0,0,0,1,0,0,0,0,0,0,0
2026-02-12,BBL,0.018633564482107845,0.00820451895101959,0.01450721280198473,0.46,0.8021884428957072,0.4897959183673469,1.0,0.0,0,-0.0030487843603801412,0,0,0,0,0,0,0,0,1,0,0,0,0,0
2026-02-12,BDMS,0.009569403299889423,0.006820411597662801,0.011239287986318515,0.2,0.6121736045413307,0.4081632653061224,2.0,0.0,1,0.009478604254542056,0,0,0,0,0,0,1,0,0,0,0,0,0,0
2026-02-12,BEM,0.028301809153874258,0.009783660571590257,0.029440331421278686,0.58,0.3153698175379232,0.0204081632653061,0.0,0.0,1,0.009174347400983773,0,0,0,0,0,0,0,0,0,1,0,0,0,0
2026-02-12,BH,0.002631569594128802,0.025673636758649376,0.023692596946762505,0.06,0.5733025950300475,0.4693877551020408,0.0,0.0,0,-0.015747975670828418,0,0,0,0,0,0,1,0,0,0,0,0,0,0
2026-02-12,BJC,0.018867957033918303,0.015568668415898924,0.012082676467726594,0.48,0.3859487784668349,0.1020408163265306,1.0,0.0,0,-0.01851854983136958,0,0,0,0,0,0,0,0,0,1,0,0,0,0
2026-02-12,BTS,0.03278685320900654,0.02795138508697561,0.03286102724839635,0.72,0.3820598396963626,0.0816326530612244,0.0,0.0,1,0.0873015993156252,0,0,0,0,0,0,0,0,0,1,0,0,0,0
2026-02-12,CBG,0.01604278296496231,0.02150381928943692,0.023083779648506737,0.38,0.4037334379706352,0.1428571428571428,0.0,0.0,0,-0.0052631042231529035,0,0,0,0,0,0,0,0,0,1,0,0,0,0
2026-02-12,CCET,0.010000102957662849,0.012985314307719653,0.024371910958060457,0.22,0.2944691120222417,0.0408163265306122,0.0,0.0,0,0.0,0,0,0,0,0,0,0,0,0,0,0,1,0,0
2026-02-12,CENTEL,0.04761902739953605,0.013726988746328338,0.023047382588668102,0.9,0.2958173008031775,0.0,0.0,0.0,0,-0.006493460435630483,0,0,0,0,0,0,0,0,0,0,0,0,1,0
2026-02-12,COM7,0.03765685882776815,0.009769892319646024,0.040266215061690154,0.8,0.5390811125917591,0.3469387755102041,1.0,0.0,0,-0.01209670637338811,0,0,0,0,0,0,1,0,0,0,0,0,0,0
2026-02-12,CPALL,0.010204093996993624,0.018166285232154467,0.011301728196842036,0.24,0.4825031688955927,0.183673469387755,2.0,0.0,0,-0.005050551090610367,0,0,0,0,0,0,0,0,0,1,0,0,0,0
2026-02-12,CPF,0.014285712971170428,0.0057736627273282885,0.010333808835103615,0.32,0.7091921123853364,0.4897959183673469,1.0,0.0,0,0.0,0,0,0,0,0,0,1,0,0,0,0,0,0,0
2026-02-12,CPN,0.00395253897641723,0.006529419276849269,0.016492731195642978,0.08,0.2998494178860543,0.0204081632653061,0.0,0.0,0,-0.007874018203463229,0,0,0,0,0,0,0,0,0,0,0,1,0,0
2026-02-12,CRC,0.03773575548570207,0.023829413332601024,0.034406571680507224,0.82,0.1885120701342117,0.1224489795918367,1.0,0.0,0,-0.004545489635438105,0,0,0,0,0,0,0,0,0,1,0,0,0,0
2026-02-12,DELTA,0.018181768889413474,0.021184937142019543,0.02747917318503504,0.44,0.7549857549857552,0.5102040816326531,1.0,0.0,0,-0.035714258892516226,0,0,0,0,0,0,0,0,0,0,0,1,0,0
2026-02-12,EGCO,0.0165974949611849,0.005868358113241712,0.011644793283546877,0.4,0.2641362307564376,0.0,1.0,0.0,1,0.004081644949836205,0,0,0,0,0,0,0,0,0,0,0,0,0,1
2026-02-12,GPSC,0.0714285641968253,0.023784883346455878,0.03258531640992889,1.0,0.3084218345695337,0.0408163265306122,4.0,0.0,1,0.04242429854843688,0,0,0,0,0,0,1,0,0,0,0,0,0,0
2026-02-12,GULF,0.04464289822166556,0.03120888201993901,0.029521794215477244,0.88,0.824860649548974,0.5306122448979591,7.0,0.0,1,0.012820517231780792,1,0,0,0,0,0,0,0,0,0,0,0,0,0
2026-02-12,HMPRO,0.029411694202584382,0.005914230213783189,0.01587089038778864,0.64,0.3412017927251844,0.0816326530612244,0.0,0.0,1,0.007142875792005343,0,0,0,0,0,0,0,0,0,1,0,0,0,0
2026-02-12,IVL,0.03153137336886602,0.015597144673873409,0.011325243461186517,0.7,0.6190346064901138,0.4489795918367346,1.0,0.0,0,-0.01310038504410227,0,0,0,0,0,0,1,0,0,0,0,0,0,0
2026-02-12,KBANK,0.02849743689353179,0.008929121557402709,0.01866306557840198,0.6,0.8492309488143115,0.5510204081632653,6.0,0.0,0,-0.01511338673491347,0,0,0,0,0,0,0,0,1,0,0,0,0,0
2026-02-12,KKP,0.006992975534201307,-0.002737079119771768,0.006661682354207374,0.1,0.6442502814112808,0.4081632653061224,3.0,0.0,0,0.0,0,0,0,0,0,0,0,0,1,0,0,0,0,0
2026-02-12,KTB,0.024793344469514977,0.015500235728094358,0.028545695895635045,0.52,0.750245974679521,0.3673469387755101,2.0,0.0,0,-0.02419350652823493,0,0,0,0,0,0,0,0,1,0,0,0,0,0
2026-02-12,KTC,0.02499999999999991,0.013781899392645292,0.02482797976747832,0.54,0.3257950366470686,0.0408163265306122,5.0,0.0,0,-0.008130103261660193,1,0,0,0,0,0,0,0,0,0,0,0,0,0
2026-02-12,LH,0.041860477370267546,0.023174611122424294,0.025148983797362016,0.86,0.2735033172691258,0.0,1.0,0.0,0,-0.022321410410743092,0,1,0,0,0,0,0,0,0,0,0,0,0,0
2026-02-12,MINT,0.029126165193516185,0.009785638077501746,0.013799095420934743,0.62,0.4943019943019943,0.2040816326530612,1.0,0.0,1,0.009434020425160616,1,0,0,0,0,0,0,0,0,0,0,0,0,0
2026-02-12,MTC,0.033333353878659766,0.024182748800223353,0.04214596025943075,0.74,0.2887361173649064,0.0,0.0,0.0,1,0.006451596868892295,0,0,1,0,0,0,0,0,0,0,0,0,0,0
2026-02-12,OR,0.021428556520940667,0.008756175056054749,0.019153127553265842,0.5,0.6153782616814699,0.2857142857142857,9.0,0.0,0,-0.006993002230107903,0,0,0,0,0,0,0,0,0,0,0,1,0,0
2026-02-12,OSP,0.010929002131328414,0.0067230932393841595,0.016510689466535448,0.26,0.338970421015203,0.0612244897959183,0.0,0.0,0,-0.01081085032508411,0,0,0,0,0,0,0,0,0,1,0,0,0,0
2026-02-12,PTT,0.014084472368849132,0.004235353372067196,0.006304401480938625,0.3,0.7728921116235123,0.4285714285714285,4.0,0.0,0,-0.006944427585972468,0,0,0,0,0,0,1,0,0,0,0,0,0,0
2026-02-12,PTTEP,0.05405408866667627,0.01792945013713223,0.021039137739123623,0.94,0.6813255353395934,0.4489795918367346,5.0,0.0,0,-0.007326053102776453,0,0,0,0,0,0,1,0,0,0,0,0,0,0
2026-02-12,PTTGC,0.03883495511987256,0.011707965963320488,0.015944569343242294,0.84,0.6382595769495901,0.4693877551020408,4.0,0.0,0,-0.009345740755149268,0,0,0,0,0,0,1,0,0,0,0,0,0,0
2026-02-12,RATCH,0.008000049209055504,0.003291394054430663,0.014678717540142017,0.12,0.2677087625191304,0.0,2.0,0.0,0,-0.007936556367564518,0,0,0,1,0,0,0,0,0,0,0,0,0,0
2026-02-12,SAWAD,0.03603600081431613,0.01899544091600063,0.040397372090875114,0.78,0.3498375384972611,0.0816326530612244,0.0,0.0,0,-0.017391287940762723,0,0,0,0,0,0,0,0,0,1,0,0,0,0
2026-02-12,SCB,0.014336989606138273,0.006537752698312116,0.01156249916968596,0.34,0.7988495394135452,0.4693877551020408,19.0,0.0,0,-0.003533586409903422,0,0,0,0,0,0,0,0,1,0,0,0,0,0
2026-02-12,SCC,0.01376143148984621,0.008416852362451821,0.013019680103746325,0.28,0.6673911126530135,0.4489795918367346,0.0,0.0,0,0.0,0,0,0,0,0,0,1,0,0,0,0,0,0,0
2026-02-12,SCGP,0.034482791591294415,0.012008127674155955,0.020696773632081493,0.76,0.5128534376254641,0.3469387755102041,0.0,0.0,0,-0.009523831530379057,0,0,0,0,0,0,1,0,0,0,0,0,0,0
2026-02-12,TCAP,0.008810551141546386,0.0018344644339948646,0.014048554310844976,0.16,0.3602260403234661,0.1020408163265306,1.0,0.0,0,-0.004366801641584983,0,0,0,0,0,0,0,0,1,0,0,0,0,0
2026-02-12,TIDLOR,0.016042681556666327,0.015731176831820636,0.028074157300083554,0.36,0.2781370028253271,0.0,0.0,0.0,0,-0.0105263212800083,0,0,0,0,1,0,0,0,0,0,0,0,0,0
2026-02-12,TISCO,-0.0044643430141313445,3.196201139250565e-05,0.00895428781526983,0.02,0.6406867342025374,0.4081632653061224,0.0,0.0,1,0.004484362747636528,0,0,0,0,0,0,0,0,1,0,0,0,0,0
2026-02-12,TLI,0.017391262282797193,-0.0033163721978050507,0.01303523005537394,0.42,0.299872962494744,0.0,0.0,0.0,0,0.0,0,0,0,0,0,1,0,0,0,0,0,0,0,0
2026-02-12,TOP,0.030000001554005618,0.025279481841472017,0.022375503478990286,0.66,0.7386039040525615,0.5102040816326531,5.0,0.0,0,0.0,0,0,0,0,0,0,1,0,0,0,0,0,0,0
2026-02-12,TRUE,0.03030297457534048,0.022083349119260732,0.017488568131056235,0.68,0.7259234069997916,0.5510204081632653,5.0,0.0,0,-0.01470592750104971,1,0,0,0,0,0,0,0,0,0,0,0,0,0
2026-02-12,TTB,0.0,0.002040403016933179,0.011037491722275887,0.04,0.389142793520201,0.2448979591836734,13.0,0.0,0,0.0,0,0,0,0,0,0,0,0,1,0,0,0,0,0
2026-02-12,TU,0.008403451436109544,-0.0016388880012707663,0.006980967053734305,0.14,0.2779194133981291,0.0,0.0,0.0,0,0.0,0,0,0,0,0,0,0,0,0,0,1,0,0,0
2026-02-12,WHA,0.06598979384888093,0.04377493121913138,0.039962887007163925,0.98,0.2667685974671863,0.0204081632653061,0.0,0.0,0,-0.01428568082402748,1,0,0,0,0,0,0,0,0,0,0,0,0,0
2026-02-13,ADVANC,-0.015189887476359742,0.013110187361985525,0.027182651796318614,0.18,0.8340338761433772,0.5306122448979591,6.0,0.0,1,0.0025707105302514854,1,0,0,0,0,0,0,0,0,0,0,0,0,0
2026-02-13,AOT,0.00877192982456143,0.01728225005835149,0.047281942228319766,0.88,0.5714144407022494,0.3877551020408163,2.0,0.0,0,-0.021739130434782594,0,0,0,0,0,0,1,0,0,0,0,0,0,0
2026-02-13,AWC,-0.01574800231958806,0.015427399783728268,0.030771587550129664,0.14,0.26474316484215,0.0,0.0,0.0,1,0.015999969882409593,0,0,0,0,0,0,0,1,0,0,0,0,0,0
2026-02-13,BANPU,-0.01709406525285151,0.01670541230645579,0.026393644670063172,0.12,0.5168610876183813,0.3469387755102041,0.0,0.0,1,0.00869571987858242,0,0,0,0,0,0,1,0,0,0,0,0,0,0
2026-02-13,BBL,-0.0030487843603801412,0.008229683489029482,0.014482627987695429,0.62,0.8021884428957072,0.4897959183673469,1.0,0.0,1,0.0030581078718321386,0,0,0,0,0,0,0,0,1,0,0,0,0,0
2026-02-13,BDMS,0.009478604254542056,0.0038141583815952894,0.006209823337813726,0.94,0.6121736045413307,0.4081632653061224,2.0,0.0,1,0.01877939319915245,0,0,0,0,0,0,1,0,0,0,0,0,0,0
2026-02-13,BEM,0.009174347400983773,0.011618530051787012,0.02896010175695138,0.9,0.3153698175379232,0.0204081632653061,0.0,0.0,1,0.01818179874052328,0,0,0,0,0,0,0,0,0,1,0,0,0,0
2026-02-13,BH,-0.015747975670828418,0.020143078533536564,0.03007736177376145,0.16,0.5733025950300475,0.4693877551020408,0.0,0.0,1,0.0026666570623450347,0,0,0,0,0,0,1,0,0,0,0,0,0,0
2026-02-13,BJC,-0.01851854983136958,0.011864958449625007,0.018940247863454284,0.08,0.3859487784668349,0.1020408163265306,1.0,0.0,1,0.012578638022612276,0,0,0,0,0,0,0,0,0,1,0,0,0,0
2026-02-13,BTS,0.0873015993156252,0.04541170495010065,0.03720296560548767,1.0,0.3820598396963626,0.0816326530612244,1.0,0.0,0,-0.080291980965148,0,0,0,0,0,0,0,0,0,1,0,0,0,0
2026-02-13,CBG,-0.0052631042231529035,0.02045119844480634,0.024392403676793396,0.52,0.4037334379706352,0.1428571428571428,0.0,0.0,0,-0.021164050237216903,0,0,0,0,0,0,0,0,0,1,0,0,0,0
2026-02-13,CCET,0.0,0.012141411440871996,0.02482024603646348,0.71,0.2944691120222417,0.0408163265306122,0.0,0.0,0,-0.00990109102798975,0,0,0,0,0,0,0,0,0,0,0,1,0,0
2026-02-13,CENTEL,-0.006493460435630483,0.012428296659202243,0.024169871307819894,0.5,0.2958173008031775,0.0,0.0,0.0,0,0.0,0,0,0,0,0,0,0,0,0,0,0,0,1,0
2026-02-13,COM7,-0.01209670637338811,0.008194439399415731,0.041095950871484016,0.28,0.5390811125917591,0.3469387755102041,1.0,0.0,0,-0.004081664057750012,0,0,0,0,0,0,1,0,0,0,0,0,0,0
2026-02-13,CPALL,-0.005050551090610367,0.013841244934880748,0.015442429864350947,0.54,0.4825031688955927,0.183673469387755,2.0,0.0,1,0.005076188640685819,0,0,0,0,0,0,0,0,0,1,0,0,0,0
2026-02-13,CPF,0.0,0.0028751122732751265,0.009252771278373586,0.71,0.7091921123853364,0.4897959183673469,1.0,0.0,0,-0.00938964026897271,0,0,0,0,0,0,1,0,0,0,0,0,0,0
2026-02-13,CPN,-0.007874018203463229,0.008206649203574412,0.013802798253043837,0.42,0.2998494178860543,0.0204081632653061,0.0,0.0,0,0.0,0,0,0,0,0,0,0,0,0,0,0,1,0,0
2026-02-13,CRC,-0.004545489635438105,0.018838671805318043,0.0367564339103078,0.56,0.1885120701342117,0.1224489795918367,1.0,0.0,0,-0.02739728809703701,0,0,0,0,0,0,0,0,0,1,0,0,0,0
2026-02-13,DELTA,-0.035714258892516226,0.009091603806762927,0.03712804850292179,0.02,0.7549857549857552,0.5102040816326531,2.0,0.0,1,0.02314815667064063,0,0,0,0,0,0,0,0,0,0,0,1,0,0
2026-02-13,EGCO,0.004081644949836205,0.0075250125912608825,0.010373886169717324,0.8,0.2641362307564376,0.0,1.0,0.0,0,0.0,0,0,0,0,0,0,0,0,0,0,0,0,0,1
2026-02-13,GPSC,0.04242429854843688,0.026827559258661537,0.033677188412432474,0.98,0.3084218345695337,0.0408163265306122,4.0,0.0,1,0.005813960866786649,0,0,0,0,0,0,1,0,0,0,0,0,0,0
2026-02-13,GULF,0.012820517231780792,0.035763046537113444,0.022508312447006802,0.96,0.824860649548974,0.5306122448979591,7.0,0.0,1,0.00843879878403464,1,0,0,0,0,0,0,0,0,0,0,0,0,0
2026-02-13,HMPRO,0.007142875792005343,0.007342805372184258,0.01552311150208024,0.86,0.3412017927251844,0.0816326530612244,0.0,0.0,0,-0.007092216967119258,0,0,0,0,0,0,0,0,0,1,0,0,0,0
2026-02-13,IVL,-0.01310038504410227,0.012033699670334474,0.01699059326434409,0.26,0.6190346064901138,0.4489795918367346,1.0,0.0,1,0.013274283266072162,0,0,0,0,0,0,1,0,0,0,0,0,0,0
2026-02-13,KBANK,-0.01511338673491347,0.007485386792937953,0.020480594568375563,0.2,0.8492309488143115,0.5510204081632653,7.0,0.0,1,0.0179028156447274,0,0,0,0,0,0,0,0,1,0,0,0,0,0
2026-02-13,KKP,0.0,-0.0013672221419257723,0.006299025168075414,0.71,0.6442502814112808,0.4081632653061224,3.0,0.0,0,-0.0034722625526367734,0,0,0,0,0,0,0,0,1,0,0,0,0,0
2026-02-13,KTB,-0.02419350652823493,0.012400666458930565,0.032409651972029226,0.04,0.750245974679521,0.3673469387755101,2.0,0.0,1,0.024793344469514977,0,0,0,0,0,0,0,0,1,0,0,0,0,0
2026-02-13,KTC,-0.008130103261660193,0.012155878740313254,0.026185347577326015,0.38,0.3257950366470686,0.0408163265306122,3.0,0.0,1,0.07377049343662034,1,0,0,0,0,0,0,0,0,0,0,0,0,0
2026-02-13,LH,-0.022321410410743092,0.021710321713489366,0.027981041192043154,0.06,0.2735033172691258,0.0,1.0,0.0,1,0.009132434982750848,0,1,0,0,0,0,0,0,0,0,0,0,0,0
2026-02-13,MINT,0.009434020425160616,0.01167244216253387,0.012730130712775156,0.92,0.4943019943019943,0.2040816326530612,1.0,0.0,0,-0.009345851471488142,1,0,0,0,0,0,0,0,0,0,0,0,0,0
2026-02-13,MTC,0.006451596868892295,0.02547306817400181,0.04131099022537334,0.84,0.2887361173649064,0.0,0.0,0.0,0,-0.006410240580832172,0,0,1,0,0,0,0,0,0,0,0,0,0,0
2026-02-13,OR,-0.006993002230107903,0.005897707311023704,0.020447672224717373,0.46,0.6153782616814699,0.2857142857142857,8.0,0.0,0,0.0,0,0,0,0,0,0,0,0,0,0,0,1,0,0
2026-02-13,OSP,-0.01081085032508411,0.005678234759021139,0.017612953227648075,0.3,0.338970421015203,0.0612244897959183,0.0,0.0,1,0.005464554616628536,0,0,0,0,0,0,0,0,0,1,0,0,0,0
2026-02-13,PTT,-0.006944427585972468,0.002846467854872703,0.008006031809135328,0.48,0.7728921116235123,0.4285714285714285,5.0,0.0,0,0.0,0,0,0,0,0,0,1,0,0,0,0,0,0,0
2026-02-13,PTTEP,-0.007326053102776453,0.013264231935027904,0.023957659397399227,0.44,0.6813255353395934,0.4489795918367346,7.0,0.0,0,-0.018450184071706732,0,0,0,0,0,0,1,0,0,0,0,0,0,0
2026-02-13,PTTGC,-0.009345740755149268,0.009838817812290634,0.018066756015555366,0.36,0.6382595769495901,0.4693877551020408,4.0,0.0,0,0.0,0,0,0,0,0,0,1,0,0,0,0,0,0,0
2026-02-13,RATCH,-0.007936556367564518,0.0049298837216709135,0.012220379855964487,0.4,0.2677087625191304,0.0,2.0,0.0,0,0.0,0,0,0,1,0,0,0,0,0,0,0,0,0,0
2026-02-13,SAWAD,-0.017391287940762723,0.01932670348232255,0.04001238254886718,0.1,0.3498375384972611,0.0816326530612244,0.0,0.0,1,0.008849549025631953,0,0,0,0,0,0,0,0,0,1,0,0,0,0
2026-02-13,SCB,-0.003533586409903422,0.005831035416331431,0.012154813477601039,0.6,0.7988495394135452,0.4693877551020408,16.0,0.0,1,0.007092233840922946,0,0,0,0,0,0,0,0,1,0,0,0,0,0
2026-02-13,SCC,0.0,0.002756475416349802,0.006951219957106827,0.71,0.6673911126530135,0.4489795918367346,0.0,0.0,0,-0.009049773439419151,0,0,0,0,0,0,1,0,0,0,0,0,0,0
2026-02-13,SCGP,-0.009523831530379057,0.00707304140544891,0.022613017394908185,0.34,0.5128534376254641,0.3469387755102041,0.0,0.0,0,-0.009615313730871433,0,0,0,0,0,0,1,0,0,0,0,0,0,0
2026-02-13,TCAP,-0.004366801641584983,0.000961104105677868,0.014324141883235095,0.58,0.3602260403234661,0.1020408163265306,1.0,0.0,1,0.017543816934931122,0,0,0,0,0,0,0,0,1,0,0,0,0,0
2026-02-13,TIDLOR,-0.0105263212800083,0.013625912575818976,0.029885024791189475,0.32,0.2781370028253271,0.0,0.0,0.0,0,-0.010638198050368364,0,0,0,0,1,0,0,0,0,0,0,0,0,0
2026-02-13,TISCO,0.004484362747636528,0.0018256927051700789,0.008718616083942931,0.82,0.6406867342025374,0.4081632653061224,0.0,0.0,0,0.0,0,0,0,0,0,0,0,0,1,0,0,0,0,0
2026-02-13,TLI,0.0,-0.0033163721978050507,0.01303523005537394,0.71,0.299872962494744,0.0,0.0,0.0,0,0.0,0,0,0,0,0,1,0,0,0,0,0,0,0,0
2026-02-13,TOP,0.0,0.015389379926877255,0.019801487727719832,0.71,0.7386039040525615,0.5102040816326531,5.0,0.0,0,0.0,0,0,0,0,0,0,1,0,0,0,0,0,0,0
2026-02-13,TRUE,-0.01470592750104971,0.01750283031670454,0.023869987531411632,0.22,0.7259234069997916,0.5510204081632653,5.0,0.0,1,0.014925419640201332,1,0,0,0,0,0,0,0,0,0,0,0,0,0
2026-02-13,TTB,0.0,0.00404040203340168,0.009034613603114531,0.71,0.389142793520201,0.2448979591836734,12.0,0.0,1,0.01980197055649935,0,0,0,0,0,0,0,0,1,0,0,0,0,0
2026-02-13,TU,0.0,-0.0016388880012707663,0.006980967053734305,0.71,0.2779194133981291,0.0,0.0,0.0,0,0.0,0,0,0,0,0,0,0,0,0,0,1,0,0,0
2026-02-13,WHA,-0.01428568082402748,0.04091779505432589,0.044164757680912076,0.24,0.2667685974671863,0.0204081632653061,0.0,0.0,1,0.00483082718603578,1,0,0,0,0,0,0,0,0,0,0,0,0,0
2026-02-16,ADVANC,0.0025707105302514854,0.008692827091199585,0.02662593070756298,0.54,0.8340338761433772,0.5306122448979591,7.0,0.0,1,0.002564118922735892,1,0,0,0,0,0,0,0,0,0,0,0,0,0
2026-02-16,AOT,-0.021739130434782594,-0.006876896783322017,0.014659720094418476,0.06,0.5714144407022494,0.3877551020408163,2.0,0.0,0,0.0,0,0,0,0,0,0,1,0,0,0,0,0,0,0
2026-02-16,AWC,0.015999969882409593,0.011730833200962798,0.02896747672591568,0.84,0.26474316484215,0.0,0.0,0.0,1,0.015748002319588172,0,0,0,0,0,0,0,1,0,0,0,0,0,0
2026-02-16,BANPU,0.00869571987858242,0.012784191008502921,0.025687041417974402,0.72,0.5168610876183813,0.3469387755102041,0.0,0.0,1,0.017241342748600674,0,0,0,0,0,0,1,0,0,0,0,0,0,0
2026-02-16,BBL,0.0030581078718321386,0.003745777834129549,0.010813328900083746,0.58,0.8021884428957072,0.4897959183673469,1.0,0.0,1,0.02134149052266099,0,0,0,0,0,0,0,0,1,0,0,0,0,0
2026-02-16,BDMS,0.01877939319915245,0.006613096691436837,0.00919366145973433,0.92,0.6121736045413307,0.4081632653061224,2.0,0.0,1,0.004608216112808261,0,0,0,0,0,0,1,0,0,0,0,0,0,0
2026-02-16,BEM,0.01818179874052328,0.007562571232968751,0.025470681389147643,0.9,0.3153698175379232,0.0204081632653061,0.0,0.0,1,0.06249997812131025,0,0,0,0,0,0,0,0,0,1,0,0,0,0
2026-02-16,BH,0.0026666570623450347,0.012441126510377275,0.028217965966489164,0.56,0.5733025950300475,0.4693877551020408,0.0,0.0,1,0.005319129829564506,0,0,0,0,0,0,1,0,0,0,0,0,0,0
2026-02-16,BJC,0.012578638022612276,0.007714021126685999,0.014903012656724616,0.78,0.3859487784668349,0.1020408163265306,1.0,0.0,1,0.024844762767612938,0,0,0,0,0,0,0,0,0,1,0,0,0,0
2026-02-16,BTS,-0.080291980965148,0.014807868398506873,0.06306454793682399,0.02,0.3820598396963626,0.0816326530612244,3.0,0.0,1,0.007936500427734305,0,0,0,0,0,0,0,0,0,1,0,0,0,0
2026-02-16,CBG,-0.021164050237216903,0.006861668446043146,0.02497505938236927,0.08,0.4037334379706352,0.1428571428571428,0.0,0.0,1,0.027027002117767207,0,0,0,0,0,0,0,0,0,1,0,0,0,0
2026-02-16,CCET,-0.00990109102798975,0.0009175114461746237,0.017021522801640248,0.14,0.2944691120222417,0.0408163265306122,0.0,0.0,1,0.010000102957662849,0,0,0,0,0,0,0,0,0,0,0,1,0,0
2026-02-16,CENTEL,0.0,0.008261638119831138,0.024154420396088477,0.42,0.2958173008031775,0.0,0.0,0.0,1,0.013071904090618869,0,0,0,0,0,0,0,0,0,0,0,0,1,0
2026-02-16,COM7,-0.004081664057750012,-0.0019439314151228127,0.03505891013350584,0.28,0.5390811125917591,0.3469387755102041,1.0,0.0,1,0.004098392318370392,0,0,0,0,0,0,1,0,0,0,0,0,0,0
2026-02-16,CPALL,0.005076188640685819,0.008334752885696317,0.01147691212582935,0.62,0.4825031688955927,0.183673469387755,2.0,0.0,1,0.025252515559871513,0,0,0,0,0,0,0,0,0,1,0,0,0,0
2026-02-16,CPF,-0.00938964026897271,-0.0009075897790844723,0.00970990611365849,0.18,0.7091921123853364,0.4897959183673469,1.0,0.0,1,0.01421800774252202,0,0,0,0,0,0,1,0,0,0,0,0,0,0
2026-02-16,CPN,0.0,0.0032479698946340507,0.010384548134180967,0.42,0.2998494178860543,0.0204081632653061,0.0,0.0,1,0.003968286647010322,0,0,0,0,0,0,0,0,0,0,0,1,0,0
2026-02-16,CRC,-0.02739728809703701,-0.0016407797485352925,0.023931018916222433,0.04,0.1885120701342117,0.1224489795918367,1.0,0.0,1,0.018779488894909102,0,0,0,0,0,0,0,0,0,1,0,0,0,0
2026-02-16,DELTA,0.02314815667064063,0.0011608377459803032,0.025061245526564642,0.96,0.7549857549857552,0.5102040816326531,3.0,0.0,1,0.018099567864366062,0,0,0,0,0,0,0,0,0,0,0,1,0,0
2026-02-16,EGCO,0.0,0.004149488352479347,0.009255454667928707,0.42,0.2641362307564376,0.0,1.0,0.0,1,0.004065052847410655,0,0,0,0,0,0,0,0,0,0,0,0,0,1
2026-02-16,GPSC,0.005813960866786649,0.022692352273554574,0.034973453367156626,0.66,0.3084218345695337,0.0408163265306122,4.0,0.0,1,0.0057803541141707715,0,0,0,0,0,0,1,0,0,0,0,0,0,0
2026-02-16,GULF,0.00843879878403464,0.023380454616452086,0.014231032387828685,0.7,0.824860649548974,0.5306122448979591,8.0,0.0,1,0.02510461153153054,1,0,0,0,0,0,0,0,0,0,0,0,0,0
2026-02-16,HMPRO,-0.007092216967119258,0.004453784532607341,0.016811495502028026,0.24,0.3412017927251844,0.0816326530612244,0.0,0.0,1,0.02142862737601625,0,0,0,0,0,0,0,0,0,1,0,0,0,0
2026-02-16,IVL,0.013274283266072162,0.010932672516340291,0.01661846903166364,0.8,0.6190346064901138,0.4489795918367346,1.0,0.0,1,0.013100553971253426,0,0,0,0,0,0,1,0,0,0,0,0,0,0
2026-02-16,KBANK,0.0179028156447274,0.00523041821949799,0.017960809911529065,0.88,0.8492309488143115,0.5510204081632653,8.0,0.0,1,0.035175883924415396,0,0,0,0,0,0,0,0,1,0,0,0,0,0
2026-02-16,KKP,-0.0034722625526367734,-0.002061674652453127,0.00630201256684433,0.3,0.6442502814112808,0.4081632653061224,4.0,0.0,1,0.01742158170048036,0,0,0,0,0,0,0,0,1,0,0,0,0,0
2026-02-16,KTB,0.024793344469514977,0.005078636482159005,0.020529143159848526,0.98,0.750245974679521,0.3673469387755101,2.0,0.0,1,0.040322620384587005,0,0,0,0,0,0,0,0,1,0,0,0,0,0
2026-02-16,KTC,0.07377049343662034,0.016475194328745668,0.03480059178281814,1.0,0.3257950366470686,0.0408163265306122,3.0,0.0,1,0.03816791909858308,1,0,0,0,0,0,0,0,0,0,0,0,0,0
2026-02-16,LH,0.009132434982750848,0.015414993102269459,0.026146888424404147,0.76,0.2735033172691258,0.0,0.0,0.0,0,-0.018099576757548252,0,1,0,0,0,0,0,0,0,0,0,0,0,0
2026-02-16,MINT,-0.009345851471488142,0.0058428668294377316,0.014611499889271632,0.2,0.4943019943019943,0.2040816326530612,1.0,0.0,0,-0.009433947031505574,1,0,0,0,0,0,0,0,0,0,0,0,0,0
2026-02-16,MTC,-0.006410240580832172,0.005350441965942388,0.01654197790336674,0.26,0.2887361173649064,0.0,1.0,0.0,1,0.01290319373778459,0,0,1,0,0,0,0,0,0,0,0,0,0,0
2026-02-16,OR,0.0,0.00010060995317955346,0.015859814777046902,0.42,0.6153782616814699,0.2857142857142857,8.0,0.0,0,0.0,0,0,0,0,0,0,0,0,0,0,0,1,0,0
2026-02-16,OSP,0.005464554616628536,2.957017424791708e-05,0.008598142421290223,0.64,0.338970421015203,0.0612244897959183,0.0,0.0,1,0.005434749031787867,0,0,0,0,0,0,0,0,0,1,0,0,0,0
2026-02-16,PTT,0.0,0.002846467854872703,0.008006031809135328,0.42,0.7728921116235123,0.4285714285714285,4.0,0.0,0,0.0,0,0,0,0,0,0,1,0,0,0,0,0,0,0
2026-02-16,PTTEP,-0.018450184071706732,0.0072119879970280465,0.027912460904115654,0.1,0.6813255353395934,0.4489795918367346,5.0,0.0,1,0.015037569876074297,0,0,0,0,0,0,1,0,0,0,0,0,0,0
2026-02-16,PTTGC,0.0,0.007858615829995252,0.01859316514431605,0.42,0.6382595769495901,0.4693877551020408,4.0,0.0,1,0.03773585044025363,0,0,0,0,0,0,1,0,0,0,0,0,0,0
2026-02-16,RATCH,0.0,0.0016512008901052866,0.010446209278905045,0.42,0.2677087625191304,0.0,2.0,0.0,1,0.008000049209055504,0,0,0,1,0,0,0,0,0,0,0,0,0,0
2026-02-16,SAWAD,0.008849549025631953,0.005562632851015858,0.023251649179195723,0.74,0.3498375384972611,0.0816326530612244,0.0,0.0,1,0.008771921476476985,0,0,0,0,0,0,0,0,0,1,0,0,0,0
2026-02-16,SCB,0.007092233840922946,0.0028699220515668424,0.00852300822516152,0.68,0.7988495394135452,0.4693877551020408,16.0,0.0,1,0.028169038338808905,0,0,0,0,0,0,0,0,1,0,0,0,0,0
2026-02-16,SCC,-0.009049773439419151,0.0009465207284659715,0.008784752572365976,0.22,0.6673911126530135,0.4489795918367346,0.0,0.0,1,0.009132419769284805,0,0,0,0,0,0,1,0,0,0,0,0,0,0
2026-02-16,SCGP,-0.009615313730871433,0.00017485264770811249,0.02102996800135787,0.16,0.5128534376254641,0.3469387755102041,0.0,0.0,0,-0.009708759818787938,0,0,0,0,0,0,1,0,0,0,0,0,0,0
2026-02-16,TCAP,0.017543816934931122,6.45919218909663e-05,0.012727392692311332,0.86,0.3602260403234661,0.1020408163265306,0.0,0.0,1,0.012931071906018943,0,0,0,0,0,0,0,0,1,0,0,0,0,0
2026-02-16,TIDLOR,-0.010638198050368364,-0.0010017326651719394,0.013254119090605152,0.12,0.2781370028253271,0.0,0.0,0.0,1,0.016128932569542398,0,0,0,0,1,0,0,0,0,0,0,0,0,0
2026-02-16,TISCO,0.0,-0.000877015863815922,0.005793556994554959,0.42,0.6406867342025374,0.4081632653061224,1.0,0.0,1,0.022321428251317776,0,0,0,0,0,0,0,0,1,0,0,0,0,0
2026-02-16,TLI,0.0,-0.0016357123571349775,0.012754090530889675,0.42,0.299872962494744,0.0,0.0,0.0,1,0.008547031452740272,0,0,0,0,0,1,0,0,0,0,0,0,0,0
2026-02-16,TOP,0.0,0.013295133466288033,0.020970879584668697,0.42,0.7386039040525615,0.5102040816326531,6.0,0.0,0,0.0,0,0,0,0,0,0,1,0,0,0,0,0,0,0
2026-02-16,TRUE,0.014925419640201332,0.010731818224121082,0.01641815964750018,0.82,0.7259234069997916,0.5510204081632653,5.0,0.0,1,0.02941178360509067,1,0,0,0,0,0,0,0,0,0,0,0,0,0
2026-02-16,TTB,0.01980197055649935,0.003960394111299869,0.008855710450556376,0.94,0.389142793520201,0.2448979591836734,14.0,0.0,1,0.01941740677711712,0,0,0,0,0,0,0,0,1,0,0,0,0,0
2026-02-16,TU,0.0,-0.0016388880012707663,0.006980967053734304,0.42,0.2779194133981291,0.0,0.0,0.0,1,0.024999938664104215,0,0,0,0,0,0,0,0,0,0,1,0,0,0
2026-02-16,WHA,0.00483082718603578,0.02188397495879073,0.03083116363017582,0.6,0.2667685974671863,0.0204081632653061,0.0,0.0,1,0.009615441462512031,1,0,0,0,0,0,0,0,0,0,0,0,0,0
2026-02-17,ADVANC,0.002564118922735892,0.00011473621430919678,0.016985122958638674,0.16,0.8340338761433772,0.5306122448979591,5.0,0.0,0,-0.005115122064194955,1,0,0,0,0,0,0,0,0,0,0,0,0,0
2026-02-17,AOT,0.0,-0.0043017894871846705,0.014472229581195784,0.11,0.5714144407022494,0.3877551020408163,2.0,0.0,1,0.008888888888888946,0,0,0,0,0,0,1,0,0,0,0,0,0,0
2026-02-17,AWC,0.015748002319588172,0.013213770094183253,0.028939842170918932,0.58,0.26474316484215,0.0,0.0,0.0,1,0.031007791379457528,0,0,0,0,0,0,0,1,0,0,0,0,0,0
2026-02-17,BANPU,0.017241342748600674,0.014397600982487546,0.02565694723481685,0.62,0.5168610876183813,0.3469387755102041,0.0,0.0,1,0.008474558604752769,0,0,0,0,0,0,1,0,0,0,0,0,0,0
2026-02-17,BBL,0.02134149052266099,0.00615071949045094,0.013391850326498672,0.72,0.8021884428957072,0.4897959183673469,1.0,0.0,1,0.002985078339292624,0,0,0,0,0,0,0,0,1,0,0,0,0,0
2026-02-17,BDMS,0.004608216112808261,0.008487123373278439,0.006985026253254716,0.24,0.6121736045413307,0.4081632653061224,2.0,0.0,0,-0.00458707786667234,0,0,0,0,0,0,1,0,0,0,0,0,0,0
2026-02-17,BEM,0.06249997812131025,0.016358867187129023,0.0357289611721162,1.0,0.3153698175379232,0.0204081632653061,0.0,0.0,0,0.0,0,0,0,0,0,0,0,0,0,1,0,0,0,0
2026-02-17,BH,0.005319129829564506,0.0016405332253869754,0.010661236433635781,0.26,0.5733025950300475,0.4693877551020408,0.0,0.0,1,0.0026454931930253167,0,0,0,0,0,0,1,0,0,0,0,0,0,0
2026-02-17,BJC,0.024844762767612938,0.010102336744399842,0.016781044204190392,0.78,0.3859487784668349,0.1020408163265306,2.0,0.0,1,0.012121232244246993,0,0,0,0,0,0,0,0,0,1,0,0,0,0
2026-02-17,BTS,0.007936500427734305,0.007920579713185405,0.06115299954138184,0.32,0.3820598396963626,0.0816326530612244,4.0,0.0,1,0.023622025071121877,0,0,0,0,0,0,0,0,0,1,0,0,0,0
2026-02-17,CBG,0.027027002117767207,0.0033285261244719424,0.018762006731926545,0.86,0.4037334379706352,0.1428571428571428,0.0,0.0,1,0.005263185803960457,0,0,0,0,0,0,0,0,0,1,0,0,0,0
2026-02-17,CCET,0.010000102957662849,-0.0019017478905805519,0.012888177222784781,0.44,0.2944691120222417,0.0408163265306122,0.0,0.0,1,0.00990089869163202,0,0,0,0,0,0,0,0,0,0,0,1,0,0
2026-02-17,CENTEL,0.013071904090618869,0.00815492862505467,0.024126072414924923,0.5,0.2958173008031775,0.0,1.0,0.0,0,0.0,0,0,0,0,0,0,0,0,0,0,0,0,1,0
2026-02-17,COM7,0.004098392318370392,-0.005577696120607744,0.03279030921527463,0.22,0.5390811125917591,0.3469387755102041,1.0,0.0,1,0.020408156583457515,0,0,0,0,0,0,1,0,0,0,0,0,0,0
2026-02-17,CPALL,0.025252515559871513,0.008122099857277364,0.011062835009546577,0.84,0.4825031688955927,0.183673469387755,2.0,0.0,1,0.029556607983098226,0,0,0,0,0,0,0,0,0,1,0,0,0,0
2026-02-17,CPF,0.01421800774252202,0.001936011769419932,0.01188127454536651,0.54,0.7091921123853364,0.4897959183673469,1.0,0.0,1,0.014018689900969994,0,0,0,0,0,0,1,0,0,0,0,0,0,0
2026-02-17,CPN,0.003968286647010322,0.004041627224036115,0.01022466928327296,0.18,0.2998494178860543,0.0204081632653061,1.0,0.0,1,0.011857679543730848,0,0,0,0,0,0,0,0,0,0,0,1,0,0
2026-02-17,CRC,0.018779488894909102,0.00304535776183934,0.025440617087198848,0.68,0.1885120701342117,0.1224489795918367,1.0,0.0,1,0.004608236966187063,0,0,0,0,0,0,0,0,0,1,0,0,0,0
2026-02-17,DELTA,0.018099567864366062,0.007508030555251488,0.02438643205086152,0.66,0.7549857549857552,0.5102040816326531,4.0,0.0,0,-0.0044445003310146225,0,0,0,0,0,0,0,0,0,0,0,1,0,0
2026-02-17,EGCO,0.004065052847410655,0.003302755942254221,0.008970229010339111,0.2,0.2641362307564376,0.0,1.0,0.0,0,0.0,0,0,0,0,0,0,0,0,0,0,0,0,0,1
2026-02-17,GPSC,0.0057803541141707715,0.021267774560424037,0.03561113473514955,0.3,0.3084218345695337,0.0408163265306122,3.0,0.0,1,0.005747133646552216,0,0,0,0,0,0,1,0,0,0,0,0,0,0
2026-02-17,GULF,0.02510461153153054,0.022767571976267043,0.014037924694844005,0.82,0.824860649548974,0.5306122448979591,13.0,0.0,0,-0.024489804502999646,1,0,0,0,0,0,0,0,0,0,0,0,0,0
2026-02-17,HMPRO,0.02142862737601625,0.007279652203513165,0.018510985099081546,0.74,0.3412017927251844,0.0816326530612244,0.0,0.0,1,0.020979005519671023,0,0,0,0,0,0,0,0,0,1,0,0,0,0
2026-02-17,IVL,0.013100553971253426,0.00986615048764694,0.01618215870505386,0.52,0.6190346064901138,0.4489795918367346,1.0,0.0,0,0.0,0,0,0,0,0,0,1,0,0,0,0,0,0,0
2026-02-17,KBANK,0.035175883924415396,0.011750121429312133,0.02217838114666956,0.92,0.8492309488143115,0.5510204081632653,14.0,0.0,1,0.004854380838769101,0,0,0,0,0,0,0,0,1,0,0,0,0,0
2026-02-17,KKP,0.01742158170048036,0.003491609117194527,0.008883315029171182,0.64,0.6442502814112808,0.4081632653061224,3.0,0.0,1,0.010273982411000304,0,0,0,0,0,0,0,0,1,0,0,0,0,0
2026-02-17,KTB,0.040322620384587005,0.013143160559076406,0.02538181428390713,0.98,0.750245974679521,0.3673469387755101,2.0,0.0,1,0.015503890656412223,0,0,0,0,0,0,0,0,1,0,0,0,0,0
2026-02-17,KTC,0.03816791909858308,0.024108778148462285,0.03446777126477786,0.96,0.3257950366470686,0.0408163265306122,3.0,0.0,1,0.007352901745254936,1,0,0,0,0,0,0,0,0,0,0,0,0,0
2026-02-17,LH,-0.018099576757548252,0.009843866970391413,0.030292963973672798,0.02,0.2735033172691258,0.0,0.0,0.0,1,0.013824850797204746,0,1,0,0,0,0,0,0,0,0,0,0,0,0
2026-02-17,MINT,-0.009433947031505574,0.003956077423136617,0.01608901639079791,0.06,0.4943019943019943,0.2040816326530612,0.0,0.0,1,0.009523793999637098,1,0,0,0,0,0,0,0,0,0,0,0,0,0
2026-02-17,MTC,0.01290319373778459,0.009255580780900895,0.015264258071870903,0.46,0.2887361173649064,0.0,1.0,0.0,0,-0.006369411123174351,0,0,1,0,0,0,0,0,0,0,0,0,0,0
2026-02-17,OR,0.0,0.00432597288554466,0.010796677800078954,0.11,0.6153782616814699,0.2857142857142857,9.0,0.0,1,0.021126746072725355,0,0,0,0,0,0,0,0,0,0,0,1,0,0
2026-02-17,OSP,0.005434749031787867,0.0011165199806054903,0.00893056545055029,0.28,0.338970421015203,0.0612244897959183,0.0,0.0,1,0.01081085032508411,0,0,0,0,0,0,0,0,0,1,0,0,0,0
2026-02-17,PTT,0.0,0.001428008956575333,0.0076876750143556605,0.11,0.7728921116235123,0.4285714285714285,4.0,0.0,1,0.01398597979585614,0,0,0,0,0,0,1,0,0,0,0,0,0,0
2026-02-17,PTTEP,0.015037569876074297,0.008663084273653476,0.028137200509490846,0.56,0.6813255353395934,0.4489795918367346,5.0,0.0,0,0.0,0,0,0,0,0,0,1,0,0,0,0,0,0,0
2026-02-17,PTTGC,0.03773585044025363,0.013445012960995383,0.022998093128928615,0.94,0.6382595769495901,0.4693877551020408,4.0,0.0,0,-0.009090927078815092,0,0,0,0,0,0,1,0,0,0,0,0,0,0
2026-02-17,RATCH,0.008000049209055504,2.5397136596394532e-05,0.007968315436353854,0.34,0.2677087625191304,0.0,0.0,0.0,1,0.007936494099063163,0,0,0,1,0,0,0,0,0,0,0,0,0,0
2026-02-17,SAWAD,0.008771921476476985,0.003713417064879665,0.02236415723660302,0.38,0.3498375384972611,0.0816326530612244,0.0,0.0,1,0.05217393120844127,0,0,0,0,0,0,0,0,0,1,0,0,0,0
2026-02-17,SCB,0.028169038338808905,0.007789440428556116,0.014222442827670182,0.88,0.7988495394135452,0.4693877551020408,18.0,0.0,1,0.006849237060579494,0,0,0,0,0,0,0,0,1,0,0,0,0,0
2026-02-17,SCC,0.009132419769284805,0.0018555806396745478,0.009464546210963546,0.4,0.6673911126530135,0.4489795918367346,0.0,0.0,0,0.0,0,0,0,0,0,0,1,0,0,0,0,0,0,0
2026-02-17,SCGP,-0.009708759818787938,-0.00273776587569845,0.02122739823993214,0.04,0.5128534376254641,0.3469387755102041,0.0,0.0,1,0.009803943955932981,0,0,0,0,0,0,1,0,0,0,0,0,0,0
2026-02-17,TCAP,0.012931071906018943,0.005237007011548301,0.011300857438625276,0.48,0.3602260403234661,0.1020408163265306,0.0,0.0,1,0.034042537970110365,0,0,0,0,0,0,0,0,1,0,0,0,0,0
2026-02-17,TIDLOR,0.016128932569542398,8.503670742991965e-05,0.014606723490304408,0.6,0.2781370028253271,0.0,0.0,0.0,1,0.04232806452319937,0,0,0,0,1,0,0,0,0,0,0,0,0,0
2026-02-17,TISCO,0.022321428251317776,0.002698383753004663,0.012043606395081905,0.76,0.6406867342025374,0.4081632653061224,1.0,0.0,1,0.004366798137971806,0,0,0,0,0,0,0,0,1,0,0,0,0,0
2026-02-17,TLI,0.008547031452740272,0.0034635163059390183,0.009872242695705065,0.36,0.299872962494744,0.0,0.0,0.0,0,0.0,0,0,0,0,0,1,0,0,0,0,0,0,0,0
2026-02-17,TOP,0.0,0.005004988205405514,0.01413773130497069,0.11,0.7386039040525615,0.5102040816326531,7.0,0.0,0,-0.014563145247100118,0,0,0,0,0,0,1,0,0,0,0,0,0,0
2026-02-17,TRUE,0.02941178360509067,0.01506378256355485,0.01819653711988639,0.9,0.7259234069997916,0.5510204081632653,5.0,0.0,0,-0.021428567465308967,1,0,0,0,0,0,0,0,0,0,0,0,0,0
2026-02-17,TTB,0.01941740677711712,0.007843875466723294,0.010741529362492837,0.7,0.389142793520201,0.2448979591836734,14.0,0.0,1,0.04761920373517192,0,0,0,0,0,0,0,0,1,0,0,0,0,0
2026-02-17,TU,0.024999938664104215,0.005013993634117297,0.012642786376926302,0.8,0.2779194133981291,0.0,0.0,0.0,1,0.008130088436194338,0,0,0,0,0,0,0,0,0,0,1,0,0,0
2026-02-17,WHA,0.009615441462512031,0.02059850147501363,0.03126650798290744,0.42,0.2667685974671863,0.0204081632653061,0.0,0.0,1,0.03333341141060253,1,0,0,0,0,0,0,0,0,0,0,0,0,0
2026-02-18,ADVANC,-0.005115122064194955,0.0021607682938026727,0.015177167155636837,0.12,0.8340338761433772,0.5306122448979591,5.0,0.0,1,0.0025707105302514854,1,0,0,0,0,0,0,0,0,0,0,0,0,0
2026-02-18,AOT,0.008888888888888946,0.0009542491601583381,0.013250571701115389,0.56,0.5714144407022494,0.3877551020408163,1.0,0.0,0,-0.008810572687224627,0,0,0,0,0,0,1,0,0,0,0,0,0,0
2026-02-18,AWC,0.031007791379457528,0.021068217887050288,0.02691147277504564,0.9,0.26474316484215,0.0,0.0,0.0,1,0.03759400806534963,0,0,0,0,0,0,0,1,0,0,0,0,0,0
2026-02-18,BANPU,0.008474558604752769,0.014274316735896653,0.025690280134944177,0.54,0.5168610876183813,0.3469387755102041,0.0,0.0,1,0.03361345857993392,0,0,0,0,0,0,1,0,0,0,0,0,0,0
2026-02-18,BBL,0.002985078339292624,0.008593891371102691,0.01073489521455272,0.34,0.8021884428957072,0.4897959183673469,1.0,0.0,1,0.01190477666621037,0,0,0,0,0,0,0,0,1,0,0,0,0,0
2026-02-18,BDMS,-0.00458707786667234,0.00756970779994397,0.0085126022060403,0.14,0.6121736045413307,0.4081632653061224,2.0,0.0,1,0.027649751557716762,0,0,0,0,0,0,1,0,0,0,0,0,0,0
2026-02-18,BEM,0.0,0.023631586683338313,0.024133621135051145,0.24,0.3153698175379232,0.0204081632653061,0.0,0.0,1,0.03361357550390598,0,0,0,0,0,0,0,0,0,1,0,0,0,0
2026-02-18,BH,0.0026454931930253167,-0.0004970251983529517,0.008603655651596868,0.32,0.5733025950300475,0.4693877551020408,0.0,0.0,1,0.02374670207083862,0,0,0,0,0,0,1,0,0,0,0,0,0,0
2026-02-18,BJC,0.012121232244246993,0.009978808047404187,0.016759042953416663,0.7,0.3859487784668349,0.1020408163265306,2.0,0.0,1,0.017963984160163315,0,0,0,0,0,0,0,0,0,1,0,0,0,0
2026-02-18,BTS,0.023622025071121877,0.014270999411667984,0.06071661671277394,0.86,0.3820598396963626,0.0816326530612244,4.0,0.0,1,0.03076929425347008,0,0,0,0,0,0,0,0,0,1,0,0,0,0
2026-02-18,CBG,0.005263185803960457,0.004381163285264033,0.018676021949201146,0.42,0.4037334379706352,0.1428571428571428,0.0,0.0,0,0.0,0,0,0,0,0,0,0,0,0,1,0,0,0,0
2026-02-18,CCET,0.00990089869163202,0.0040000027157935936,0.008889086119259303,0.62,0.2944691120222417,0.0408163265306122,0.0,0.0,1,0.02941178151035806,0,0,0,0,0,0,0,0,0,0,0,1,0,0
2026-02-18,CENTEL,0.0,0.010839494210904887,0.021755104583292627,0.24,0.2958173008031775,0.0,1.0,0.0,0,-0.006451667461820243,0,0,0,0,0,0,0,0,0,0,0,0,1,0
2026-02-18,COM7,0.020408156583457515,0.009197007459691587,0.019946141525373027,0.8,0.5390811125917591,0.3469387755102041,1.0,0.0,0,0.0,0,0,0,0,0,0,1,0,0,0,0,0,0,0
2026-02-18,CPALL,0.029556607983098226,0.013007771018007763,0.014323681222172426,0.88,0.4825031688955927,0.183673469387755,3.0,0.0,1,0.043062216905515704,0,0,0,0,0,0,0,0,0,1,0,0,0,0
2026-02-18,CPF,0.014018689900969994,0.006626554069137947,0.010855485433932834,0.76,0.7091921123853364,0.4897959183673469,1.0,0.0,1,0.004608235017225404,0,0,0,0,0,0,1,0,0,0,0,0,0,0
2026-02-18,CPN,0.011857679543730848,0.0023808973927390343,0.007169923781489303,0.68,0.2998494178860543,0.0204081632653061,1.0,0.0,1,0.007812502417215539,0,0,0,0,0,0,0,0,0,0,0,1,0,0
2026-02-18,CRC,0.004608236966187063,0.005836140722864624,0.024489091814416927,0.38,0.1885120701342117,0.1224489795918367,1.0,0.0,1,0.00458709852917738,0,0,0,0,0,0,0,0,0,1,0,0,0,0
2026-02-18,DELTA,-0.0044445003310146225,0.003854146840177863,0.02457131389536973,0.16,0.7549857549857552,0.5102040816326531,4.0,0.0,1,0.053571422475571895,0,0,0,0,0,0,0,0,0,0,0,1,0,0
2026-02-18,EGCO,0.0,0.004948838551686352,0.0068228715377405,0.24,0.2641362307564376,0.0,0.0,0.0,1,0.01619431679639871,0,0,0,0,0,0,0,0,0,0,0,0,0,1
2026-02-18,GPSC,0.005747133646552216,0.026238862274554364,0.02983167613053617,0.44,0.3084218345695337,0.0408163265306122,3.0,0.0,1,0.028571375114364805,0,0,0,0,0,0,1,0,0,0,0,0,0,0
2026-02-18,GULF,-0.024489804502999646,0.013303404253202377,0.02536560944350335,0.02,0.824860649548974,0.5306122448979591,15.0,0.0,1,0.008368181385137063,1,0,0,0,0,0,0,0,0,0,0,0,0,0
2026-02-18,HMPRO,0.020979005519671023,0.014373997184631549,0.014427523526671236,0.82,0.3412017927251844,0.0816326530612244,0.0,0.0,1,0.027397263054702803,0,0,0,0,0,0,0,0,0,1,0,0,0,0
2026-02-18,IVL,0.0,0.008961165112417869,0.016674578739447537,0.24,0.6190346064901138,0.4489795918367346,1.0,0.0,0,0.0,0,0,0,0,0,0,1,0,0,0,0,0,0,0
2026-02-18,KBANK,0.004854380838769101,0.014263426113306044,0.020029418219534186,0.4,0.8492309488143115,0.5510204081632653,15.0,0.0,0,-0.009661780592817082,0,0,0,0,0,0,0,0,1,0,0,0,0,0
2026-02-18,KKP,0.010273982411000304,0.006243255418609039,0.008293572005994789,0.64,0.6442502814112808,0.4081632653061224,3.0,0.0,0,-0.006779631078773551,0,0,0,0,0,0,0,0,1,0,0,0,0,0
2026-02-18,KTB,0.015503890656412223,0.01624393869035885,0.02429867402444327,0.78,0.750245974679521,0.3673469387755101,2.0,0.0,0,0.0,0,0,0,0,0,0,0,0,1,0,0,0,0,0
2026-02-18,KTC,0.007352901745254936,0.027232242203759617,0.03136903097044091,0.48,0.3257950366470686,0.0408163265306122,4.0,0.0,0,-0.007299231215312951,1,0,0,0,0,0,0,0,0,0,0,0,0,0
2026-02-18,LH,0.013824850797204746,0.004879355196386359,0.026142049172791157,0.72,0.2735033172691258,0.0,0.0,0.0,1,0.009090924356107477,0,1,0,0,0,0,0,0,0,0,0,0,0,0
2026-02-18,MINT,0.009523793999637098,0.005860836223064036,0.01606731295645244,0.58,0.4943019943019943,0.2040816326530612,0.0,0.0,1,0.009434020425160616,1,0,0,0,0,0,0,0,0,0,0,0,0,0
2026-02-18,MTC,-0.006369411123174351,0.007981698556266025,0.01644955177761795,0.1,0.2887361173649064,0.0,1.0,0.0,1,0.006410240580832172,0,0,1,0,0,0,0,0,0,0,0,0,0,0
2026-02-18,OR,0.021126746072725355,0.007112460072711624,0.013242819497309419,0.84,0.6153782616814699,0.2857142857142857,10.0,0.0,1,0.013793094183446097,0,0,0,0,0,0,0,0,0,0,0,1,0,0
2026-02-18,OSP,0.01081085032508411,0.004365661155948964,0.00890638709919952,0.66,0.338970421015203,0.0612244897959183,0.0,0.0,1,0.005347560514185945,0,0,0,0,0,0,0,0,0,1,0,0,0,0
2026-02-18,PTT,0.01398597979585614,0.004225204915746561,0.009393392416421526,0.74,0.7728921116235123,0.4285714285714285,6.0,0.0,1,0.03448278507232683,0,0,0,0,0,0,1,0,0,0,0,0,0,0
2026-02-18,PTTEP,0.0,0.008663084273653476,0.028137200509490846,0.24,0.6813255353395934,0.4489795918367346,6.0,0.0,1,0.03703703703703698,0,0,0,0,0,0,1,0,0,0,0,0,0,0
2026-02-18,PTTGC,-0.009090927078815092,0.011626827545232366,0.02462833926188298,0.08,0.6382595769495901,0.4693877551020408,4.0,0.0,1,0.0183485891770645,0,0,0,0,0,0,1,0,0,0,0,0,0,0
2026-02-18,RATCH,0.007936494099063163,0.003200007229921931,0.0071200106898945265,0.5,0.2677087625191304,0.0,0.0,0.0,1,0.007874002127641111,0,0,0,1,0,0,0,0,0,0,0,0,0,0
2026-02-18,SAWAD,0.05217393120844127,0.01768802291682072,0.02699120087865553,1.0,0.3498375384972611,0.0816326530612244,0.0,0.0,1,0.008264454870493099,0,0,0,0,0,0,0,0,0,1,0,0,0,0
2026-02-18,SCB,0.006849237060579494,0.010582782487309239,0.011712873559826273,0.46,0.7988495394135452,0.4693877551020408,17.0,0.0,1,0.010204132555577727,0,0,0,0,0,0,0,0,1,0,0,0,0,0
2026-02-18,SCC,0.0,0.002768815563942373,0.008893042064745386,0.24,0.6673911126530135,0.4489795918367346,0.0,0.0,1,0.004524921663888071,0,0,0,0,0,0,1,0,0,0,0,0,0,0
2026-02-18,SCGP,0.009803943955932981,0.0030877660934377936,0.019461027581822585,0.6,0.5128534376254641,0.3469387755102041,0.0,0.0,1,0.04368927785109844,0,0,0,0,0,0,1,0,0,0,0,0,0,0
2026-02-18,TCAP,0.034042537970110365,0.013792235262204366,0.013959392224289354,0.94,0.3602260403234661,0.1020408163265306,0.0,0.0,1,0.016460930866518453,0,0,0,0,0,0,0,0,1,0,0,0,0,0
2026-02-18,TIDLOR,0.04232806452319937,0.010667031863806287,0.02215977209479545,0.96,0.2781370028253271,0.0,0.0,0.0,1,0.025380723428090057,0,0,0,0,1,0,0,0,0,0,0,0,0,0
2026-02-18,TISCO,0.004366798137971806,0.005341649224558953,0.01018195549447132,0.36,0.6406867342025374,0.4081632653061224,1.0,0.0,0,0.0,0,0,0,0,0,0,0,0,1,0,0,0,0,0
2026-02-18,TLI,0.0,0.005187658747107493,0.007761261721862163,0.24,0.299872962494744,0.0,0.0,0.0,0,-0.008474598790329968,0,0,0,0,0,1,0,0,0,0,0,0,0,0
2026-02-18,TOP,-0.014563145247100118,0.0030873712613811,0.016312770964802888,0.06,0.7386039040525615,0.5102040816326531,6.0,0.0,1,0.04433501760504743,0,0,0,0,0,0,1,0,0,0,0,0,0,0
2026-02-18,TRUE,-0.021428567465308967,0.007701136570854761,0.024418239695201023,0.04,0.7259234069997916,0.5510204081632653,4.0,0.0,0,0.0,1,0,0,0,0,0,0,0,0,0,0,0,0,0
2026-02-18,TTB,0.04761920373517192,0.017367716213757677,0.019548366017599822,0.98,0.389142793520201,0.2448979591836734,14.0,0.0,1,0.027272656149586183,0,0,0,0,0,0,0,0,1,0,0,0,0,0
2026-02-18,TU,0.008130088436194338,0.00830669570728162,0.010206704896310941,0.52,0.2779194133981291,0.0,0.0,0.0,1,0.024193569449372232,0,0,0,0,0,0,0,0,0,0,1,0,0,0
2026-02-18,WHA,0.03333341141060253,0.019896758616800757,0.030847359990915098,0.92,0.2667685974671863,0.0204081632653061,0.0,0.0,1,0.01382485136576217,1,0,0,0,0,0,0,0,0,0,0,0,0,0
2026-02-19,ADVANC,0.0025707105302514854,-0.0025198939114631667,0.00782527379331808,0.26,0.8340338761433772,0.5306122448979591,4.0,0.0,0,-0.01025639174532511,1,0,0,0,0,0,0,0,0,0,0,0,0,0
2026-02-19,AOT,-0.008810572687224627,-0.002577776881711369,0.012970643906568163,0.04,0.5714144407022494,0.3877551020408163,2.0,0.0,1,0.004444444444444473,0,0,0,0,0,0,1,0,0,0,0,0,0,0
2026-02-19,AWC,0.03759400806534963,0.016920353865443372,0.020587003693738015,0.92,0.26474316484215,0.0,0.0,0.0,0,-0.07971017419000692,0,0,0,0,0,0,0,1,0,0,0,0,0,0
2026-02-19,BANPU,0.03361345857993392,0.010186202911803655,0.018357393628306688,0.84,0.5168610876183813,0.3469387755102041,0.0,0.0,0,0.0,0,0,0,0,0,0,1,0,0,0,0,0,0,0
2026-02-19,BBL,0.01190477666621037,0.007248133807923196,0.009513983251469307,0.52,0.8021884428957072,0.4897959183673469,2.0,0.0,1,0.041176426785277886,0,0,0,0,0,0,0,0,1,0,0,0,0,0
2026-02-19,BDMS,0.027649751557716762,0.011185777451509438,0.012486864717272231,0.76,0.6121736045413307,0.4081632653061224,1.0,0.0,0,-0.01345295052715112,0,0,0,0,0,0,1,0,0,0,0,0,0,0
2026-02-19,BEM,0.03361357550390598,0.024693939953344658,0.024504656837522343,0.86,0.3153698175379232,0.0204081632653061,0.0,0.0,0,-0.02439025556413088,0,0,0,0,0,0,0,0,0,1,0,0,0,0
2026-02-19,BH,0.02374670207083862,0.003726001296989012,0.014007962065470274,0.66,0.5733025950300475,0.4693877551020408,1.0,0.0,0,-0.01804125569725501,0,0,0,0,0,0,1,0,0,0,0,0,0,0
2026-02-19,BJC,0.017963984160163315,0.009798013472653189,0.016643652824079036,0.62,0.3859487784668349,0.1020408163265306,1.0,0.0,0,-0.03529412103219021,0,0,0,0,0,0,0,0,0,1,0,0,0,0
2026-02-19,BTS,0.03076929425347008,0.013867487620560693,0.06056932590469867,0.82,0.3820598396963626,0.0816326530612244,4.0,0.0,0,-0.07462688160516195,0,0,0,0,0,0,0,0,0,1,0,0,0,0
2026-02-19,CBG,0.0,0.0011726066922715717,0.017513582047329827,0.19,0.4037334379706352,0.1428571428571428,0.0,0.0,0,-0.02094243769426163,0,0,0,0,0,0,0,0,0,1,0,0,0,0
2026-02-19,CCET,0.02941178151035806,0.007882338426332635,0.014581306987777166,0.8,0.2944691120222417,0.0408163265306122,0.0,0.0,0,-0.03809516673451885,0,0,0,0,0,0,0,0,0,0,0,1,0,0
2026-02-19,CENTEL,-0.006451667461820243,2.5355238633628652e-05,0.00797904291849461,0.12,0.2958173008031775,0.0,2.0,0.0,0,-0.05194798746702556,0,0,0,0,0,0,0,0,0,0,0,0,1,0
2026-02-19,COM7,0.0,0.001665635694137957,0.012066567966561187,0.19,0.5390811125917591,0.3469387755102041,1.0,0.0,0,-0.015999962779964405,0,0,0,0,0,0,1,0,0,0,0,0,0,0
2026-02-19,CPALL,0.043062216905515704,0.01957939559971218,0.019365880044361083,0.94,0.4825031688955927,0.183673469387755,2.0,0.0,0,-0.04128441832863017,0,0,0,0,0,0,0,0,0,1,0,0,0,0
2026-02-19,CPF,0.004608235017225404,0.004691058478348942,0.009975550571575273,0.32,0.7091921123853364,0.4897959183673469,1.0,0.0,0,-0.013761467076685685,0,0,0,0,0,0,1,0,0,0,0,0,0,0
2026-02-19,CPN,0.007812502417215539,0.003152890080898696,0.007577658616798718,0.38,0.2998494178860543,0.0204081632653061,2.0,0.0,0,-0.0077519403643806495,0,0,0,0,0,0,0,0,0,0,0,1,0,0
2026-02-19,CRC,0.00458709852917738,-0.0007935906684403138,0.017051909455832737,0.3,0.1885120701342117,0.1224489795918367,1.0,0.0,0,-0.013698551726531893,0,0,0,0,0,0,0,0,0,1,0,0,0,0
2026-02-19,DELTA,0.053571422475571895,0.010932077557409547,0.033283025301982024,1.0,0.7549857549857552,0.5102040816326531,5.0,0.0,0,-0.008474553755217662,0,0,0,0,0,0,0,0,0,0,0,1,0,0
2026-02-19,EGCO,0.01619431679639871,0.004868202918729114,0.006651003276973951,0.58,0.2641362307564376,0.0,0.0,0.0,0,-0.015936240272876323,0,0,0,0,0,0,0,0,0,0,0,0,0,1
2026-02-19,GPSC,0.028571375114364805,0.017667424458062263,0.016997789033746675,0.78,0.3084218345695337,0.0408163265306122,3.0,0.0,0,-0.0388888527971194,0,0,0,0,0,0,1,0,0,0,0,0,0,0
2026-02-19,GULF,0.008368181385137063,0.006048460885896678,0.018389386177938723,0.44,0.824860649548974,0.5306122448979591,14.0,0.0,0,0.0,1,0,0,0,0,0,0,0,0,0,0,0,0,0
2026-02-19,HMPRO,0.027397263054702803,0.013971110955055233,0.013921882740846441,0.74,0.3412017927251844,0.0816326530612244,0.0,0.0,0,-0.033333353091348994,0,0,0,0,0,0,0,0,0,1,0,0,0,0
2026-02-19,IVL,0.0,0.0026548904386446636,0.011002374546880226,0.19,0.6190346064901138,0.4489795918367346,1.0,0.0,0,-0.008620682467985863,0,0,0,0,0,0,1,0,0,0,0,0,0,0
2026-02-19,KBANK,-0.009661780592817082,0.006631582616036269,0.02051398092799806,0.02,0.8492309488143115,0.5510204081632653,15.0,0.0,0,0.0,0,0,0,0,0,0,0,0,1,0,0,0,0,0
2026-02-19,KKP,-0.006779631078773551,0.0034887340960140676,0.01007757287697931,0.1,0.6442502814112808,0.4081632653061224,1.0,0.0,1,0.010238917216583099,0,0,0,0,0,0,0,0,1,0,0,0,0,0
2026-02-19,KTB,0.0,0.011285269796455855,0.024645148895813547,0.19,0.750245974679521,0.3673469387755101,2.0,0.0,1,0.03053431743809032,0,0,0,0,0,0,0,0,1,0,0,0,0,0
2026-02-19,KTC,-0.007299231215312951,0.020772395960697042,0.03505301734485116,0.08,0.3257950366470686,0.0408163265306122,4.0,0.0,0,-0.01470586307545807,1,0,0,0,0,0,0,0,0,0,0,0,0,0
2026-02-19,LH,0.009090924356107477,-0.0016745554064456548,0.017095263499055383,0.46,0.2735033172691258,0.0,1.0,0.0,0,-0.009009024000397603,0,1,0,0,0,0,0,0,0,0,0,0,0,0
2026-02-19,MINT,0.009434020425160616,0.0019224072693929228,0.010326787771198689,0.48,0.4943019943019943,0.2040816326530612,0.0,0.0,0,-0.037383187762765724,1,0,0,0,0,0,0,0,0,0,0,0,0,0
2026-02-19,MTC,0.006410240580832172,0.002597075896700507,0.008618921936525805,0.36,0.2887361173649064,0.0,1.0,0.0,0,-0.03821656488551117,0,0,1,0,0,0,0,0,0,0,0,0,0,0
2026-02-19,OR,0.013793094183446097,0.00558536760521271,0.01150553421769636,0.54,0.6153782616814699,0.2857142857142857,12.0,0.0,0,-0.02040814974364502,0,0,0,0,0,0,0,0,0,0,0,1,0,0
2026-02-19,OSP,0.005347560514185945,0.0032493728325204696,0.00819986445206029,0.34,0.338970421015203,0.0612244897959183,0.0,0.0,0,-0.01063823243665274,0,0,0,0,0,0,0,0,0,1,0,0,0,0
2026-02-19,PTT,0.03448278507232683,0.0083048674564421,0.016492733660205046,0.88,0.7728921116235123,0.4285714285714285,7.0,0.0,0,-0.013333300847364726,0,0,0,0,0,0,1,0,0,0,0,0,0,0
2026-02-19,PTTEP,0.03703703703703698,0.005259673947725618,0.021526902450325437,0.9,0.6813255353395934,0.4489795918367346,6.0,0.0,0,-0.02142859399270547,0,0,0,0,0,0,1,0,0,0,0,0,0,0
2026-02-19,PTTGC,0.0183485891770645,0.007529554356670754,0.020292745098940978,0.64,0.6382595769495901,0.4693877551020408,4.0,0.0,0,-0.027027011885375263,0,0,0,0,0,0,1,0,0,0,0,0,0,0
2026-02-19,RATCH,0.007874002127641111,0.003174797813639052,0.007098958667050455,0.4,0.2677087625191304,0.0,0.0,0.0,0,0.0,0,0,0,1,0,0,0,0,0,0,0,0,0,0
2026-02-19,SAWAD,0.008264454870493099,0.012133713728056116,0.025059944575270676,0.42,0.3498375384972611,0.0816326530612244,0.0,0.0,0,-0.03278685400668824,0,0,0,0,0,0,0,0,0,1,0,0,0,0
2026-02-19,SCB,0.010204132555577727,0.00975621107719713,0.011526044760818536,0.5,0.7988495394135452,0.4693877551020408,19.0,0.0,0,-0.003367020000127341,0,0,0,0,0,0,0,0,1,0,0,0,0,0
2026-02-19,SCC,0.004524921663888071,0.0009215135987507451,0.006736625075810422,0.28,0.6673911126530135,0.4489795918367346,0.0,0.0,0,-0.009009008382220296,0,0,0,0,0,0,1,0,0,0,0,0,0,0
2026-02-19,SCGP,0.04368927785109844,0.004929063345398599,0.02324225479223043,0.96,0.5128534376254641,0.3469387755102041,0.0,0.0,0,-0.03720929770670123,0,0,0,0,0,0,1,0,0,0,0,0,0,0
2026-02-19,TCAP,0.016460930866518453,0.01532231120719878,0.013693589947941126,0.6,0.3602260403234661,0.1020408163265306,0.0,0.0,1,0.012145719351498885,0,0,0,0,0,0,0,0,1,0,0,0,0,0
2026-02-19,TIDLOR,0.025380723428090057,0.012534640238091033,0.023099660721551396,0.7,0.2781370028253271,0.0,0.0,0.0,0,0.0,0,0,0,0,1,0,0,0,0,0,0,0,0,0
2026-02-19,TISCO,0.0,0.006234517827385222,0.009261189606484026,0.19,0.6406867342025374,0.4081632653061224,1.0,0.0,0,0.0,0,0,0,0,0,0,0,0,1,0,0,0,0,0
2026-02-19,TLI,-0.008474598790329968,1.4486532482060887e-05,0.0060180877779631315,0.06,0.299872962494744,0.0,0.0,0.0,1,0.008547031452740272,0,0,0,0,0,1,0,0,0,0,0,0,0,0
2026-02-19,TOP,0.04433501760504743,0.005954374471589463,0.02236294987690812,0.98,0.7386039040525615,0.5102040816326531,5.0,0.0,0,0.0,0,0,0,0,0,0,1,0,0,0,0,0,0,0
2026-02-19,TRUE,0.0,0.0016405416557866647,0.020915377649760234,0.19,0.7259234069997916,0.5510204081632653,4.0,0.0,0,0.0,1,0,0,0,0,0,0,0,0,0,0,0,0,0
2026-02-19,TTB,0.027272656149586183,0.022822247443674913,0.01714836121756422,0.72,0.389142793520201,0.2448979591836734,15.0,0.0,1,0.017699106378941565,0,0,0,0,0,0,0,0,1,0,0,0,0,0
2026-02-19,TU,0.024193569449372232,0.011464719309934156,0.012442117279758151,0.68,0.2779194133981291,0.0,0.0,0.0,0,-0.031496089764072144,0,0,0,0,0,0,0,0,0,0,1,0,0,0
2026-02-19,WHA,0.01382485136576217,0.009463770120177007,0.017134047898427648,0.56,0.2667685974671863,0.0204081632653061,0.0,0.0,1,0.0090908501457998,1,0,0,0,0,0,0,0,0,0,0,0,0,0
2026-02-20,ADVANC,-0.01025639174532511,-0.0015331947652562406,0.005903313170050473,0.56,0.8340338761433772,0.5306122448979591,3.0,0.0,1,0.005181295294138133,1,0,0,0,0,0,0,0,0,0,0,0,0,0
2026-02-20,AOT,0.004444444444444473,-0.0034432739577347606,0.012141877300237122,0.86,0.5714144407022494,0.3877551020408163,2.0,0.0,0,-0.053097345132743334,0,0,0,0,0,0,1,0,0,0,0,0,0,0
2026-02-20,AWC,-0.07971017419000692,0.0041279194913596,0.04782077073487737,0.02,0.26474316484215,0.0,0.0,0.0,0,-0.023622003479382148,0,0,0,0,0,0,0,1,0,0,0,0,0,0
2026-02-20,BANPU,0.0,0.013605015962373956,0.012738523153701631,0.77,0.5168610876183813,0.3469387755102041,0.0,0.0,0,-0.03252033756034389,0,0,0,0,0,0,1,0,0,0,0,0,0,0
2026-02-20,BBL,0.041176426785277886,0.0160931760370548,0.01593731619230342,1.0,0.8021884428957072,0.4897959183673469,2.0,0.0,0,-0.014124311687070068,0,0,0,0,0,0,0,0,1,0,0,0,0,0
2026-02-20,BDMS,-0.01345295052715112,0.006599466495170803,0.016753122074785496,0.5,0.6121736045413307,0.4081632653061224,1.0,0.0,0,-0.02727271095716477,0,0,0,0,0,0,1,0,0,0,0,0,0,0
2026-02-20,BEM,-0.02439025556413088,0.017981019360321725,0.03295829489318371,0.3,0.3153698175379232,0.0204081632653061,0.0,0.0,0,-0.033333376896231726,0,0,0,0,0,0,0,0,0,1,0,0,0,0
2026-02-20,BH,-0.01804125569725501,0.003267345291703694,0.014819057631687288,0.38,0.5733025950300475,0.4693877551020408,1.0,0.0,0,-0.010498650447218982,0,0,0,0,0,0,1,0,0,0,0,0,0,0
2026-02-20,BJC,-0.03529412103219021,0.006442899232489063,0.023891596829969816,0.2,0.3859487784668349,0.1020408163265306,1.0,0.0,0,-0.03048779796707446,0,0,0,0,0,0,0,0,0,1,0,0,0,0
2026-02-20,BTS,-0.07462688160516195,-0.01851820856359674,0.0544726789311646,0.04,0.3820598396963626,0.0816326530612244,4.0,0.0,0,-0.032258033504347416,0,0,0,0,0,0,0,0,0,1,0,0,0,0
2026-02-20,CBG,-0.02094243769426163,-0.001963260001950173,0.020158067480080945,0.34,0.4037334379706352,0.1428571428571428,0.0,0.0,0,-0.01604278296496231,0,0,0,0,0,0,0,0,0,1,0,0,0,0
2026-02-20,CCET,-0.03809516673451885,0.0002633050794288661,0.025553910806028906,0.14,0.2944691120222417,0.0408163265306122,0.0,0.0,1,0.00990089869163202,0,0,0,0,0,0,0,0,0,0,0,1,0,0
2026-02-20,CENTEL,-0.05194798746702556,-0.009065550167645386,0.0250008554466443,0.06,0.2958173008031775,0.0,2.0,0.0,0,-0.013698638921602946,0,0,0,0,0,0,0,0,0,0,0,0,1,0
2026-02-20,COM7,-0.015999962779964405,0.000884984412822698,0.013247947747821892,0.4,0.5390811125917591,0.3469387755102041,1.0,0.0,0,0.0,0,0,0,0,0,0,1,0,0,0,0,0,0,0
2026-02-20,CPALL,-0.04128441832863017,0.01233262215210822,0.03292165011243206,0.08,0.4825031688955927,0.183673469387755,1.0,0.0,0,-0.01913877990372803,0,0,0,0,0,0,0,0,0,1,0,0,0,0
2026-02-20,CPF,-0.013761467076685685,0.0019387650630118048,0.013025556718578277,0.46,0.7091921123853364,0.4897959183673469,1.0,0.0,0,-0.013953397657902156,0,0,0,0,0,0,1,0,0,0,0,0,0,0
2026-02-20,CPN,-0.0077519403643806495,0.003177305648715212,0.007533314021394869,0.66,0.2998494178860543,0.0204081632653061,3.0,0.0,1,0.023437507251646617,0,0,0,0,0,0,0,0,0,0,0,1,0,0
2026-02-20,CRC,-0.013698551726531893,-0.0026242030866590717,0.018019267668826673,0.48,0.1885120701342117,0.1224489795918367,1.0,0.0,0,-0.02314813861438414,0,0,0,0,0,0,0,0,0,1,0,0,0,0
2026-02-20,DELTA,-0.008474553755217662,0.01638001858486926,0.024916738452898872,0.64,0.7549857549857552,0.5102040816326531,5.0,0.0,1,0.059829095579305935,0,0,0,0,0,0,0,0,0,0,0,1,0,0
2026-02-20,EGCO,-0.015936240272876323,0.0008646258741866087,0.011500069735415123,0.42,0.2641362307564376,0.0,0.0,0.0,0,-0.004048595094394258,0,0,0,0,0,0,0,0,0,0,0,0,0,1
2026-02-20,GPSC,-0.0388888527971194,0.0014047941889510085,0.02459188531829292,0.1,0.3084218345695337,0.0408163265306122,3.0,0.0,1,0.011560708228341321,0,0,0,0,0,0,1,0,0,0,0,0,0,0
2026-02-20,GULF,0.0,0.00348435743954052,0.01810060838427655,0.77,0.824860649548974,0.5306122448979591,15.0,0.0,0,0.0,1,0,0,0,0,0,0,0,0,0,0,0,0,0
2026-02-20,HMPRO,-0.033333353091348994,0.0058758651783843655,0.025684128263149274,0.22,0.3412017927251844,0.0816326530612244,0.0,0.0,0,-0.01379307102727445,0,0,0,0,0,0,0,0,0,1,0,0,0,0
2026-02-20,IVL,-0.008620682467985863,0.003550830953867945,0.00947503660257775,0.62,0.6190346064901138,0.4489795918367346,1.0,0.0,0,-0.004347948575092797,0,0,0,0,0,0,1,0,0,0,0,0,0,0
2026-02-20,KBANK,0.0,0.009654259963018963,0.0173835048124424,0.77,0.8492309488143115,0.5510204081632653,14.0,0.0,0,-0.019512241663277585,0,0,0,0,0,0,0,0,1,0,0,0,0,0
2026-02-20,KKP,0.010238917216583099,0.005536517539330687,0.010230548882858532,0.92,0.6442502814112808,0.4081632653061224,2.0,0.0,1,0.006756726653411649,0,0,0,0,0,0,0,0,1,0,0,0,0,0
2026-02-20,KTB,0.03053431743809032,0.022230834589720905,0.015348361303262443,0.98,0.750245974679521,0.3673469387755101,2.0,0.0,0,-0.014814829119757622,0,0,0,0,0,0,0,0,1,0,0,0,0,0
2026-02-20,KTC,-0.01470586307545807,0.019457243997937468,0.036501919057174766,0.44,0.3257950366470686,0.0408163265306122,5.0,0.0,0,-0.014925353277103981,1,0,0,0,0,0,0,0,0,0,0,0,0,0
2026-02-20,LH,-0.009009024000397603,0.0009879218756234432,0.013793567504529572,0.58,0.2735033172691258,0.0,1.0,0.0,0,-0.018181736767426293,0,1,0,0,0,0,0,0,0,0,0,0,0,0
2026-02-20,MINT,-0.037383187762765724,-0.0074410343681923456,0.019213962727749185,0.16,0.4943019943019943,0.2040816326530612,0.0,0.0,1,0.009708721731171988,1,0,0,0,0,0,0,0,0,0,0,0,0,0
2026-02-20,MTC,-0.03821656488551117,-0.006336556454180187,0.019678606838789036,0.12,0.2887361173649064,0.0,1.0,0.0,0,-0.006622500337007953,0,0,1,0,0,0,0,0,0,0,0,0,0,0
2026-02-20,OR,-0.02040814974364502,0.0029023381025052863,0.015897826820257536,0.36,0.6153782616814699,0.2857142857142857,11.0,0.0,0,-0.01418445088854714,0,0,0,0,0,0,0,0,0,0,0,1,0,0
2026-02-20,OSP,-0.01063823243665274,0.0032838964102067437,0.008125897698289926,0.54,0.338970421015203,0.0612244897959183,0.0,0.0,0,-0.005376416035254072,0,0,0,0,0,0,0,0,0,1,0,0,0,0
2026-02-20,PTT,-0.013333300847364726,0.007027092804163648,0.018135233954164172,0.52,0.7728921116235123,0.4285714285714285,6.0,0.0,0,-0.013513587507637648,0,0,0,0,0,0,1,0,0,0,0,0,0,0
2026-02-20,PTTEP,-0.02142859399270547,0.002439165769739815,0.02432959568500568,0.32,0.6813255353395934,0.4489795918367346,5.0,0.0,1,0.012467013746976674,0,0,0,0,0,0,1,0,0,0,0,0,0,0
2026-02-20,PTTGC,-0.027027011885375263,0.003993300130625555,0.024970168352336737,0.28,0.6382595769495901,0.4693877551020408,3.0,0.0,0,0.0,0,0,0,0,0,0,1,0,0,0,0,0,0,0
2026-02-20,RATCH,0.0,0.004762109087151955,0.0043474193680905285,0.77,0.2677087625191304,0.0,0.0,0.0,0,-0.02343752107034791,0,0,0,1,0,0,0,0,0,0,0,0,0,0
2026-02-20,SAWAD,-0.03278685400668824,0.009054600514871013,0.03004467623237309,0.24,0.3498375384972611,0.0816326530612244,0.0,0.0,0,-0.008474567922930998,0,0,0,0,0,0,0,0,0,1,0,0,0,0
2026-02-20,SCB,-0.003367020000127341,0.009789524359152346,0.011478172318584818,0.68,0.7988495394135452,0.4693877551020408,17.0,0.0,0,-0.010135185372235345,0,0,0,0,0,0,0,0,1,0,0,0,0,0
2026-02-20,SCC,-0.009009008382220296,-0.0008802880776933141,0.008109594668413374,0.6,0.6673911126530135,0.4489795918367346,0.0,0.0,1,0.004545419123321848,0,0,0,0,0,0,1,0,0,0,0,0,0,0
2026-02-20,SCGP,-0.03720929770670123,-0.0006080298898658354,0.0298925907445918,0.18,0.5128534376254641,0.3469387755102041,0.0,0.0,1,0.01449274003375045,0,0,0,0,0,0,1,0,0,0,0,0,0,0
2026-02-20,TCAP,0.012145719351498885,0.018624815405815554,0.008915639682400344,0.94,0.3602260403234661,0.1020408163265306,1.0,0.0,0,-0.020000015225974388,0,0,0,0,0,0,0,0,1,0,0,0,0,0
2026-02-20,TIDLOR,0.0,0.014639904494092693,0.020841820179774716,0.77,0.2781370028253271,0.0,0.0,0.0,0,0.0,0,0,0,0,1,0,0,0,0,0,0,0,0,0
2026-02-20,TISCO,0.0,0.005337645277857917,0.009680686953870149,0.77,0.6406867342025374,0.4081632653061224,1.0,0.0,0,-0.004347812120101491,0,0,0,0,0,0,0,0,1,0,0,0,0,0
2026-02-20,TLI,0.008547031452740272,0.0017238928230301153,0.007125013783124413,0.88,0.299872962494744,0.0,0.0,0.0,0,-0.025423710652959675,0,0,0,0,0,1,0,0,0,0,0,0,0,0
2026-02-20,TOP,0.0,0.005954374471589463,0.02236294987690812,0.77,0.7386039040525615,0.5102040816326531,5.0,0.0,1,0.01415090743667946,0,0,0,0,0,0,1,0,0,0,0,0,0,0
2026-02-20,TRUE,0.0,0.004581727155996607,0.018987124263722125,0.77,0.7259234069997916,0.5510204081632653,4.0,0.0,1,0.021897806080241722,1,0,0,0,0,0,0,0,0,0,0,0,0,0
2026-02-20,TTB,0.017699106378941565,0.026362068719463227,0.0124399064753162,0.96,0.389142793520201,0.2448979591836734,16.0,0.0,1,0.008695594537850848,0,0,0,0,0,0,0,0,1,0,0,0,0,0
2026-02-20,TU,-0.031496089764072144,0.005165501357119728,0.02310311517396178,0.26,0.2779194133981291,0.0,0.0,0.0,1,0.016260176872388454,0,0,0,0,0,0,0,0,0,0,1,0,0,0
2026-02-20,WHA,0.0090908501457998,0.014139076314142462,0.011192772206449876,0.9,0.2667685974671863,0.0204081632653061,0.0,0.0,0,-0.022522433195623526,1,0,0,0,0,0,0,0,0,0,0,0,0,0
2026-02-23,ADVANC,0.005181295294138133,-0.001011077812478911,0.006447397402364917,0.76,0.8340338761433772,0.5306122448979591,2.0,0.0,1,0.015463932313728002,1,0,0,0,0,0,0,0,0,0,0,0,0,0
2026-02-23,AOT,-0.053097345132743334,-0.009714916897326908,0.02511882576729781,0.02,0.5714144407022494,0.3877551020408163,1.0,0.0,0,-0.02336448598130836,0,0,0,0,0,0,1,0,0,0,0,0,0,0
2026-02-23,AWC,-0.023622003479382148,-0.0037964751809987487,0.04863752909145565,0.16,0.26474316484215,0.0,0.0,0.0,1,0.024193502479122442,0,0,0,0,0,0,0,1,0,0,0,0,0,0
2026-02-23,BANPU,-0.03252033756034389,0.005361804474588694,0.024559999287180185,0.06,0.5168610876183813,0.3469387755102041,0.0,0.0,0,-0.008403343973771071,0,0,0,0,0,0,1,0,0,0,0,0,0,0
2026-02-23,BBL,-0.014124311687070068,0.012656692125274361,0.020616308129487164,0.4,0.8021884428957072,0.4897959183673469,2.0,0.0,0,0.0,0,0,0,0,0,0,0,0,1,0,0,0,0,0
2026-02-23,BDMS,-0.02727271095716477,-0.002610954336092641,0.02060026048630179,0.12,0.6121736045413307,0.4081632653061224,0.0,0.0,0,-0.004672909697639116,0,0,0,0,0,0,1,0,0,0,0,0,0,0
2026-02-23,BEM,-0.033333376896231726,0.007677984232970725,0.040147730619868684,0.04,0.3153698175379232,0.0204081632653061,0.0,0.0,1,0.008620637937178044,0,0,0,0,0,0,0,0,0,1,0,0,0,0
2026-02-23,BH,-0.010498650447218982,0.0006342837897908904,0.016069339005820586,0.5,0.5733025950300475,0.4693877551020408,1.0,0.0,1,0.01061004156483869,0,0,0,0,0,0,1,0,0,0,0,0,0,0
2026-02-23,BJC,-0.03048779796707446,-0.002170387965448284,0.028453994094492976,0.1,0.3859487784668349,0.1020408163265306,1.0,0.0,0,0.0,0,0,0,0,0,0,0,0,0,1,0,0,0,0
2026-02-23,BTS,-0.032258033504347416,-0.00891141907143662,0.04410335251061251,0.08,0.3820598396963626,0.0816326530612244,4.0,0.0,1,0.00833332505491069,0,0,0,0,0,0,0,0,0,1,0,0,0,0
2026-02-23,CBG,-0.01604278296496231,-0.0009390065474992549,0.019037514830187834,0.32,0.4037334379706352,0.1428571428571428,0.0,0.0,0,-0.016304350115246002,0,0,0,0,0,0,0,0,0,1,0,0,0,0
2026-02-23,CCET,0.00990089869163202,0.00422370302335322,0.025115502846669198,0.84,0.2944691120222417,0.0408163265306122,0.0,0.0,1,0.009803927170119353,0,0,0,0,0,0,0,0,0,0,0,1,0,0
2026-02-23,CENTEL,-0.013698638921602946,-0.011805277951965976,0.024504702926964238,0.46,0.2958173008031775,0.0,2.0,0.0,1,0.02083329269685552,0,0,0,0,0,0,0,0,0,0,0,0,1,0
2026-02-23,COM7,0.0,0.0017013172243727005,0.012988611186350025,0.69,0.5390811125917591,0.3469387755102041,1.0,0.0,1,0.008129980560762418,0,0,0,0,0,0,1,0,0,0,0,0,0,0
2026-02-23,CPALL,-0.01913877990372803,0.007489628443225449,0.03590216067395736,0.28,0.4825031688955927,0.183673469387755,1.0,0.0,0,-0.00975603275984327,0,0,0,0,0,0,0,0,0,1,0,0,0,0
2026-02-23,CPF,-0.013953397657902156,0.0010260135852259156,0.014130843955660163,0.42,0.7091921123853364,0.4897959183673469,2.0,0.0,0,-0.014151032396430119,0,0,0,0,0,0,1,0,0,0,0,0,0,0
2026-02-23,CPN,0.023437507251646617,0.007864807099044534,0.011374537673589718,0.98,0.2998494178860543,0.0204081632653061,4.0,0.0,1,0.030534360376122338,0,0,0,0,0,0,0,0,0,0,0,1,0,0
2026-02-23,CRC,-0.02314813861438414,-0.0017743731901284977,0.01660339696894062,0.2,0.1885120701342117,0.1224489795918367,1.0,0.0,0,0.0,0,0,0,0,0,0,0,0,0,1,0,0,0,0
2026-02-23,DELTA,0.059829095579305935,0.02371620636660232,0.03184451194160796,1.0,0.7549857549857552,0.5102040816326531,7.0,0.0,0,0.0,0,0,0,0,0,0,0,0,0,0,0,1,0,0
2026-02-23,EGCO,-0.004048595094394258,5.4906855307756965e-05,0.011716658585255465,0.64,0.2641362307564376,0.0,0.0,0.0,1,0.024390253244825244,0,0,0,0,0,0,0,0,0,0,0,0,0,1
2026-02-23,GPSC,0.011560708228341321,0.002554143661261943,0.024980693105713284,0.86,0.3084218345695337,0.0408163265306122,3.0,0.0,1,0.017142789430576233,0,0,0,0,0,0,1,0,0,0,0,0,0,0
2026-02-23,GULF,0.0,0.0017965976827335917,0.017915633454267908,0.69,0.824860649548974,0.5306122448979591,16.0,0.0,1,0.04149381391670803,1,0,0,0,0,0,0,0,0,0,0,0,0,0
2026-02-23,HMPRO,-0.01379307102727445,0.004535694366353327,0.02668526459703117,0.44,0.3412017927251844,0.0816326530612244,0.0,0.0,0,-0.0069930248678803375,0,0,0,0,0,0,0,0,0,1,0,0,0,0
2026-02-23,IVL,-0.004347948575092797,2.638458563495316e-05,0.008136981268373096,0.6,0.6190346064901138,0.4489795918367346,1.0,0.0,1,0.004366935787326831,0,0,0,0,0,0,1,0,0,0,0,0,0,0
2026-02-23,KBANK,-0.019512241663277585,0.002171248501417966,0.02068461869280582,0.26,0.8492309488143115,0.5510204081632653,13.0,0.0,0,0.0,0,0,0,0,0,0,0,0,1,0,0,0,0,0
2026-02-23,KKP,0.006756726653411649,0.007582315380540372,0.008917130554155267,0.78,0.6442502814112808,0.4081632653061224,2.0,0.0,1,0.03691275022904117,0,0,0,0,0,0,0,0,1,0,0,0,0,0
2026-02-23,KTB,-0.014814829119757622,0.014309199871866385,0.02232902840787121,0.36,0.750245974679521,0.3673469387755101,2.0,0.0,1,0.007518804361682063,0,0,0,0,0,0,0,0,1,0,0,0,0,0
2026-02-23,KTC,-0.014925353277103981,0.0017180746551926029,0.022295760052991907,0.34,0.3257950366470686,0.0408163265306122,4.0,0.0,0,0.0,1,0,0,0,0,0,0,0,0,0,0,0,0,0
2026-02-23,LH,-0.018181736767426293,-0.004474912474411985,0.015107778965381569,0.3,0.2735033172691258,0.0,1.0,0.0,1,0.004629580010758749,0,1,0,0,0,0,0,0,0,0,0,0,0,0
2026-02-23,MINT,0.009708721731171988,-0.0036301197276603194,0.02058261346924212,0.82,0.4943019943019943,0.2040816326530612,0.0,0.0,1,0.009615368791235257,1,0,0,0,0,0,0,0,0,0,0,0,0,0
2026-02-23,MTC,-0.006622500337007953,-0.006379008405415343,0.019679034479461423,0.56,0.2887361173649064,0.0,1.0,0.0,0,-0.033333353878659766,0,0,1,0,0,0,0,0,0,0,0,0,0,0
2026-02-23,OR,-0.01418445088854714,6.544792479585837e-05,0.017707757146157545,0.38,0.6153782616814699,0.2857142857142857,10.0,0.0,0,-0.01438847588157588,0,0,0,0,0,0,0,0,0,0,0,1,0,0
2026-02-23,OSP,-0.005376416035254072,0.0011157022798302218,0.008815629105700098,0.58,0.338970421015203,0.0612244897959183,0.0,0.0,0,0.0,0,0,0,0,0,0,0,0,0,1,0,0,0,0
2026-02-23,PTT,-0.013513587507637648,0.0043243753026361185,0.02031971300988927,0.48,0.7728921116235123,0.4285714285714285,6.0,0.0,1,0.006849298668733184,0,0,0,0,0,0,1,0,0,0,0,0,0,0
2026-02-23,PTTEP,0.012467013746976674,0.008622605333476497,0.021451894315232967,0.88,0.6813255353395934,0.4489795918367346,6.0,0.0,1,0.018656716417910557,0,0,0,0,0,0,1,0,0,0,0,0,0,0
2026-02-23,PTTGC,0.0,0.003993300130625555,0.024970168352336737,0.69,0.6382595769495901,0.4693877551020408,3.0,0.0,1,0.009433962264151052,0,0,0,0,0,0,1,0,0,0,0,0,0,0
2026-02-23,RATCH,-0.02343752107034791,7.46048730823734e-05,0.01358563763617147,0.18,0.2677087625191304,0.0,0.0,0.0,1,0.03200000853626461,0,0,0,1,0,0,0,0,0,0,0,0,0,0
2026-02-23,SAWAD,-0.008474567922930998,0.005589777125158424,0.031056138580120494,0.54,0.3498375384972611,0.0816326530612244,0.0,0.0,0,-0.01709406634512589,0,0,0,0,0,0,0,0,0,1,0,0,0,0
2026-02-23,SCB,-0.010135185372235345,0.006344040516520688,0.014640318014746582,0.52,0.7988495394135452,0.4693877551020408,15.0,0.0,1,0.0068259727472965714,0,0,0,0,0,0,0,0,1,0,0,0,0,0
2026-02-23,SCC,0.004545419123321848,0.0018387504348548855,0.006870117505107316,0.74,0.6673911126530135,0.4489795918367346,0.0,0.0,1,0.004524921663888071,0,0,0,0,0,0,1,0,0,0,0,0,0,0
2026-02-23,SCGP,0.01449274003375045,0.004213580863058541,0.030020536156623666,0.92,0.5128534376254641,0.3469387755102041,0.0,0.0,1,0.004761961978985596,0,0,0,0,0,0,1,0,0,0,0,0,0,0
2026-02-23,TCAP,-0.020000015225974388,0.01111604897363445,0.0195368602950981,0.24,0.3602260403234661,0.1020408163265306,1.0,0.0,1,0.004081622876560775,0,0,0,0,0,0,0,0,1,0,0,0,0,0
2026-02-23,TIDLOR,0.0,0.016767544104166365,0.017959927320428896,0.69,0.2781370028253271,0.0,0.0,0.0,0,-0.029702984869740323,0,0,0,0,1,0,0,0,0,0,0,0,0,0
2026-02-23,TISCO,-0.004347812120101491,0.004468082853837619,0.010445091352453964,0.62,0.6406867342025374,0.4081632653061224,1.0,0.0,0,0.0,0,0,0,0,0,0,0,0,1,0,0,0,0,0
2026-02-23,TLI,-0.025423710652959675,-0.0033608493075618197,0.014211006658485233,0.14,0.299872962494744,0.0,0.0,0.0,0,0.0,0,0,0,0,0,1,0,0,0,0,0,0,0,0
2026-02-23,TOP,0.01415090743667946,0.008784555958925355,0.02231638999609937,0.9,0.7386039040525615,0.5102040816326531,5.0,0.0,1,0.027906979097466644,0,0,0,0,0,0,1,0,0,0,0,0,0,0
2026-02-23,TRUE,0.021897806080241722,0.005976204444004684,0.020156731703038708,0.96,0.7259234069997916,0.5510204081632653,4.0,0.0,1,0.042857134930617935,1,0,0,0,0,0,0,0,0,0,0,0,0,0
2026-02-23,TTB,0.008695594537850848,0.024140793515733526,0.014691870174579446,0.8,0.389142793520201,0.2448979591836734,16.0,0.0,0,0.0,0,0,0,0,0,0,0,0,1,0,0,0,0,0
2026-02-23,TU,0.016260176872388454,0.00841753673159742,0.02333745098066517,0.94,0.2779194133981291,0.0,0.0,0.0,0,-0.01600001381775129,0,0,0,0,0,0,0,0,0,0,1,0,0,0
2026-02-23,WHA,-0.022522433195623526,0.008668424237810602,0.02005551797925137,0.22,0.2667685974671863,0.0204081632653061,0.0,0.0,1,0.032258024299432586,1,0,0,0,0,0,0,0,0,0,0,0,0,0
2026-02-24,ADVANC,0.015463932313728002,0.0015688848657195108,0.009894930809696617,0.76,0.8340338761433772,0.5306122448979591,4.0,0.0,1,0.025380706863754154,1,0,0,0,0,0,0,0,0,0,0,0,0,0
2026-02-24,AOT,-0.02336448598130836,-0.01438781409358858,0.025032843009403276,0.06,0.5714144407022494,0.3877551020408163,2.0,0.0,1,0.019138755980861344,0,0,0,0,0,0,1,0,0,0,0,0,0,0
2026-02-24,AWC,0.024193502479122442,-0.0021073751490918945,0.04962263570827071,0.84,0.26474316484215,0.0,0.0,0.0,1,0.007874001159793975,0,0,0,0,0,0,0,1,0,0,0,0,0,0
2026-02-24,BANPU,-0.008403343973771071,0.0002328671301143448,0.024132965787119456,0.2,0.5168610876183813,0.3469387755102041,0.0,0.0,1,0.025423759199825424,0,0,0,0,0,0,1,0,0,0,0,0,0,0
2026-02-24,BBL,0.0,0.008388394020742162,0.020577918580147996,0.35,0.8021884428957072,0.4897959183673469,2.0,0.0,0,-0.014326574154075677,0,0,0,0,0,0,0,0,1,0,0,0,0,0
2026-02-24,BDMS,-0.004672909697639116,-0.004467179498182117,0.020201425117394586,0.24,0.6121736045413307,0.4081632653061224,1.0,0.0,1,0.004694848299788168,0,0,0,0,0,0,1,0,0,0,0,0,0,0
2026-02-24,BEM,0.008620637937178044,-0.0030978838038557164,0.026749775784478996,0.66,0.3153698175379232,0.0204081632653061,0.0,0.0,1,0.017093999193416032,0,0,0,0,0,0,0,0,0,1,0,0,0,0
2026-02-24,BH,0.01061004156483869,0.0016924661368457271,0.016619746054828122,0.74,0.5733025950300475,0.4693877551020408,3.0,0.0,1,0.005249409626047363,0,0,0,0,0,0,1,0,0,0,0,0,0,0
2026-02-24,BJC,0.0,-0.007139340518970872,0.024443602880470157,0.35,0.3859487784668349,0.1020408163265306,1.0,0.0,0,0.0,0,0,0,0,0,0,0,0,0,1,0,0,0,0
2026-02-24,BTS,0.00833332505491069,-0.008832054146001345,0.04414159072030907,0.64,0.3820598396963626,0.0816326530612244,4.0,0.0,1,0.01652890933552542,0,0,0,0,0,0,0,0,0,1,0,0,0,0
2026-02-24,CBG,-0.016304350115246002,-0.009605276994101897,0.011491114052381221,0.1,0.4037334379706352,0.1428571428571428,0.0,0.0,1,0.01657458800103062,0,0,0,0,0,0,0,0,0,1,0,0,0,0
2026-02-24,CCET,0.009803927170119353,0.004184467865844521,0.02510437382859474,0.72,0.2944691120222417,0.0408163265306122,0.0,0.0,1,0.09708743357330696,0,0,0,0,0,0,0,0,0,0,0,1,0,0
2026-02-24,CENTEL,0.02083329269685552,-0.010253000230718646,0.0266283502077855,0.82,0.2958173008031775,0.0,2.0,0.0,1,0.06802725782250563,0,0,0,0,0,0,0,0,0,0,0,0,1,0
2026-02-24,COM7,0.008129980560762418,0.0025076348728511055,0.013296118651093695,0.62,0.5390811125917591,0.3469387755102041,1.0,0.0,0,-0.02419349360927503,0,0,0,0,0,0,1,0,0,0,0,0,0,0
2026-02-24,CPALL,-0.00975603275984327,0.0004879187792824924,0.034973681335956616,0.18,0.4825031688955927,0.183673469387755,1.0,0.0,1,0.019704379323789434,0,0,0,0,0,0,0,0,0,1,0,0,0,0
2026-02-24,CPF,-0.014151032396430119,-0.004647794442564512,0.013172666119648492,0.16,0.7091921123853364,0.4897959183673469,2.0,0.0,1,0.014354158559225283,0,0,0,0,0,0,1,0,0,0,0,0,0,0
2026-02-24,CPN,0.030534360376122338,0.013178021844866938,0.014791001898322102,0.9,0.2998494178860543,0.0204081632653061,4.0,0.0,1,0.01481481916089522,0,0,0,0,0,0,0,0,0,0,0,1,0,0
2026-02-24,CRC,0.0,-0.005530270969110318,0.012377847920874659,0.35,0.1885120701342117,0.1224489795918367,1.0,0.0,0,0.0,0,0,0,0,0,0,0,0,0,1,0,0,0,0
2026-02-24,DELTA,0.0,0.02009629279372911,0.033621736675028976,0.35,0.7549857549857552,0.5102040816326531,7.0,0.0,1,0.0725805715593748,0,0,0,0,0,0,0,0,0,0,0,1,0,0
2026-02-24,EGCO,0.024390253244825244,0.004119946934790675,0.016144855313648468,0.86,0.2641362307564376,0.0,0.0,0.0,0,-0.007936531677325775,0,0,0,0,0,0,0,0,0,0,0,0,0,1
2026-02-24,GPSC,0.017142789430576233,0.004826630724543035,0.02584927115219837,0.78,0.3084218345695337,0.0408163265306122,3.0,0.0,0,-0.012629144585437846,0,0,0,0,0,0,1,0,0,0,0,0,0,0
2026-02-24,GULF,0.04149381391670803,0.00507443815976909,0.023784259313974265,0.98,0.824860649548974,0.5306122448979591,18.0,0.0,0,-0.003984086493189154,1,0,0,0,0,0,0,0,0,0,0,0,0,0
2026-02-24,HMPRO,-0.0069930248678803375,-0.0011486360824259911,0.025171390032696306,0.22,0.3412017927251844,0.0816326530612244,0.0,0.0,1,0.02112674537545911,0,0,0,0,0,0,0,0,0,1,0,0,0,0
2026-02-24,IVL,0.004366935787326831,-0.0017203390511503658,0.004936930193489711,0.48,0.6190346064901138,0.4489795918367346,1.0,0.0,1,0.021739154201137367,0,0,0,0,0,0,1,0,0,0,0,0,0,0
2026-02-24,KBANK,0.0,-0.004863928283465113,0.009738500918316838,0.35,0.8492309488143115,0.5510204081632653,13.0,0.0,0,-0.02238807361998607,0,0,0,0,0,0,0,0,1,0,0,0,0,0
2026-02-24,KKP,0.03691275022904117,0.011480549086252534,0.015855148894326807,0.96,0.6442502814112808,0.4081632653061224,3.0,0.0,0,-0.01618121023477581,0,0,0,0,0,0,0,0,1,0,0,0,0,0
2026-02-24,KTB,0.007518804361682063,0.007748436667285396,0.01694502429799273,0.6,0.750245974679521,0.3673469387755101,2.0,0.0,1,0.0074626938267872145,0,0,0,0,0,0,0,0,1,0,0,0,0,0
2026-02-24,KTC,0.0,-0.0059155091645240136,0.009635951902544628,0.35,0.3257950366470686,0.0408163265306122,4.0,0.0,1,0.007575716648724251,1,0,0,0,0,0,0,0,0,0,0,0,0,0
2026-02-24,LH,0.004629580010758749,7.091887924941531e-05,0.01329395853547777,0.52,0.2735033172691258,0.0,1.0,0.0,1,0.013824850797204746,0,1,0,0,0,0,0,0,0,0,0,0,0,0
2026-02-24,MINT,0.009615368791235257,0.000179743436887847,0.020998566480627548,0.7,0.4943019943019943,0.2040816326530612,0.0,0.0,1,0.009523793999637098,1,0,0,0,0,0,0,0,0,0,0,0,0,0
2026-02-24,MTC,-0.033333353878659766,-0.015626317928704215,0.01921085204693931,0.02,0.2887361173649064,0.0,1.0,0.0,1,0.04827585034273851,0,0,1,0,0,0,0,0,0,0,0,0,0,0
2026-02-24,OR,-0.01438847588157588,-0.0028122472515193175,0.018853147183691746,0.14,0.6153782616814699,0.2857142857142857,7.0,0.0,0,-0.007299228407856018,0,0,0,0,0,0,0,0,0,0,0,1,0,0
2026-02-24,OSP,0.0,2.875247347264853e-05,0.008478569947830021,0.35,0.338970421015203,0.0612244897959183,0.0,0.0,1,0.005405478134574926,0,0,0,0,0,0,0,0,0,1,0,0,0,0
2026-02-24,PTT,0.006849298668733184,0.005694235036382755,0.02018573373086154,0.58,0.7728921116235123,0.4285714285714285,6.0,0.0,1,0.013605517916484677,0,0,0,0,0,0,1,0,0,0,0,0,0,0
2026-02-24,PTTEP,0.018656716417910557,0.009346434641843749,0.021780995441447435,0.8,0.6813255353395934,0.4489795918367346,5.0,0.0,0,-0.00366300366300365,0,0,0,0,0,0,1,0,0,0,0,0,0,0
2026-02-24,PTTGC,0.009433962264151052,-0.0016670775045949603,0.017499135395520483,0.68,0.6382595769495901,0.4693877551020408,1.0,0.0,1,0.05607476635514019,0,0,0,0,0,0,1,0,0,0,0,0,0,0
2026-02-24,RATCH,0.03200000853626461,0.004874596738524195,0.019871445100435058,0.92,0.2677087625191304,0.0,1.0,0.0,0,-0.007751924783169217,0,0,0,1,0,0,0,0,0,0,0,0,0,0
2026-02-24,SAWAD,-0.01709406634512589,0.00041657956083784864,0.032513673357315635,0.08,0.3498375384972611,0.0816326530612244,0.0,0.0,1,0.017391355326915825,0,0,0,0,0,0,0,0,0,1,0,0,0,0
2026-02-24,SCB,0.0068259727472965714,0.0020754273982182213,0.008516925578738916,0.56,0.7988495394135452,0.4693877551020408,15.0,0.0,0,-0.0033898473678974916,0,0,0,0,0,0,0,0,1,0,0,0,0,0
2026-02-24,SCC,0.004524921663888071,0.0009172508137755386,0.005885706284919492,0.5,0.6673911126530135,0.4489795918367346,0.0,0.0,1,0.02702702514666111,0,0,0,0,0,0,1,0,0,0,0,0,0,0
2026-02-24,SCGP,0.004761961978985596,0.007107725222613248,0.0290237797264665,0.54,0.5128534376254641,0.3469387755102041,0.0,0.0,1,0.004739301179370381,0,0,0,0,0,0,1,0,0,0,0,0,0,0
2026-02-24,TCAP,0.004081622876560775,0.009346159167742818,0.019731205826088255,0.46,0.3602260403234661,0.1020408163265306,1.0,0.0,0,-0.008130061906456265,0,0,0,0,0,0,0,0,1,0,0,0,0,0
2026-02-24,TIDLOR,-0.029702984869740323,0.007601160616309821,0.027519199046350595,0.04,0.2781370028253271,0.0,0.0,0.0,1,0.040816347168710854,0,0,0,0,1,0,0,0,0,0,0,0,0,0
2026-02-24,TISCO,0.0,3.7972035740629908e-06,0.0030810843917247924,0.35,0.6406867342025374,0.4081632653061224,1.0,0.0,1,0.008733596275943611,0,0,0,0,0,0,0,0,1,0,0,0,0,0
2026-02-24,TLI,0.0,-0.005070255598109874,0.012871462383173351,0.35,0.299872962494744,0.0,0.0,0.0,1,0.008695675118474133,0,0,0,0,0,1,0,0,0,0,0,0,0,0
2026-02-24,TOP,0.027906979097466644,0.014365951778418684,0.023047905526623544,0.88,0.7386039040525615,0.5102040816326531,5.0,0.0,0,0.0,0,0,0,0,0,0,1,0,0,0,0,0,0,0
2026-02-24,TRUE,0.042857134930617935,0.008665274709110138,0.024494879568404914,1.0,0.7259234069997916,0.5510204081632653,2.0,0.0,0,0.0,1,0,0,0,0,0,0,0,0,0,0,0,0,0
2026-02-24,TTB,0.0,0.020257312160310105,0.018360722950117772,0.35,0.389142793520201,0.2448979591836734,17.0,0.0,0,0.0,0,0,0,0,0,0,0,0,1,0,0,0,0,0
2026-02-24,TU,-0.01600001381775129,0.000217546235226318,0.023257192292792522,0.12,0.2779194133981291,0.0,0.0,0.0,0,0.0,0,0,0,0,0,0,0,0,0,0,1,0,0,0
2026-02-24,WHA,0.032258024299432586,0.013196940805194712,0.022704241253576018,0.94,0.2667685974671863,0.0204081632653061,0.0,0.0,1,0.022321338871890584,1,0,0,0,0,0,0,0,0,0,0,0,0,0
2026-02-25,ADVANC,0.025380706863754154,0.007668050651309333,0.013490426464173842,0.84,0.8340338761433772,0.5306122448979591,4.0,0.0,0,0.0,1,0,0,0,0,0,0,0,0,0,0,0,0,0
2026-02-25,AOT,0.019138755980861344,-0.012337840675194101,0.027693803281039358,0.74,0.5714144407022494,0.3877551020408163,2.0,0.0,1,0.023474178403755763,0,0,0,0,0,0,1,0,0,0,0,0,0,0
2026-02-25,AWC,0.007874001159793975,-0.006734133193024605,0.04675896456125692,0.5,0.26474316484215,0.0,0.0,0.0,0,-0.015624971277626298,0,0,0,0,0,0,0,1,0,0,0,0,0,0
2026-02-25,BANPU,0.025423759199825424,0.0036227072491288757,0.026640198176212087,0.86,0.5168610876183813,0.3469387755102041,0.0,0.0,0,-0.03305786266453403,0,0,0,0,0,0,1,0,0,0,0,0,0,0
2026-02-25,BBL,-0.014326574154075677,0.004926063522068503,0.023025193966523718,0.08,0.8021884428957072,0.4897959183673469,3.0,0.0,1,0.026162729220606362,0,0,0,0,0,0,0,0,1,0,0,0,0,0
2026-02-25,BDMS,0.004694848299788168,-0.002610794264890015,0.020609996689561184,0.38,0.6121736045413307,0.4081632653061224,3.0,0.0,1,0.018691546539012727,0,0,0,0,0,0,1,0,0,0,0,0,0,0
2026-02-25,BEM,0.017093999193416032,0.00032091603482748977,0.028292562235099947,0.7,0.3153698175379232,0.0204081632653061,0.0,0.0,1,0.0420168870130484,0,0,0,0,0,0,0,0,0,1,0,0,0,0
2026-02-25,BH,0.005249409626047363,0.0022132494234501365,0.016697689555485142,0.42,0.5733025950300475,0.4693877551020408,3.0,0.0,1,0.06005217043483935,0,0,0,0,0,0,1,0,0,0,0,0,0,0
2026-02-25,BJC,0.0,-0.00956358696782027,0.022586359560403547,0.31,0.3859487784668349,0.1020408163265306,1.0,0.0,1,0.018867957033918303,0,0,0,0,0,0,0,0,0,1,0,0,0,0
2026-02-25,BTS,0.01652890933552542,-0.010250677293120635,0.04293532600897952,0.66,0.3820598396963626,0.0816326530612244,4.0,0.0,0,0.0,0,0,0,0,0,0,0,0,0,1,0,0,0,0
2026-02-25,CBG,0.01657458800103062,-0.007342996554687864,0.015547567252729256,0.68,0.4037334379706352,0.1428571428571428,0.0,0.0,1,0.005434811452099231,0,0,0,0,0,0,0,0,0,1,0,0,0,0
2026-02-25,CCET,0.09708743357330696,0.02162177484217951,0.04898699680584776,1.0,0.2944691120222417,0.0408163265306122,0.0,0.0,1,0.01769912417227948,0,0,0,0,0,0,0,0,0,0,0,1,0,0
2026-02-25,CENTEL,0.06802725782250563,0.00335245133378248,0.04453484412494395,0.96,0.2958173008031775,0.0,2.0,0.0,1,0.012738861733023521,0,0,0,0,0,0,0,0,0,0,0,0,1,0
2026-02-25,COM7,-0.02419349360927503,-0.006412695165695403,0.013245822260811018,0.02,0.5390811125917591,0.3469387755102041,0.0,0.0,1,0.01652897013535304,0,0,0,0,0,0,1,0,0,0,0,0,0,0
2026-02-25,CPALL,0.019704379323789434,-0.0014825269525792662,0.033156839138689234,0.76,0.4825031688955927,0.183673469387755,2.0,0.0,1,0.038647391769925044,0,0,0,0,0,0,0,0,0,1,0,0,0,0
2026-02-25,CPF,0.014354158559225283,-0.004580700710913455,0.013291826464876975,0.62,0.7091921123853364,0.4897959183673469,2.0,0.0,1,0.02358487169411605,0,0,0,0,0,0,1,0,0,0,0,0,0,0
2026-02-25,CPN,0.01481481916089522,0.013769449768299812,0.014784128443563891,0.64,0.2998494178860543,0.0204081632653061,4.0,0.0,1,0.00729921436749037,0,0,0,0,0,0,0,0,0,0,0,1,0,0
2026-02-25,CRC,0.0,-0.006451918362347731,0.011580067582484074,0.31,0.1885120701342117,0.1224489795918367,0.0,0.0,0,-0.004739372823635124,0,0,0,0,0,0,0,0,0,1,0,0,0,0
2026-02-25,DELTA,0.0725805715593748,0.035501307171806995,0.03703870056641621,0.98,0.7549857549857552,0.5102040816326531,9.0,0.0,1,0.043707635155560975,0,0,0,0,0,0,0,0,0,0,0,1,0,0
2026-02-25,EGCO,-0.007936531677325775,0.00253264059932552,0.017017729131412217,0.14,0.2641362307564376,0.0,0.0,0.0,0,-0.007999961303985392,0,0,0,0,0,0,0,0,0,0,0,0,0,1
2026-02-25,GPSC,-0.012629144585437846,0.0011513750781450226,0.02696784438044088,0.1,0.3084218345695337,0.0408163265306122,2.0,0.0,0,0.0,0,0,0,0,0,0,1,0,0,0,0,0,0,0
2026-02-25,GULF,-0.003984086493189154,0.009175581761731189,0.018619072848178358,0.2,0.824860649548974,0.5306122448979591,20.0,0.0,0,-0.012000004379986828,1,0,0,0,0,0,0,0,0,0,0,0,0,0
2026-02-25,HMPRO,0.02112674537545911,-0.0011190881112683737,0.025203924473794406,0.78,0.3412017927251844,0.0816326530612244,0.0,0.0,1,0.01379307102727445,0,0,0,0,0,0,0,0,0,1,0,0,0,0
2026-02-25,IVL,0.021739154201137367,0.0026274917890771075,0.01172991060354486,0.8,0.6190346064901138,0.4489795918367346,0.0,0.0,0,-0.03404260607814491,0,0,0,0,0,0,1,0,0,0,0,0,0,0
2026-02-25,KBANK,-0.02238807361998607,-0.010312419175216147,0.0105305920196465,0.04,0.8492309488143115,0.5510204081632653,14.0,0.0,1,0.010178141953668174,0,0,0,0,0,0,0,0,1,0,0,0,0,0
2026-02-25,KKP,-0.01618121023477581,0.006189510557097311,0.020182199259822592,0.06,0.6442502814112808,0.4081632653061224,3.0,0.0,1,0.006578918132522205,0,0,0,0,0,0,0,0,1,0,0,0,0,0
2026-02-25,KTB,0.0074626938267872145,0.006140197301360395,0.016397696537480005,0.46,0.750245974679521,0.3673469387755101,2.0,0.0,1,0.02962959789053765,0,0,0,0,0,0,0,0,1,0,0,0,0,0
2026-02-25,KTC,0.007575716648724251,-0.00587094618383015,0.009712862513822682,0.48,0.3257950366470686,0.0408163265306122,3.0,0.0,1,0.0075188176075460245,1,0,0,0,0,0,0,0,0,0,0,0,0,0
2026-02-25,LH,0.013824850797204746,7.091887924941531e-05,0.01329395853547777,0.6,0.2735033172691258,0.0,1.0,0.0,0,-0.0045454062056593525,0,1,0,0,0,0,0,0,0,0,0,0,0,0
2026-02-25,MINT,0.009523793999637098,0.000179743436887847,0.020998566480627548,0.56,0.4943019943019943,0.2040816326530612,0.0,0.0,0,-0.009433947031505574,1,0,0,0,0,0,0,0,0,0,0,0,0,0
2026-02-25,MTC,0.04827585034273851,-0.004697265635521641,0.03491705604546111,0.92,0.2887361173649064,0.0,1.0,0.0,0,-0.006578931361846951,0,0,1,0,0,0,0,0,0,0,0,0,0,0
2026-02-25,OR,-0.007299228407856018,-0.008497442147635592,0.01329675739047619,0.18,0.6153782616814699,0.2857142857142857,6.0,0.0,0,0.0,0,0,0,0,0,0,0,0,0,0,0,1,0,0
2026-02-25,OSP,0.005405478134574926,-0.001052321964629188,0.006970590514626985,0.44,0.338970421015203,0.0612244897959183,0.0,0.0,0,-0.03763449074891212,0,0,0,0,0,0,0,0,0,1,0,0,0,0
2026-02-25,PTT,0.013605517916484677,0.005618142660508463,0.020147343499934262,0.58,0.7728921116235123,0.4285714285714285,6.0,0.0,0,0.0,0,0,0,0,0,0,1,0,0,0,0,0,0,0
2026-02-25,PTTEP,-0.00366300366300365,0.008613833909243019,0.022230908522863805,0.22,0.6813255353395934,0.4489795918367346,4.0,0.0,0,-0.014705882352941124,0,0,0,0,0,0,1,0,0,0,0,0,0,0
2026-02-25,PTTGC,0.05607476635514019,0.011366061182196097,0.03022652985391628,0.94,0.6382595769495901,0.4693877551020408,0.0,0.0,0,-0.026548672566371723,0,0,0,0,0,0,1,0,0,0,0,0,0,0
2026-02-25,RATCH,-0.007751924783169217,0.001736912962077719,0.020495888943912948,0.16,0.2677087625191304,0.0,1.0,0.0,0,-0.007812486591596723,0,0,0,1,0,0,0,0,0,0,0,0,0,0
2026-02-25,SAWAD,0.017391355326915825,-0.006539935615467241,0.0199744203075396,0.72,0.3498375384972611,0.0816326530612244,0.0,0.0,0,-0.008547066289687821,0,0,0,0,0,0,0,0,0,1,0,0,0,0
2026-02-25,SCB,-0.0033898473678974916,2.7610512522824316e-05,0.008310599930887966,0.24,0.7988495394135452,0.4693877551020408,16.0,0.0,1,0.010204132555577727,0,0,0,0,0,0,0,0,1,0,0,0,0,0
2026-02-25,SCC,0.02702702514666111,0.006322655843107761,0.01297452410391756,0.88,0.6673911126530135,0.4489795918367346,0.0,0.0,0,-0.013157927716821005,0,0,0,0,0,0,1,0,0,0,0,0,0,0
2026-02-25,SCGP,0.004739301179370381,0.006094796667300728,0.028994520491558665,0.4,0.5128534376254641,0.3469387755102041,0.0,0.0,0,-0.023584913865834944,0,0,0,0,0,0,1,0,0,0,0,0,0,0
2026-02-25,TCAP,-0.008130061906456265,0.0009116391924294919,0.014975675898104649,0.12,0.3602260403234661,0.1020408163265306,1.0,0.0,0,0.0,0,0,0,0,0,0,0,0,1,0,0,0,0,0
2026-02-25,TIDLOR,0.040816347168710854,0.007298817145412117,0.027046529211209074,0.9,0.2781370028253271,0.0,0.0,0.0,0,0.0,0,0,0,0,1,0,0,0,0,0,0,0,0,0
2026-02-25,TISCO,0.008733596275943611,0.0008771568311684242,0.004778392868176244,0.54,0.6406867342025374,0.4081632653061224,2.0,0.0,1,0.004328990482812545,0,0,0,0,0,0,0,0,1,0,0,0,0,0
2026-02-25,TLI,0.008695675118474133,-0.0033311205744150476,0.01424226613847146,0.52,0.299872962494744,0.0,0.0,0.0,0,-0.008620712205842374,0,0,0,0,0,1,0,0,0,0,0,0,0,0
2026-02-25,TOP,0.0,0.01727858082783871,0.01905186783852832,0.31,0.7386039040525615,0.5102040816326531,5.0,0.0,0,-0.027649769585253448,0,0,0,0,0,0,1,0,0,0,0,0,0,0
2026-02-25,TRUE,0.0,0.012950988202171932,0.019219829919415784,0.31,0.7259234069997916,0.5510204081632653,3.0,0.0,1,0.00684933602269111,1,0,0,0,0,0,0,0,0,0,0,0,0,0
2026-02-25,TTB,0.0,0.010733471413275719,0.011796529802608447,0.31,0.389142793520201,0.2448979591836734,18.0,0.0,1,0.008620738992554111,0,0,0,0,0,0,0,0,1,0,0,0,0,0
2026-02-25,TU,0.0,-0.0014084714520125497,0.022846265056142134,0.31,0.2779194133981291,0.0,0.0,0.0,1,0.008130088436194338,0,0,0,0,0,0,0,0,0,0,1,0,0,0
2026-02-25,WHA,0.022321338871890584,0.010994526297452322,0.0207090217472955,0.82,0.2667685974671863,0.0204081632653061,0.0,0.0,0,-0.043668058019017075,1,0,0,0,0,0,0,0,0,0,0,0,0,0
2026-02-26,ADVANC,0.0,0.0071539085452590355,0.013779158525617213,0.46,0.8340338761433772,0.5306122448979591,6.0,0.0,1,0.009054950198543743,1,0,0,0,0,0,0,0,0,0,0,0,0,0
2026-02-26,AOT,0.023474178403755763,-0.0058808904569980225,0.03213014558450688,0.86,0.5714144407022494,0.3877551020408163,2.0,0.0,0,0.0,0,0,0,0,0,0,1,0,0,0,0,0,0,0
2026-02-26,AWC,-0.015624971277626298,-0.01737792906161979,0.03966489004562513,0.16,0.26474316484215,0.0,0.0,0.0,0,-0.007936493115792476,0,0,0,0,0,0,0,1,0,0,0,0,0,0
2026-02-26,BANPU,-0.03305786266453403,-0.009711556999764715,0.024473489044166415,0.08,0.5168610876183813,0.3469387755102041,0.0,0.0,0,-0.025641055830145754,0,0,0,0,0,0,1,0,0,0,0,0,0,0
2026-02-26,BBL,0.026162729220606362,0.0077776540329477,0.024911211930668465,0.9,0.8021884428957072,0.4897959183673469,3.0,0.0,1,0.005665729580935253,0,0,0,0,0,0,0,0,1,0,0,0,0,0
2026-02-26,BDMS,0.018691546539012727,-0.004402435268630822,0.017472314221268746,0.82,0.6121736045413307,0.4081632653061224,3.0,0.0,0,-0.00458707786667234,0,0,0,0,0,0,1,0,0,0,0,0,0,0
2026-02-26,BEM,0.0420168870130484,0.0020015783366559734,0.03089460310368421,0.96,0.3153698175379232,0.0204081632653061,0.0,0.0,1,0.016129093454646082,0,0,0,0,0,0,0,0,0,1,0,0,0,0
2026-02-26,BH,0.06005217043483935,0.009474343096250282,0.030550307446014096,1.0,0.5733025950300475,0.4693877551020408,3.0,0.0,1,0.04926106657620366,0,0,0,0,0,0,1,0,0,0,0,0,0,0
2026-02-26,BJC,0.018867957033918303,-0.009382792393069272,0.022863708368791764,0.84,0.3859487784668349,0.1020408163265306,1.0,0.0,0,-0.01234569988757972,0,0,0,0,0,0,0,0,0,1,0,0,0,0
2026-02-26,BTS,0.0,-0.016404536143814652,0.037439475502144375,0.46,0.3820598396963626,0.0816326530612244,4.0,0.0,0,-0.03252029368516418,0,0,0,0,0,0,0,0,0,1,0,0,0,0
2026-02-26,CBG,0.005434811452099231,-0.006256034264268018,0.016358122858879144,0.56,0.4037334379706352,0.1428571428571428,0.0,0.0,0,-0.016216218027798712,0,0,0,0,0,0,0,0,0,1,0,0,0,0
2026-02-26,CCET,0.01769912417227948,0.01927924337456379,0.04880104799138156,0.8,0.2944691120222417,0.0408163265306122,0.0,0.0,0,-0.026086969741682675,0,0,0,0,0,0,0,0,0,0,0,1,0,0
2026-02-26,CENTEL,0.012738861733023521,0.007190557172751233,0.04430501675206002,0.74,0.2958173008031775,0.0,2.0,0.0,1,0.012578624376302194,0,0,0,0,0,0,0,0,0,0,0,0,1,0
2026-02-26,COM7,0.01652897013535304,-0.0031069011386247957,0.016825302420834114,0.78,0.5390811125917591,0.3469387755102041,0.0,0.0,0,-0.02032519596163407,0,0,0,0,0,0,1,0,0,0,0,0,0,0
2026-02-26,CPALL,0.038647391769925044,-0.0023654919796973982,0.031700875231496374,0.94,0.4825031688955927,0.183673469387755,2.0,0.0,0,-0.03720934753811622,0,0,0,0,0,0,0,0,0,1,0,0,0,0
2026-02-26,CPF,0.02358487169411605,-0.0007853733755353254,0.01832710413747468,0.88,0.7091921123853364,0.4897959183673469,6.0,0.0,0,-0.03225809036927951,0,0,0,0,0,0,1,0,0,0,0,0,0,0
2026-02-26,CPN,0.00729921436749037,0.01366679215835478,0.014837518717907984,0.62,0.2998494178860543,0.0204081632653061,4.0,0.0,1,0.014492758614197854,0,0,0,0,0,0,0,0,0,0,0,1,0,0
2026-02-26,CRC,-0.004739372823635124,-0.008317212632910232,0.010000852033344651,0.36,0.1885120701342117,0.1224489795918367,0.0,0.0,0,-0.019047573200648538,0,0,0,0,0,0,0,0,0,1,0,0,0,0
2026-02-26,DELTA,0.043707635155560975,0.03352854970780481,0.036086068123381304,0.98,0.7549857549857552,0.5102040816326531,10.0,0.0,1,0.0072202166064982976,0,0,0,0,0,0,0,0,0,0,0,1,0,0
2026-02-26,EGCO,-0.007999961303985392,-0.002306215020751301,0.015537326885123059,0.3,0.2641362307564376,0.0,0.0,0.0,0,-0.004032270065587373,0,0,0,0,0,0,0,0,0,0,0,0,0,1
2026-02-26,GPSC,0.0,-0.004562899944727939,0.022334183942500783,0.46,0.3084218345695337,0.0408163265306122,1.0,0.0,1,0.011627906976744207,0,0,0,0,0,0,1,0,0,0,0,0,0,0
2026-02-26,GULF,-0.012000004379986828,0.0051019446087064105,0.02092522669953522,0.22,0.824860649548974,0.5306122448979591,19.0,0.0,1,0.00404860622292702,1,0,0,0,0,0,0,0,0,0,0,0,0,0
2026-02-26,HMPRO,0.01379307102727445,-0.003839926516754044,0.021869651538898274,0.76,0.3412017927251844,0.0816326530612244,0.0,0.0,1,0.006802738918104678,0,0,0,0,0,0,0,0,0,1,0,0,0,0
2026-02-26,IVL,-0.03404260607814491,-0.004181029426551875,0.020349298328445134,0.06,0.6190346064901138,0.4489795918367346,0.0,0.0,1,0.008810480347559047,0,0,0,0,0,0,1,0,0,0,0,0,0,0
2026-02-26,KBANK,0.010178141953668174,-0.006344434665919096,0.01400257773249717,0.7,0.8492309488143115,0.5510204081632653,16.0,0.0,1,0.012594447889940241,0,0,0,0,0,0,0,0,1,0,0,0,0,0
2026-02-26,KKP,0.006578918132522205,0.008861220399356462,0.01887821167334933,0.58,0.6442502814112808,0.4081632653061224,3.0,0.0,1,0.016339954815450808,0,0,0,0,0,0,0,0,1,0,0,0,0,0
2026-02-26,KTB,0.02962959789053765,0.012066116879467926,0.018801629649111216,0.92,0.750245974679521,0.3673469387755101,1.0,0.0,0,-0.014388503545459175,0,0,0,0,0,0,0,0,1,0,0,0,0,0
2026-02-26,KTC,0.0075188176075460245,-0.002907336419258355,0.011299221819710104,0.64,0.3257950366470686,0.0408163265306122,4.0,0.0,0,-0.0074627068756891735,1,0,0,0,0,0,0,0,0,0,0,0,0,0
2026-02-26,LH,-0.0045454062056593525,-0.0026563472331039505,0.012345823083345458,0.38,0.2735033172691258,0.0,2.0,0.0,0,-0.004566161263402035,0,1,0,0,0,0,0,0,0,0,0,0,0,0
2026-02-26,MINT,-0.009433947031505574,-0.003593850054445391,0.02061152917436368,0.24,0.4943019943019943,0.2040816326530612,0.0,0.0,0,-0.009523793999637098,1,0,0,0,0,0,0,0,0,0,0,0,0,0
2026-02-26,MTC,-0.006578931361846951,-0.007295100024057466,0.03436285591134518,0.34,0.2887361173649064,0.0,1.0,0.0,0,-0.01986750101102397,0,0,1,0,0,0,0,0,0,0,0,0,0,0
2026-02-26,OR,0.0,-0.011256060984324811,0.007818306275965256,0.46,0.6153782616814699,0.2857142857142857,6.0,0.0,0,-0.014705938038939936,0,0,0,0,0,0,0,0,0,0,0,1,0,0
2026-02-26,OSP,-0.03763449074891212,-0.0096487322172488,0.01674934147625536,0.04,0.338970421015203,0.0612244897959183,0.0,0.0,0,-0.03910601495814814,0,0,0,0,0,0,0,0,0,1,0,0,0,0
2026-02-26,PTT,0.0,-0.0012784143539569027,0.012085582862859757,0.46,0.7728921116235123,0.4285714285714285,6.0,0.0,0,-0.006711392934230842,0,0,0,0,0,0,1,0,0,0,0,0,0,0
2026-02-26,PTTEP,-0.014705882352941124,-0.0017347499687526025,0.017156033371041362,0.18,0.6813255353395934,0.4489795918367346,4.0,0.0,1,0.02238805970149249,0,0,0,0,0,0,1,0,0,0,0,0,0,0
2026-02-26,PTTGC,-0.026548672566371723,0.002386608833508852,0.03405947351197868,0.12,0.6382595769495901,0.4693877551020408,0.0,0.0,1,0.027272727272727337,0,0,0,0,0,0,1,0,0,0,0,0,0,0
2026-02-26,RATCH,-0.007812486591596723,-0.0014003847817698478,0.02052218212780222,0.32,0.2677087625191304,0.0,1.0,0.0,0,-0.023622068161122445,0,0,0,1,0,0,0,0,0,0,0,0,0,0
2026-02-26,SAWAD,-0.008547066289687821,-0.009902239847503425,0.01819507497667819,0.28,0.3498375384972611,0.0816326530612244,0.0,0.0,0,-0.008620681592471202,0,0,0,0,0,0,0,0,0,1,0,0,0,0
2026-02-26,SCB,0.010204132555577727,2.7610512522824316e-05,0.008310599930887966,0.72,0.7988495394135452,0.4693877551020408,15.0,0.0,0,0.0,0,0,0,0,0,0,0,0,1,0,0,0,0,0
2026-02-26,SCC,-0.013157927716821005,0.0027860859669659455,0.015708896827153512,0.2,0.6673911126530135,0.4489795918367346,0.0,0.0,0,0.0,0,0,0,0,0,0,1,0,0,0,0,0,0,0
2026-02-26,SCGP,-0.023584913865834944,-0.007360041676085949,0.0219380132518884,0.14,0.5128534376254641,0.3469387755102041,0.0,0.0,0,-0.004830882088876387,0,0,0,0,0,0,1,0,0,0,0,0,0,0
2026-02-26,TCAP,0.0,-0.0023805469808741986,0.012267249486672951,0.46,0.3602260403234661,0.1020408163265306,1.0,0.0,0,-0.004098350798937944,0,0,0,0,0,0,0,0,1,0,0,0,0,0
2026-02-26,TIDLOR,0.0,0.002222672459794106,0.025117424937934604,0.46,0.2781370028253271,0.0,0.0,0.0,0,-0.024509815828545167,0,0,0,0,1,0,0,0,0,0,0,0,0,0
2026-02-26,TISCO,0.004328990482812545,0.001742954927730933,0.0049681453617686005,0.54,0.6406867342025374,0.4081632653061224,2.0,0.0,0,-0.012930993301502158,0,0,0,0,0,0,0,0,1,0,0,0,0,0
2026-02-26,TLI,-0.008620712205842374,-0.0033603432575175286,0.014255601711957295,0.26,0.299872962494744,0.0,0.0,0.0,0,-0.043478287638219926,0,0,0,0,0,1,0,0,0,0,0,0,0,0
2026-02-26,TOP,-0.027649769585253448,0.0028816233897785313,0.020627885585675784,0.1,0.7386039040525615,0.5102040816326531,3.0,0.0,1,0.03791469194312791,0,0,0,0,0,0,1,0,0,0,0,0,0,0
2026-02-26,TRUE,0.00684933602269111,0.014320855406710154,0.018287474071350725,0.6,0.7259234069997916,0.5510204081632653,4.0,0.0,0,-0.013605483517022843,1,0,0,0,0,0,0,0,0,0,0,0,0,0
2026-02-26,TTB,0.008620738992554111,0.0070030879818693045,0.007381948681556296,0.68,0.389142793520201,0.2448979591836734,17.0,0.0,1,0.008546951966464045,0,0,0,0,0,0,0,0,1,0,0,0,0,0
2026-02-26,TU,0.008130088436194338,-0.004621167654648128,0.019181500528077756,0.66,0.2779194133981291,0.0,0.0,0.0,0,0.0,0,0,0,0,0,0,0,0,0,0,1,0,0,0
2026-02-26,WHA,-0.043668058019017075,-0.0005040555795035262,0.03175828547472836,0.02,0.2667685974671863,0.0204081632653061,1.0,0.0,0,-0.004566236711195493,1,0,0,0,0,0,0,0,0,0,0,0,0,0
2026-02-27,ADVANC,0.009054950198543743,0.011016176934032807,0.00981542989788223,0.8,0.8340338761433772,0.5306122448979591,9.0,0.0,0,-0.03947368421052633,1,0,0,0,0,0,0,0,0,0,0,0,0,0
2026-02-27,AOT,0.0,-0.006769779345886917,0.031833185261542475,0.63,0.5714144407022494,0.3877551020408163,2.0,0.0,0,-0.05504587155963303,0,0,0,0,0,0,1,0,0,0,0,0,0,0
2026-02-27,AWC,-0.007936493115792476,-0.003023192846776901,0.01914911016412601,0.42,0.26474316484215,0.0,0.0,0.0,0,-0.09600001743649966,0,0,0,0,0,0,0,1,0,0,0,0,0,0
2026-02-27,BANPU,-0.025641055830145754,-0.014839768165793864,0.02461579020055133,0.14,0.5168610876183813,0.3469387755102041,0.0,0.0,0,-0.02631573496123496,0,0,0,0,0,0,1,0,0,0,0,0,0,0
2026-02-27,BBL,0.005665729580935253,0.0006755145920791739,0.01672613374154521,0.7,0.8021884428957072,0.4897959183673469,3.0,0.0,0,-0.019718334780619906,0,0,0,0,0,0,0,0,1,0,0,0,0,0
2026-02-27,BDMS,-0.00458707786667234,-0.002629260736535066,0.016759538954166806,0.5,0.6121736045413307,0.4081632653061224,3.0,0.0,0,-0.046082888937470146,0,0,0,0,0,0,1,0,0,0,0,0,0,0
2026-02-27,BEM,0.016129093454646082,0.010105448140411366,0.027352331991614173,0.9,0.3153698175379232,0.0204081632653061,0.0,0.0,0,-0.0555556852070358,0,0,0,0,0,0,0,0,0,1,0,0,0,0
2026-02-27,BH,0.04926106657620366,0.022934807550942016,0.030221018397007082,1.0,0.5733025950300475,0.4693877551020408,3.0,0.0,0,-0.13145538559392433,0,0,0,0,0,0,1,0,0,0,0,0,0,0
2026-02-27,BJC,-0.01234569988757972,-0.004793108164147175,0.018186894346362788,0.36,0.3859487784668349,0.1020408163265306,1.0,0.0,0,-0.06249998471401641,0,0,0,0,0,0,0,0,0,1,0,0,0,0
2026-02-27,BTS,-0.03252029368516418,-0.007983218559815097,0.02303334802173183,0.08,0.3820598396963626,0.0816326530612244,3.0,0.0,0,-0.0840336294398446,0,0,0,0,0,0,0,0,0,1,0,0,0,0
2026-02-27,CBG,-0.016216218027798712,-0.005310790330975435,0.015406168555909492,0.26,0.4037334379706352,0.1428571428571428,0.0,0.0,0,-0.09340657562451948,0,0,0,0,0,0,0,0,0,1,0,0,0,0
2026-02-27,CCET,-0.026086969741682675,0.021680882773131026,0.045452173045873845,0.12,0.2944691120222417,0.0408163265306122,0.0,0.0,0,-0.09821425009587237,0,0,0,0,0,0,0,0,0,0,0,1,0,0
2026-02-27,CENTEL,0.012578624376302194,0.020095879541416783,0.029793728855601845,0.84,0.2958173008031775,0.0,2.0,0.0,0,-0.09937894459543783,0,0,0,0,0,0,0,0,0,0,0,0,1,0
2026-02-27,COM7,-0.02032519596163407,-0.003971947774958728,0.017740210792995294,0.2,0.5390811125917591,0.3469387755102041,0.0,0.0,0,-0.037344434594088316,0,0,0,0,0,0,1,0,0,0,0,0,0,0
2026-02-27,CPALL,-0.03720934753811622,-0.0015504778215946092,0.030478977030915757,0.06,0.4825031688955927,0.183673469387755,2.0,0.0,0,-0.033816429554841654,0,0,0,0,0,0,0,0,0,1,0,0,0,0
2026-02-27,CPF,-0.03225809036927951,-0.004484698034054091,0.02289791953892876,0.1,0.7091921123853364,0.4897959183673469,6.0,0.0,0,-0.028571425942340967,0,0,0,0,0,0,1,0,0,0,0,0,0,0
2026-02-27,CPN,0.014492758614197854,0.01811573195407048,0.008993923476343047,0.88,0.2998494178860543,0.0204081632653061,4.0,0.0,0,-0.04285715740542617,0,0,0,0,0,0,0,0,0,0,0,1,0,0
2026-02-27,CRC,-0.019047573200648538,-0.00938701692773356,0.01096046973102015,0.24,0.1885120701342117,0.1224489795918367,0.0,0.0,0,-0.03883505246311547,0,0,0,0,0,0,0,0,0,1,0,0,0,0
2026-02-27,DELTA,0.0072202166064982976,0.036667503780148006,0.03196646593355213,0.74,0.7549857549857552,0.5102040816326531,12.0,0.0,0,-0.043010752688172005,0,0,0,0,0,0,0,0,0,0,0,1,0,0
2026-02-27,EGCO,-0.004032270065587373,7.457902070648892e-05,0.013734035124879586,0.58,0.2641362307564376,0.0,1.0,0.0,0,-0.03643729226836978,0,0,0,0,0,0,0,0,0,0,0,0,0,1
2026-02-27,GPSC,0.011627906976744207,0.005540452010044783,0.01192419468395643,0.82,0.3084218345695337,0.0408163265306122,2.0,0.0,0,-0.12643678160919536,0,0,0,0,0,0,1,0,0,0,0,0,0,0
2026-02-27,GULF,0.00404860622292702,0.005911665853291814,0.020756094829005946,0.68,0.824860649548974,0.5306122448979591,21.0,0.0,0,-0.021276595744680882,1,0,0,0,0,0,0,0,0,0,0,0,0,0
2026-02-27,HMPRO,0.006802738918104678,0.004187291885136691,0.014442554949007374,0.72,0.3412017927251844,0.0816326530612244,0.0,0.0,0,-0.047297286923977944,0,0,0,0,0,0,0,0,0,1,0,0,0,0
2026-02-27,IVL,0.008810480347559047,-0.0006947968634428925,0.020884656386342213,0.78,0.6190346064901138,0.4489795918367346,0.0,0.0,0,-0.08733618183926695,0,0,0,0,0,0,1,0,0,0,0,0,0,0
2026-02-27,KBANK,0.012594447889940241,-0.0038255450879310484,0.01636302333252122,0.86,0.8492309488143115,0.5510204081632653,16.0,0.0,0,-0.019900464834235465,0,0,0,0,0,0,0,0,1,0,0,0,0,0
2026-02-27,KKP,0.016339954815450808,0.010081427919130003,0.01918421481273634,0.92,0.6442502814112808,0.4081632653061224,3.0,0.0,0,-0.03215440302380479,0,0,0,0,0,0,0,0,1,0,0,0,0,0
2026-02-27,KTB,-0.014388503545459175,0.0030815526827580263,0.018501119228163023,0.3,0.750245974679521,0.3673469387755101,1.0,0.0,0,-0.021897772888717415,0,0,0,0,0,0,0,0,1,0,0,0,0,0
2026-02-27,KTC,-0.0074627068756891735,-0.0014587051793045758,0.009769124337875286,0.44,0.3257950366470686,0.0408163265306122,4.0,0.0,0,-0.05263154046591412,1,0,0,0,0,0,0,0,0,0,0,0,0,0
2026-02-27,LH,-0.004566161263402035,-0.001767774685704837,0.011927074998524538,0.54,0.2735033172691258,0.0,3.0,0.0,0,-0.07798171822642874,0,1,0,0,0,0,0,0,0,0,0,0,0,0
2026-02-27,MINT,-0.009523793999637098,0.001978028698180334,0.010458922839840719,0.38,0.4943019943019943,0.2040816326530612,0.0,0.0,0,-0.084615454817065,1,0,0,0,0,0,0,0,0,0,0,0,0,0
2026-02-27,MTC,-0.01986750101102397,-0.003625287249160025,0.031055652118094537,0.22,0.2887361173649064,0.0,1.0,0.0,0,-0.08108108670890957,0,0,1,0,0,0,0,0,0,0,0,0,0,0
2026-02-27,OR,-0.014705938038939936,-0.010115618643383794,0.006444795021325744,0.28,0.6153782616814699,0.2857142857142857,7.0,0.0,0,-0.07462686779611127,0,0,0,0,0,0,0,0,0,0,0,1,0,0
2026-02-27,OSP,-0.03910601495814814,-0.015342288721547881,0.021370723121876843,0.04,0.338970421015203,0.0612244897959183,0.0,0.0,0,-0.06395354336029391,0,0,0,0,0,0,0,0,0,1,0,0,0,0
2026-02-27,PTT,-0.006711392934230842,4.596722866987424e-05,0.010719984696152342,0.46,0.7728921116235123,0.4285714285714285,5.0,0.0,0,-0.006756847435830382,0,0,0,0,0,0,1,0,0,0,0,0,0,0
2026-02-27,PTTEP,0.02238805970149249,0.007028580770086989,0.015711465159786747,0.94,0.6813255353395934,0.4489795918367346,2.0,0.0,1,0.03649635036496357,0,0,0,0,0,0,1,0,0,0,0,0,0,0
2026-02-27,PTTGC,0.027272727272727337,0.013246556665129371,0.03084094849506722,0.96,0.6382595769495901,0.4693877551020408,0.0,0.0,0,-0.06194690265486724,0,0,0,0,0,0,1,0,0,0,0,0,0,0
2026-02-27,RATCH,-0.023622068161122445,-0.006124798413994337,0.02272048388008153,0.18,0.2677087625191304,0.0,2.0,0.0,0,-0.00806450235188283,0,0,0,1,0,0,0,0,0,0,0,0,0,0
2026-02-27,SAWAD,-0.008620681592471202,-0.005069005364660017,0.013089872632528837,0.4,0.3498375384972611,0.0816326530612244,0.0,0.0,0,-0.07826086311958536,0,0,0,0,0,0,0,0,0,1,0,0,0,0
2026-02-27,SCB,0.0,0.0007010145125482925,0.00810052723796166,0.63,0.7988495394135452,0.4693877551020408,18.0,0.0,0,-0.01683499022201851,0,0,0,0,0,0,0,0,1,0,0,0,0,0
2026-02-27,SCC,0.0,0.004587887643410005,0.014486919410346967,0.63,0.6673911126530135,0.4489795918367346,1.0,0.0,0,-0.03555555433518409,0,0,0,0,0,0,1,0,0,0,0,0,0,0
2026-02-27,SCGP,-0.004830882088876387,-0.0008843585525209807,0.01441225090688781,0.48,0.5128534376254641,0.3469387755102041,0.0,0.0,0,-0.0776699843280052,0,0,0,0,0,0,1,0,0,0,0,0,0,0
2026-02-27,TCAP,-0.004098350798937944,-0.005629361010961564,0.009234529133379882,0.56,0.3602260403234661,0.1020408163265306,1.0,0.0,0,-0.03292179646394233,0,0,0,0,0,0,0,0,1,0,0,0,0,0
2026-02-27,TIDLOR,-0.024509815828545167,-0.002679290705914927,0.02789748906659856,0.16,0.2781370028253271,0.0,0.0,0.0,0,-0.07537692196061274,0,0,0,0,1,0,0,0,0,0,0,0,0,0
2026-02-27,TISCO,-0.012930993301502158,-0.0008432437325694986,0.00833028541744015,0.34,0.6406867342025374,0.4081632653061224,2.0,0.0,0,-0.008733666415170815,0,0,0,0,0,0,0,0,1,0,0,0,0,0
2026-02-27,TLI,-0.043478287638219926,-0.013765407075709567,0.020852013357342963,0.02,0.299872962494744,0.0,0.0,0.0,0,-0.036363549427134045,0,0,0,0,0,1,0,0,0,0,0,0,0,0
2026-02-27,TOP,0.03791469194312791,0.010464561778404113,0.025659043341566847,0.98,0.7386039040525615,0.5102040816326531,3.0,0.0,0,-0.04109589041095896,0,0,0,0,0,0,1,0,0,0,0,0,0,0
2026-02-27,TRUE,-0.013605483517022843,0.011599758703305586,0.021653513002502674,0.32,0.7259234069997916,0.5510204081632653,4.0,0.0,0,-0.03448273091083953,1,0,0,0,0,0,0,0,0,0,0,0,0,0
2026-02-27,TTB,0.008546951966464045,0.005172657099373801,0.004722260733032883,0.76,0.389142793520201,0.2448979591836734,17.0,0.0,0,-0.02542366612436986,0,0,0,0,0,0,0,0,1,0,0,0,0,0
2026-02-27,TU,0.0,0.0016780502981663004,0.011962575684755871,0.63,0.2779194133981291,0.0,0.0,0.0,0,-0.03734438192051959,0,0,0,0,0,0,0,0,0,0,1,0,0,0
2026-02-27,WHA,-0.004566236711195493,-0.0032354729509025846,0.0313109033747139,0.52,0.2667685974671863,0.0204081632653061,1.0,0.0,0,-0.05504585603421008,1,0,0,0,0,0,0,0,0,0,0,0,0,0
2026-03-02,ADVANC,-0.03947368421052633,0.0020851810330999145,0.025008685751423662,0.56,0.8340338761433772,0.5306122448979591,8.0,0.0,0,-0.013698630136986356,1,0,0,0,0,0,0,0,0,0,0,0,0,0
2026-03-02,AOT,-0.05504587155963303,-0.007159484631264856,0.03254606394109007,0.4,0.5714144407022494,0.3877551020408163,2.0,0.0,0,-0.058252427184465994,0,0,0,0,0,0,1,0,0,0,0,0,0,0
2026-03-02,AWC,-0.09600001743649966,-0.017498795638200403,0.046474232674531976,0.1,0.26474316484215,0.0,0.0,0.0,0,-0.07964608849738297,0,0,0,0,0,0,0,1,0,0,0,0,0,0
2026-03-02,BANPU,-0.02631573496123496,-0.013598847645972079,0.023638656739979058,0.8,0.5168610876183813,0.3469387755102041,0.0,0.0,1,0.027026969528142875,0,0,0,0,0,0,1,0,0,0,0,0,0,0
2026-03-02,BBL,-0.019718334780619906,-0.00044329002663079375,0.01809468026264444,0.9,0.8021884428957072,0.4897959183673469,2.0,0.0,0,-0.031609144063293404,0,0,0,0,0,0,0,0,1,0,0,0,0,0
2026-03-02,BDMS,-0.046082888937470146,-0.006391296332596141,0.024154100012954483,0.48,0.6121736045413307,0.4081632653061224,3.0,0.0,0,-0.05797106839818711,0,0,0,0,0,0,1,0,0,0,0,0,0,0
2026-03-02,BEM,-0.0555556852070358,0.005660986478250552,0.03646329310448037,0.38,0.3153698175379232,0.0204081632653061,0.0,0.0,0,-0.06722682154047555,0,0,0,0,0,0,0,0,0,1,0,0,0,0
2026-03-02,BH,-0.13145538559392433,-0.0012565394783990546,0.07655989335470181,0.02,0.5733025950300475,0.4693877551020408,3.0,0.0,0,-0.062162114478176544,0,0,0,0,0,0,1,0,0,0,0,0,0,0
2026-03-02,BJC,-0.06249998471401641,-0.011195545513535566,0.030773214817727552,0.34,0.3859487784668349,0.1020408163265306,1.0,0.0,0,-0.08000000521761563,0,0,0,0,0,0,0,0,0,1,0,0,0,0
2026-03-02,BTS,-0.0840336294398446,-0.018338337746914533,0.041171581132790236,0.18,0.3820598396963626,0.0816326530612244,1.0,0.0,0,-0.04587162384811294,0,0,0,0,0,0,0,0,0,1,0,0,0,0
2026-03-02,CBG,-0.09340657562451948,-0.02078354886288687,0.043005989571071525,0.12,0.4037334379706352,0.1428571428571428,0.0,0.0,0,-0.06666664161559144,0,0,0,0,0,0,0,0,0,1,0,0,0,0
2026-03-02,CCET,-0.09821425009587237,5.785301563014933e-05,0.07099629905779421,0.08,0.2944691120222417,0.0408163265306122,0.0,0.0,0,-0.11683173934576785,0,0,0,0,0,0,0,0,0,0,0,1,0,0
2026-03-02,CENTEL,-0.09937894459543783,0.0029598184066498058,0.06167375107125617,0.06,0.2958173008031775,0.0,2.0,0.0,0,-0.08965518131999517,0,0,0,0,0,0,0,0,0,0,0,0,1,0
2026-03-02,COM7,-0.037344434594088316,-0.011440834693776391,0.022791914488778566,0.6,0.5390811125917591,0.3469387755102041,0.0,0.0,0,-0.05172419009263085,0,0,0,0,0,0,1,0,0,0,0,0,0,0
2026-03-02,CPALL,-0.033816429554841654,-0.004486007751817333,0.03318331190021591,0.72,0.4825031688955927,0.183673469387755,2.0,0.0,0,-0.035000004749885294,0,0,0,0,0,0,0,0,0,1,0,0,0,0
2026-03-02,CPF,-0.028571425942340967,-0.007408303690941853,0.025224173501927058,0.78,0.7091921123853364,0.4897959183673469,7.0,0.0,0,-0.05392162666941236,0,0,0,0,0,0,1,0,0,0,0,0,0,0
2026-03-02,CPN,-0.04285715740542617,0.0048567990226559225,0.027990793442317956,0.52,0.2998494178860543,0.0204081632653061,4.0,0.0,0,-0.04104476112135813,0,0,0,0,0,0,0,0,0,0,0,1,0,0
2026-03-02,CRC,-0.03883505246311547,-0.012524399697479826,0.01665180215845452,0.58,0.1885120701342117,0.1224489795918367,0.0,0.0,0,-0.07575755100273629,0,0,0,0,0,0,0,0,0,1,0,0,0,0
2026-03-02,DELTA,-0.043010752688172005,0.016099534126652416,0.04411456142236024,0.5,0.7549857549857552,0.5102040816326531,11.0,0.0,0,-0.10486891385767794,0,0,0,0,0,0,0,0,0,0,0,1,0,0
2026-03-02,EGCO,-0.03643729226836978,-0.006403160414088616,0.02156852754922576,0.64,0.2641362307564376,0.0,2.0,0.0,0,-0.06722683087029213,0,0,0,0,0,0,0,0,0,0,0,0,0,1
2026-03-02,GPSC,-0.12643678160919536,-0.022059045957462553,0.05945971523646267,0.04,0.3084218345695337,0.0408163265306122,3.0,0.0,0,-0.09868421052631582,0,0,0,0,0,0,1,0,0,0,0,0,0,0
2026-03-02,GULF,-0.021276595744680882,0.001656346704355638,0.02417114478290724,0.86,0.824860649548974,0.5306122448979591,21.0,0.0,0,-0.060869565217391286,1,0,0,0,0,0,0,0,0,0,0,0,0,0
2026-03-02,HMPRO,-0.047297286923977944,-0.0025135512942040085,0.027098023368595223,0.46,0.3412017927251844,0.0816326530612244,0.0,0.0,0,-0.0638298125762996,0,0,0,0,0,0,0,0,0,1,0,0,0,0
2026-03-02,IVL,-0.08733618183926695,-0.017292443516277723,0.04433015393200536,0.14,0.6190346064901138,0.4489795918367346,0.0,0.0,0,-0.10047852867817264,0,0,0,0,0,0,1,0,0,0,0,0,0,0
2026-03-02,KBANK,-0.019900464834235465,-0.0039031897221226243,0.01645672037709504,0.88,0.8492309488143115,0.5510204081632653,15.0,0.0,0,-0.03553299744376215,0,0,0,0,0,0,0,0,1,0,0,0,0,0
2026-03-02,KKP,-0.03215440302380479,0.002299201983686716,0.027120716096313342,0.76,0.6442502814112808,0.4081632653061224,2.0,0.0,0,-0.03654484872324493,0,0,0,0,0,0,0,0,1,0,0,0,0,0
2026-03-02,KTB,-0.021897772888717415,0.001664963928966068,0.020388834301378774,0.84,0.750245974679521,0.3673469387755101,0.0,0.0,0,-0.022388020681018306,0,0,0,0,0,0,0,0,1,0,0,0,0,0
2026-03-02,KTC,-0.05263154046591412,-0.008999942617066603,0.02517290364227207,0.44,0.3257950366470686,0.0408163265306122,4.0,0.0,0,-0.06349210636800318,1,0,0,0,0,0,0,0,0,0,0,0,0,0
2026-03-02,LH,-0.07798171822642874,-0.013727770977505327,0.036718387608903696,0.24,0.2735033172691258,0.0,4.0,0.0,0,-0.06965173397850954,0,1,0,0,0,0,0,0,0,0,0,0,0,0
2026-03-02,MINT,-0.084615454817065,-0.016886806611467065,0.03904104885922346,0.16,0.4943019943019943,0.2040816326530612,0.0,0.0,0,-0.11344526552897405,1,0,0,0,0,0,0,0,0,0,0,0,0,0
2026-03-02,MTC,-0.08108108670890957,-0.018517004523540347,0.04674242045689071,0.2,0.2887361173649064,0.0,0.0,0.0,0,-0.05147062989023132,0,0,1,0,0,0,0,0,0,0,0,0,0,0
2026-03-02,OR,-0.07462686779611127,-0.022204102024896623,0.029919183856465997,0.3,0.6153782616814699,0.2857142857142857,9.0,0.0,0,-0.04838705211722627,0,0,0,0,0,0,0,0,0,0,0,1,0,0
2026-03-02,OSP,-0.06395354336029391,-0.027057714186555847,0.029173235666576695,0.32,0.338970421015203,0.0612244897959183,0.0,0.0,0,-0.0683229832567851,0,0,0,0,0,0,0,0,0,1,0,0,0,0
2026-03-02,PTT,-0.006756847435830382,0.0013973152430313274,0.008845314338337395,0.98,0.7728921116235123,0.4285714285714285,7.0,0.0,0,-0.04081633756065317,0,0,0,0,0,0,1,0,0,0,0,0,0,0
2026-03-02,PTTEP,0.03649635036496357,0.011834448093684368,0.020680254095762927,1.0,0.6813255353395934,0.4489795918367346,2.0,0.0,0,-0.03169014084507038,0,0,0,0,0,0,1,0,0,0,0,0,0,0
2026-03-02,PTTGC,-0.06194690265486724,0.0008571761341559236,0.04614043163977971,0.36,0.6382595769495901,0.4693877551020408,0.0,0.0,0,-0.06792449951171875,0,0,0,0,0,0,1,0,0,0,0,0,0,0
2026-03-02,RATCH,-0.00806450235188283,-0.0030501946703013205,0.020746371343366078,0.96,0.2677087625191304,0.0,2.0,0.0,0,-0.05691059866563464,0,0,0,1,0,0,0,0,0,0,0,0,0,0
2026-03-02,SAWAD,-0.07826086311958536,-0.01902626440399089,0.03555560380575515,0.22,0.3498375384972611,0.0816326530612244,0.0,0.0,0,-0.06415098477789727,0,0,0,0,0,0,0,0,0,1,0,0,0,0
2026-03-02,SCB,-0.01683499022201851,-0.0006389464574083403,0.010530727933464093,0.92,0.7988495394135452,0.4693877551020408,18.0,0.0,0,-0.023972608857993793,0,0,0,0,0,0,0,0,1,0,0,0,0,0
2026-03-02,SCC,-0.03555555433518409,-0.0034323070482911834,0.023072493644257133,0.68,0.6673911126530135,0.4489795918367346,1.0,0.0,0,-0.11981566393872778,0,0,0,0,0,0,1,0,0,0,0,0,0,0
2026-03-02,SCGP,-0.0776699843280052,-0.019316903424872113,0.03461082026352799,0.26,0.5128534376254641,0.3469387755102041,0.0,0.0,0,-0.08421051986378003,0,0,0,0,0,0,1,0,0,0,0,0,0,0
2026-03-02,TCAP,-0.03292179646394233,-0.008213717258555154,0.01454366664201503,0.74,0.3602260403234661,0.1020408163265306,1.0,0.0,0,-0.042553223080902924,0,0,0,0,0,0,0,0,1,0,0,0,0,0
2026-03-02,TIDLOR,-0.07537692196061274,-0.017754675098037475,0.04258670714961976,0.28,0.2781370028253271,0.0,0.0,0.0,0,-0.04891296210138718,0,0,0,0,1,0,0,0,0,0,0,0,0,0
2026-03-02,TISCO,-0.008733666415170815,-0.0017204145915833634,0.008995891388458528,0.94,0.6406867342025374,0.4081632653061224,1.0,0.0,0,-0.013215816950565729,0,0,0,0,0,0,0,0,1,0,0,0,0,0
2026-03-02,TLI,-0.036363549427134045,-0.01595337483054444,0.022858531367818527,0.66,0.299872962494744,0.0,1.0,0.0,0,-0.01886806856143486,0,0,0,0,0,1,0,0,0,0,0,0,0,0
2026-03-02,TOP,-0.04109589041095896,-0.0005847977911235703,0.03416136477072223,0.54,0.7386039040525615,0.5102040816326531,2.0,0.0,0,-0.0714285714285714,0,0,0,0,0,0,1,0,0,0,0,0,0,0
2026-03-02,TRUE,-0.03448273091083953,0.00032365130508933416,0.028536343407915124,0.7,0.7259234069997916,0.5510204081632653,4.0,0.0,0,-0.050000013871418614,1,0,0,0,0,0,0,0,0,0,0,0,0,0
2026-03-02,TTB,-0.02542366612436986,-0.0016511950330703406,0.013965118176299451,0.82,0.389142793520201,0.2448979591836734,17.0,0.0,0,-0.043478186500452654,0,0,0,0,0,0,0,0,1,0,0,0,0,0
2026-03-02,TU,-0.03734438192051959,-0.009042861460415308,0.01808200019503429,0.62,0.2779194133981291,0.0,0.0,0.0,0,-0.051724169115389795,0,0,0,0,0,0,0,0,0,0,1,0,0,0
2026-03-02,WHA,-0.05504585603421008,-0.009740157518619896,0.03880162700742332,0.42,0.2667685974671863,0.0204081632653061,1.0,0.0,0,-0.019417469932524356,1,0,0,0,0,0,0,0,0,0,0,0,0,0
2026-03-04,ADVANC,-0.013698630136986356,-0.0037473314570429573,0.024504000446557254,0.96,0.8340338761433772,0.5306122448979591,8.0,0.0,0,0.0,1,0,0,0,0,0,0,0,0,0,0,0,0,0
2026-03-04,AOT,-0.058252427184465994,-0.014137072871896384,0.03981657360302646,0.48,0.5714144407022494,0.3877551020408163,2.0,0.0,1,0.05154639175257736,0,0,0,0,0,0,1,0,0,0,0,0,0,0
2026-03-04,AWC,-0.07964608849738297,-0.038266713833501484,0.046386752870118626,0.2,0.26474316484215,0.0,0.0,0.0,0,0.0,0,0,0,0,0,0,0,1,0,0,0,0,0,0
2026-03-04,BANPU,0.027026969528142875,-0.00651278494558929,0.030031428161054075,1.0,0.5168610876183813,0.3469387755102041,1.0,0.0,1,0.08771928916020588,0,0,0,0,0,0,1,0,0,0,0,0,0,0
2026-03-04,BBL,-0.031609144063293404,-0.006765118839289474,0.022808749249648576,0.86,0.8021884428957072,0.4897959183673469,3.0,0.0,0,-0.0029673627189384932,0,0,0,0,0,0,0,0,1,0,0,0,0,0
2026-03-04,BDMS,-0.05797106839818711,-0.01705092807270574,0.033253058052157364,0.5,0.6121736045413307,0.4081632653061224,4.0,0.0,0,-0.005128218626891945,0,0,0,0,0,0,1,0,0,0,0,0,0,0
2026-03-04,BEM,-0.06722682154047555,-0.009508505417280166,0.04866105366529393,0.34,0.3153698175379232,0.0204081632653061,0.0,0.0,1,0.027026953043285173,0,0,0,0,0,0,0,0,0,1,0,0,0,0
2026-03-04,BH,-0.062162114478176544,-0.0158109706870021,0.08055306490646594,0.44,0.5733025950300475,0.4693877551020408,4.0,0.0,1,0.017291003788633574,0,0,0,0,0,0,1,0,0,0,0,0,0,0
2026-03-04,BJC,-0.08000000521761563,-0.027195546557058692,0.042180197574611514,0.18,0.3859487784668349,0.1020408163265306,0.0,0.0,1,0.007246318249036321,0,0,0,0,0,0,0,0,0,1,0,0,0,0
2026-03-04,BTS,-0.04587162384811294,-0.029179327527519262,0.03949514312449068,0.68,0.3820598396963626,0.0816326530612244,0.0,0.0,1,0.009615375798129211,0,0,0,0,0,0,0,0,0,1,0,0,0,0
2026-03-04,CBG,-0.06666664161559144,-0.030856007162955956,0.04737083346862212,0.36,0.4037334379706352,0.1428571428571428,0.0,0.0,0,-0.0237467411515635,0,0,0,0,0,0,0,0,0,1,0,0,0,0
2026-03-04,CCET,-0.11683173934576785,-0.02526928028754729,0.08735383556807823,0.04,0.2944691120222417,0.0408163265306122,0.0,0.0,1,0.026905844245289412,0,0,0,0,0,0,0,0,0,0,0,1,0,0
2026-03-04,CENTEL,-0.08965518131999517,-0.019137876396720332,0.07251059025729696,0.14,0.2958173008031775,0.0,1.0,0.0,1,0.07575762949176434,0,0,0,0,0,0,0,0,0,0,0,0,1,0
2026-03-04,COM7,-0.05172419009263085,-0.023411668824455046,0.025500554051810325,0.56,0.5390811125917591,0.3469387755102041,0.0,0.0,1,0.04090913441445121,0,0,0,0,0,0,1,0,0,0,0,0,0,0
2026-03-04,CPALL,-0.035000004749885294,-0.009534802149825739,0.035987525545368215,0.82,0.4825031688955927,0.183673469387755,2.0,0.0,1,0.015544102233939094,0,0,0,0,0,0,0,0,0,1,0,0,0,0
2026-03-04,CPF,-0.05392162666941236,-0.015362422545538301,0.032964831661028315,0.54,0.7091921123853364,0.4897959183673469,7.0,0.0,0,-0.015543940808711798,0,0,0,0,0,0,1,0,0,0,0,0,0,0
2026-03-04,CPN,-0.04104476112135813,-0.009459025276840172,0.029819624452050587,0.74,0.2998494178860543,0.0204081632653061,3.0,0.0,1,0.011673186528369683,0,0,0,0,0,0,0,0,0,0,0,1,0,0
2026-03-04,CRC,-0.07575755100273629,-0.027675909898027085,0.030833665002404552,0.22,0.1885120701342117,0.1224489795918367,0.0,0.0,1,0.01092893578798626,0,0,0,0,0,0,0,0,0,1,0,0,0,0
2026-03-04,DELTA,-0.10486891385767794,-0.004874248644883172,0.07063825222188994,0.08,0.7549857549857552,0.5102040816326531,11.0,0.0,1,0.07949790794979084,0,0,0,0,0,0,0,0,0,0,0,1,0,0
2026-03-04,EGCO,-0.06722683087029213,-0.02472657723711209,0.02708021448037019,0.32,0.2641362307564376,0.0,2.0,0.0,1,0.022522518698672833,0,0,0,0,0,0,0,0,0,0,0,0,0,1
2026-03-04,GPSC,-0.09868421052631582,-0.045224445948840966,0.06283566683742424,0.12,0.3084218345695337,0.0408163265306122,3.0,0.0,0,0.0,0,0,0,0,0,0,1,0,0,0,0,0,0,0
2026-03-04,GULF,-0.060869565217391286,-0.018816329122464226,0.025316943687309423,0.46,0.824860649548974,0.5306122448979591,16.0,0.0,1,0.04629629629629628,1,0,0,0,0,0,0,0,0,0,0,0,0,0
2026-03-04,HMPRO,-0.0638298125762996,-0.013880908835887861,0.038828937690382086,0.4,0.3412017927251844,0.0816326530612244,0.0,0.0,1,0.007575777419954743,0,0,0,0,0,0,0,0,0,1,0,0,0,0
2026-03-04,IVL,-0.10047852867817264,-0.038261536409377614,0.05502938296830276,0.1,0.6190346064901138,0.4489795918367346,0.0,0.0,1,0.02127668330538146,0,0,0,0,0,0,1,0,0,0,0,0,0,0
2026-03-04,KBANK,-0.03553299744376215,-0.011009789210875054,0.02130719155187341,0.8,0.8492309488143115,0.5510204081632653,9.0,0.0,0,0.0,0,0,0,0,0,0,0,0,1,0,0,0,0,0
2026-03-04,KKP,-0.03654484872324493,-0.012392317806770503,0.02331143362563494,0.78,0.6442502814112808,0.4081632653061224,2.0,0.0,1,0.013793153168341288,0,0,0,0,0,0,0,0,1,0,0,0,0,0
2026-03-04,KTB,-0.022388020681018306,-0.004316401079574006,0.022517844261195526,0.9,0.750245974679521,0.3673469387755101,1.0,0.0,1,0.03053431743809032,0,0,0,0,0,0,0,0,1,0,0,0,0,0
2026-03-04,KTC,-0.06349210636800318,-0.02169836389066724,0.03397369475076153,0.42,0.3257950366470686,0.0408163265306122,5.0,0.0,1,0.008474599550568618,1,0,0,0,0,0,0,0,0,0,0,0,0,0
2026-03-04,LH,-0.06965173397850954,-0.028584033775358987,0.042071114007201205,0.26,0.2735033172691258,0.0,5.0,0.0,1,0.010695138922819813,0,1,0,0,0,0,0,0,0,0,0,0,0,0
2026-03-04,MINT,-0.11344526552897405,-0.041498933475508926,0.054058303542802104,0.06,0.4943019943019943,0.2040816326530612,0.0,0.0,1,0.028436007599060176,1,0,0,0,0,0,0,0,0,0,0,0,0,0
2026-03-04,MTC,-0.05147062989023132,-0.02214445972585466,0.04883656555555045,0.6,0.2887361173649064,0.0,0.0,0.0,1,0.007751978726986408,0,0,1,0,0,0,0,0,0,0,0,0,0,0
2026-03-04,OR,-0.04838705211722627,-0.0290038172720267,0.031519487927562616,0.66,0.6153782616814699,0.2857142857142857,9.0,0.0,0,-0.03389835302872812,0,0,0,0,0,0,0,0,0,0,0,1,0,0
2026-03-04,OSP,-0.0683229832567851,-0.04072231083791287,0.029331754308454583,0.28,0.338970421015203,0.0612244897959183,0.0,0.0,0,-0.013333315911421284,0,0,0,0,0,0,0,0,0,1,0,0,0,0
2026-03-04,PTT,-0.04081633756065317,-0.008135812002845943,0.02006753676526745,0.76,0.7728921116235123,0.4285714285714285,8.0,0.0,1,0.004431359900757048,0,0,0,0,0,0,1,0,0,0,0,0,0,0
2026-03-04,PTTEP,-0.03169014084507038,0.0017650766410881812,0.027620540037304277,0.84,0.6813255353395934,0.4489795918367346,3.0,0.0,1,0.018181818181818077,0,0,0,0,0,0,1,0,0,0,0,0,0,0
2026-03-04,PTTGC,-0.06792449951171875,-0.014614516221018036,0.05471802502441409,0.3,0.6382595769495901,0.4693877551020408,0.0,0.0,0,0.0,0,0,0,0,0,0,1,0,0,0,0,0,0,0
2026-03-04,RATCH,-0.05691059866563464,-0.02083231611068117,0.02128999092757107,0.52,0.2677087625191304,0.0,2.0,0.0,1,0.025862092871514086,0,0,0,1,0,0,0,0,0,0,0,0,0,0
2026-03-04,SAWAD,-0.06415098477789727,-0.028437648090545165,0.04076285114222931,0.38,0.3498375384972611,0.0816326530612244,0.0,0.0,1,0.02822589024057387,0,0,0,0,0,0,0,0,0,1,0,0,0,0
2026-03-04,SCB,-0.023972608857993793,-0.006798662778466413,0.013625428247827118,0.88,0.7988495394135452,0.4693877551020408,17.0,0.0,1,0.017543831550662636,0,0,0,0,0,0,0,0,1,0,0,0,0,0
2026-03-04,SCC,-0.11981566393872778,-0.028300424168814352,0.055944195138024955,0.02,0.6673911126530135,0.4489795918367346,2.0,0.0,0,-0.018324626805324207,0,0,0,0,0,0,1,0,0,0,0,0,0,0
2026-03-04,SCGP,-0.08421051986378003,-0.03711139979342524,0.041351555918694625,0.16,0.5128534376254641,0.3469387755102041,1.0,0.0,1,0.022988448048568255,0,0,0,0,0,0,1,0,0,0,0,0,0,0
2026-03-04,TCAP,-0.042553223080902924,-0.017540686450047895,0.01896798260995244,0.72,0.3602260403234661,0.1020408163265306,1.0,0.0,1,0.008888938075679365,0,0,0,0,0,0,0,0,1,0,0,0,0,0
2026-03-04,TIDLOR,-0.04891296210138718,-0.02159667054436685,0.04474590093216462,0.64,0.2781370028253271,0.0,0.0,0.0,1,0.022857039950636038,0,0,0,0,1,0,0,0,0,0,0,0,0,0
2026-03-04,TISCO,-0.013215816950565729,-0.004363577981696509,0.010221999963137858,0.98,0.6406867342025374,0.4081632653061224,2.0,0.0,1,0.004464271309296608,0,0,0,0,0,0,0,0,1,0,0,0,0,0
2026-03-04,TLI,-0.01886806856143486,-0.019726988542831413,0.02105251940972514,0.94,0.299872962494744,0.0,1.0,0.0,0,0.0,0,0,0,0,0,1,0,0,0,0,0,0,0,0
2026-03-04,TOP,-0.0714285714285714,-0.020451907896331178,0.04153776584403614,0.24,0.7386039040525615,0.5102040816326531,1.0,0.0,1,0.02051282051282044,0,0,0,0,0,0,1,0,0,0,0,0,0,0
2026-03-04,TRUE,-0.050000013871418614,-0.018247778455317977,0.023749608476369154,0.62,0.7259234069997916,0.5510204081632653,4.0,0.0,1,0.022556387134945233,1,0,0,0,0,0,0,0,0,0,0,0,0,0
2026-03-04,TTB,-0.043478186500452654,-0.01034683233316087,0.023177566376852667,0.7,0.389142793520201,0.2448979591836734,15.0,0.0,1,0.00909084812821681,0,0,0,0,0,0,0,0,1,0,0,0,0,0
2026-03-04,TU,-0.051724169115389795,-0.01618769251994301,0.02657952183581526,0.58,0.2779194133981291,0.0,0.0,0.0,0,-0.018181800842285156,0,0,0,0,0,0,0,0,0,0,1,0,0,0
2026-03-04,WHA,-0.019417469932524356,-0.020075256365011285,0.03089497043372725,0.92,0.2667685974671863,0.0204081632653061,1.0,0.0,0,0.0,1,0,0,0,0,0,0,0,0,0,0,0,0,0
2026-03-05,ADVANC,0.0,-0.008823472829793788,0.01896409747384428,0.24,0.8340338761433772,0.5306122448979591,7.0,0.0,1,0.002777777777777768,1,0,0,0,0,0,0,0,0,0,0,0,0,0
2026-03-05,AOT,0.05154639175257736,-0.007655545717553181,0.04831776045595171,0.94,0.5714144407022494,0.3877551020408163,3.0,0.0,0,-0.009803921568627416,0,0,0,0,0,0,1,0,0,0,0,0,0,0
2026-03-05,AWC,0.0,-0.039841514065460285,0.0445249907243211,0.24,0.26474316484215,0.0,0.0,0.0,0,0.0,0,0,0,0,0,0,0,1,0,0,0,0,0,0
2026-03-05,BANPU,0.08771928916020588,0.005946321046486802,0.05169898702414131,1.0,0.5168610876183813,0.3469387755102041,1.0,0.0,0,-0.032257997963858864,0,0,0,0,0,0,1,0,0,0,0,0,0,0
2026-03-05,BBL,-0.0029673627189384932,-0.004493276552262037,0.022429875041559542,0.16,0.8021884428957072,0.4897959183673469,3.0,0.0,0,-0.005952388333105185,0,0,0,0,0,0,0,0,1,0,0,0,0,0
2026-03-05,BDMS,-0.005128218626891945,-0.01901554145804176,0.03191017534031334,0.14,0.6121736045413307,0.4081632653061224,5.0,0.0,0,-0.010309203864921068,0,0,0,0,0,0,1,0,0,0,0,0,0,0
2026-03-05,BEM,0.027026953043285173,-0.007521914647306338,0.050197127243975126,0.82,0.3153698175379232,0.0204081632653061,0.0,0.0,0,-0.008771877784389592,0,0,0,0,0,0,0,0,0,1,0,0,0,0
2026-03-05,BH,0.017291003788633574,-0.01340265185448486,0.08151439468057364,0.6,0.5733025950300475,0.4693877551020408,4.0,0.0,0,-0.025495751224346996,0,0,0,0,0,0,1,0,0,0,0,0,0,0
2026-03-05,BJC,0.007246318249036321,-0.02574628290725143,0.04345347725695829,0.36,0.3859487784668349,0.1020408163265306,0.0,0.0,0,-0.0071941868813508725,0,0,0,0,0,0,0,0,0,1,0,0,0,0
2026-03-05,BTS,0.009615375798129211,-0.0305620342349985,0.037568910090320554,0.48,0.3820598396963626,0.0816326530612244,0.0,0.0,0,-0.00952380087370197,0,0,0,0,0,0,0,0,0,1,0,0,0,0
2026-03-05,CBG,-0.0237467411515635,-0.03892027299347478,0.04016124326615184,0.04,0.4037334379706352,0.1428571428571428,0.0,0.0,0,-0.013513513513513487,0,0,0,0,0,0,0,0,0,1,0,0,0,0
2026-03-05,CCET,0.026905844245289412,-0.0393055981531508,0.06574335983749263,0.8,0.2944691120222417,0.0408163265306122,0.0,0.0,1,0.01310044362687579,0,0,0,0,0,0,0,0,0,0,0,1,0,0
2026-03-05,CENTEL,0.07575762949176434,-0.01759180206286859,0.07487754583817703,0.96,0.2958173008031775,0.0,1.0,0.0,0,-0.04225354898624645,0,0,0,0,0,0,0,0,0,0,0,0,1,0
2026-03-05,COM7,0.04090913441445121,-0.010391143219709797,0.038373158170725286,0.9,0.5390811125917591,0.3469387755102041,0.0,0.0,0,-0.02620090013105969,0,0,0,0,0,0,1,0,0,0,0,0,0,0
2026-03-05,CPALL,0.015544102233939094,-0.010366857567795807,0.03518155806052466,0.58,0.4825031688955927,0.183673469387755,2.0,0.0,0,-0.010204093996993513,0,0,0,0,0,0,0,0,0,1,0,0,0,0
2026-03-05,CPF,-0.015543940808711798,-0.02134204241912572,0.028657019179079864,0.1,0.7091921123853364,0.4897959183673469,7.0,0.0,1,0.005263191082415242,0,0,0,0,0,0,1,0,0,0,0,0,0,0
2026-03-05,CPN,0.011673186528369683,-0.010087351803345279,0.02920709199286475,0.54,0.2998494178860543,0.0204081632653061,3.0,0.0,1,0.0038461245535068578,0,0,0,0,0,0,0,0,0,0,0,1,0,0
2026-03-05,CRC,0.01092893578798626,-0.025490122740429833,0.03355349975854841,0.52,0.1885120701342117,0.1224489795918367,0.0,0.0,0,-0.016216123468024035,0,0,0,0,0,0,0,0,0,1,0,0,0,0
2026-03-05,DELTA,0.07949790794979084,-0.0034907813667999664,0.07257563715681038,0.98,0.7549857549857552,0.5102040816326531,11.0,0.0,0,-0.011627906976744207,0,0,0,0,0,0,0,0,0,0,0,1,0,0
2026-03-05,EGCO,0.022522518698672833,-0.01863476716191237,0.03427233852576735,0.7,0.2641362307564376,0.0,2.0,0.0,0,-0.008810598897540545,0,0,0,0,0,0,0,0,0,0,0,0,0,1
2026-03-05,GPSC,0.0,-0.04269861703175339,0.0646996558905681,0.24,0.3084218345695337,0.0408163265306122,3.0,0.0,1,0.014598540145985384,0,0,0,0,0,0,1,0,0,0,0,0,0,0
2026-03-05,GULF,0.04629629629629628,-0.00876025256456714,0.0389802056802048,0.92,0.824860649548974,0.5306122448979591,11.0,0.0,0,-0.008849557522123908,1,0,0,0,0,0,0,0,0,0,0,0,0,0
2026-03-05,HMPRO,0.007575777419954743,-0.016591102426988736,0.03615547466791338,0.38,0.3412017927251844,0.0816326530612244,0.0,0.0,0,-0.015037558800525042,0,0,0,0,0,0,0,0,0,1,0,0,0,0
2026-03-05,IVL,0.02127668330538146,-0.0383540305885288,0.05490356526831117,0.68,0.6190346064901138,0.4489795918367346,0.0,0.0,1,0.00520837950601738,0,0,0,0,0,0,1,0,0,0,0,0,0,0
2026-03-05,KBANK,0.0,-0.00653217448687784,0.020660896529455113,0.24,0.8492309488143115,0.5510204081632653,7.0,0.0,0,-0.010526341073490153,0,0,0,0,0,0,0,0,1,0,0,0,0,0
2026-03-05,KKP,0.013793153168341288,-0.006397445126147083,0.0258133804586039,0.56,0.6442502814112808,0.4081632653061224,2.0,0.0,0,-0.013605490553210475,0,0,0,0,0,0,0,0,1,0,0,0,0,0
2026-03-05,KTB,0.03053431743809032,0.000297923642686615,0.027375074346282165,0.88,0.750245974679521,0.3673469387755101,1.0,0.0,0,0.0,0,0,0,0,0,0,0,0,1,0,0,0,0,0
2026-03-05,KTC,0.008474599550568618,-0.021518587310298366,0.03416914570697085,0.42,0.3257950366470686,0.0408163265306122,4.0,0.0,0,-0.008403384234313305,1,0,0,0,0,0,0,0,0,0,0,0,0,0
2026-03-05,LH,0.010695138922819813,-0.02920997615023597,0.04129859390193773,0.5,0.2735033172691258,0.0,5.0,0.0,0,-0.010581963354665547,0,1,0,0,0,0,0,0,0,0,0,0,0,0
2026-03-05,MINT,0.028436007599060176,-0.03771649075562431,0.058960248530593284,0.86,0.4943019943019943,0.2040816326530612,0.0,0.0,0,-0.013824969051385971,1,0,0,0,0,0,0,0,0,0,0,0,0,0
2026-03-05,MTC,0.007751978726986408,-0.03024923404900508,0.035869139482666804,0.4,0.2887361173649064,0.0,0.0,0.0,0,-0.030769272710872375,0,0,1,0,0,0,0,0,0,0,0,0,0,0
2026-03-05,OR,-0.03389835302872812,-0.03432364219620112,0.029091567048092615,0.02,0.6153782616814699,0.2857142857142857,9.0,0.0,0,-0.008771879924703185,0,0,0,0,0,0,0,0,0,0,0,1,0,0
2026-03-05,OSP,-0.013333315911421284,-0.04447006964711211,0.022324666237032186,0.12,0.338970421015203,0.0612244897959183,0.0,0.0,1,0.006756714701260824,0,0,0,0,0,0,0,0,0,1,0,0,0,0
2026-03-05,PTT,0.004431359900757048,-0.00997064360599147,0.01788322870202318,0.32,0.7728921116235123,0.4285714285714285,6.0,0.0,0,0.0,0,0,0,0,0,0,1,0,0,0,0,0,0,0
2026-03-05,PTTEP,0.018181818181818077,0.006134041010052526,0.028267397415354542,0.64,0.6813255353395934,0.4489795918367346,2.0,0.0,1,0.010714285714285676,0,0,0,0,0,0,1,0,0,0,0,0,0,0
2026-03-05,PTTGC,0.0,-0.025829469492046075,0.04050920444533368,0.24,0.6382595769495901,0.4693877551020408,0.0,0.0,1,0.06275300361068026,0,0,0,0,0,0,1,0,0,0,0,0,0,0
2026-03-05,RATCH,0.025862092871514086,-0.01410951257974451,0.02998476951354649,0.78,0.2677087625191304,0.0,2.0,0.0,0,-0.025210106749458894,0,0,0,1,0,0,0,0,0,0,0,0,0,0
2026-03-05,SAWAD,0.02822589024057387,-0.026270741107813557,0.043969937814317156,0.84,0.3498375384972611,0.0816326530612244,0.0,0.0,0,0.0,0,0,0,0,0,0,0,0,0,1,0,0,0,0
2026-03-05,SCB,0.017543831550662636,-0.002611926994754388,0.017577701817885743,0.62,0.7988495394135452,0.4693877551020408,16.0,0.0,0,-0.006896585840356573,0,0,0,0,0,0,0,0,1,0,0,0,0,0
2026-03-05,SCC,-0.018324626805324207,-0.03737075455921142,0.047817484503295885,0.06,0.6673911126530135,0.4489795918367346,2.0,0.0,0,-0.007999938053941502,0,0,0,0,0,0,1,0,0,0,0,0,0,0
2026-03-05,SCGP,0.022988448048568255,-0.03346157041958566,0.04645887690746897,0.76,0.5128534376254641,0.3469387755102041,1.0,0.0,1,0.011236091054624753,0,0,0,0,0,0,1,0,0,0,0,0,0,0
2026-03-05,TCAP,0.008888938075679365,-0.014136886453620767,0.022311282926794695,0.44,0.3602260403234661,0.1020408163265306,1.0,0.0,0,0.0,0,0,0,0,0,0,0,0,1,0,0,0,0,0
2026-03-05,TIDLOR,0.022857039950636038,-0.02518853198798181,0.03881051034995,0.74,0.2781370028253271,0.0,0.0,0.0,0,-0.011173079812727527,0,0,0,0,1,0,0,0,0,0,0,0,0,0
2026-03-05,TISCO,0.004464271309296608,-0.00521744297502591,0.008954142273563826,0.34,0.6406867342025374,0.4081632653061224,2.0,0.0,0,-0.004444430167214963,0,0,0,0,0,0,0,0,1,0,0,0,0,0
2026-03-05,TLI,0.0,-0.02146612356652624,0.018296294762871444,0.24,0.299872962494744,0.0,1.0,0.0,0,-0.019230724342921945,0,0,0,0,0,1,0,0,0,0,0,0,0,0
2026-03-05,TOP,0.02051282051282044,-0.01634934379376709,0.04493666999570953,0.66,0.7386039040525615,0.5102040816326531,1.0,0.0,0,-0.015075376884422065,0,0,0,0,0,0,1,0,0,0,0,0,0,0
2026-03-05,TRUE,0.022556387134945233,-0.01373650102832893,0.029522940241320184,0.72,0.7259234069997916,0.5510204081632653,4.0,0.0,0,-0.029411712208081697,1,0,0,0,0,0,0,0,0,0,0,0,0,0
2026-03-05,TTB,0.00909084812821681,-0.00852866270751751,0.024510386120294315,0.46,0.389142793520201,0.2448979591836734,14.0,0.0,0,-0.00900894913979211,0,0,0,0,0,0,0,0,1,0,0,0,0,0
2026-03-05,TU,-0.018181800842285156,-0.01982405268840004,0.025008515682611154,0.08,0.2779194133981291,0.0,0.0,0.0,1,0.009259206113829244,0,0,0,0,0,0,0,0,0,0,1,0,0,0
2026-03-05,WHA,0.0,-0.024539524139389403,0.024103386634641226,0.24,0.2667685974671863,0.0204081632653061,1.0,0.0,0,-0.014851450189400817,1,0,0,0,0,0,0,0,0,0,0,0,0,0
2026-03-06,ADVANC,0.002777777777777768,-0.008267917274238234,0.019324467036602164,0.8,0.8340338761433772,0.5306122448979591,7.0,0.0,0,-0.013850415512465353,1,0,0,0,0,0,0,0,0,0,0,0,0,0
2026-03-06,AOT,-0.009803921568627416,-0.014311165712029816,0.04514557926666024,0.44,0.5714144407022494,0.3877551020408163,2.0,0.0,0,-0.01980198019801982,0,0,0,0,0,0,1,0,0,0,0,0,0,0
2026-03-06,AWC,0.0,-0.036716519809935025,0.04712211940519937,0.74,0.26474316484215,0.0,0.0,0.0,0,-0.009615367440996447,0,0,0,0,0,0,0,1,0,0,0,0,0,0
2026-03-06,BANPU,-0.032257997963858864,0.006106293986621836,0.05154914336015353,0.04,0.5168610876183813,0.3469387755102041,1.0,0.0,0,-0.008333397563379918,0,0,0,0,0,0,1,0,0,0,0,0,0,0
2026-03-06,BBL,-0.005952388333105185,-0.010916300063004347,0.014734817098160867,0.66,0.8021884428957072,0.4897959183673469,3.0,0.0,0,-0.005988031421476636,0,0,0,0,0,0,0,0,1,0,0,0,0,0
2026-03-06,BDMS,-0.010309203864921068,-0.02481569153882852,0.02529231249445021,0.4,0.6121736045413307,0.4081632653061224,5.0,0.0,0,0.0,0,0,0,0,0,0,1,0,0,0,0,0,0,0
2026-03-06,BEM,-0.008771877784389592,-0.017679667606793938,0.04216211612977201,0.56,0.3153698175379232,0.0204081632653061,0.0,0.0,0,-0.017699095853918267,0,0,0,0,0,0,0,0,0,1,0,0,0,0
2026-03-06,BH,-0.025495751224346996,-0.03051223618632213,0.07047220891126733,0.12,0.5733025950300475,0.4693877551020408,3.0,0.0,0,-0.008720899253519931,0,0,0,0,0,0,1,0,0,0,0,0,0,0
2026-03-06,BJC,-0.0071941868813508725,-0.030958711690305264,0.03798263266026296,0.62,0.3859487784668349,0.1020408163265306,0.0,0.0,0,-0.014492707389589965,0,0,0,0,0,0,0,0,0,1,0,0,0,0
2026-03-06,BTS,-0.00952380087370197,-0.032466794409738896,0.035833367101296525,0.46,0.3820598396963626,0.0816326530612244,0.0,0.0,0,0.0,0,0,0,0,0,0,0,0,0,1,0,0,0,0
2026-03-06,CBG,-0.013513513513513487,-0.04270993798659732,0.03555989296254354,0.3,0.4037334379706352,0.1428571428571428,0.0,0.0,0,-0.020547945205479423,0,0,0,0,0,0,0,0,0,1,0,0,0,0
2026-03-06,CCET,0.01310044362687579,-0.04022533426223154,0.06477148818343396,0.96,0.2944691120222417,0.0408163265306122,0.0,0.0,0,-0.03448277666651767,0,0,0,0,0,0,0,0,0,0,0,1,0,0
2026-03-06,CENTEL,-0.04225354898624645,-0.028590284206722584,0.07333145135387534,0.02,0.2958173008031775,0.0,0.0,0.0,0,-0.022058781346215195,0,0,0,0,0,0,0,0,0,0,0,0,1,0
2026-03-06,COM7,-0.02620090013105969,-0.018937117272992344,0.035531973699513414,0.1,0.5390811125917591,0.3469387755102041,0.0,0.0,1,0.008968679226822429,0,0,0,0,0,0,1,0,0,0,0,0,0,0
2026-03-06,CPALL,-0.010204093996993513,-0.020137154721179516,0.02275579284367441,0.42,0.4825031688955927,0.183673469387755,2.0,0.0,0,-0.020618581942210112,0,0,0,0,0,0,0,0,0,1,0,0,0,0
2026-03-06,CPF,0.005263191082415242,-0.02500637854146588,0.02183559613776371,0.86,0.7091921123853364,0.4897959183673469,7.0,0.0,0,-0.010471269870625743,0,0,0,0,0,0,1,0,0,0,0,0,0,0
2026-03-06,CPN,0.0038461245535068578,-0.010777969766141982,0.028730128806881812,0.82,0.2998494178860543,0.0204081632653061,2.0,0.0,0,-0.01750196500918011,0,0,0,0,0,0,0,0,0,0,0,1,0,0
2026-03-06,CRC,-0.016216123468024035,-0.027785472869307614,0.032141949472271295,0.18,0.1885120701342117,0.1224489795918367,0.0,0.0,0,-0.01098909522264302,0,0,0,0,0,0,0,0,0,1,0,0,0,0
2026-03-06,DELTA,-0.011627906976744207,-0.014557889793261003,0.06762952439805135,0.32,0.7549857549857552,0.5102040816326531,9.0,0.0,0,-0.039215686274509776,0,0,0,0,0,0,0,0,0,0,0,1,0,0
2026-03-06,EGCO,-0.008810598897540545,-0.0187968946806234,0.03421131578837792,0.52,0.2641362307564376,0.0,2.0,0.0,0,-0.01777776133646991,0,0,0,0,0,0,0,0,0,0,0,0,0,1
2026-03-06,GPSC,0.014598540145985384,-0.03977890900255632,0.06738202790577594,0.98,0.3084218345695337,0.0408163265306122,3.0,0.0,0,-0.05035971223021585,0,0,0,0,0,0,1,0,0,0,0,0,0,0
2026-03-06,GULF,-0.008849557522123908,-0.008130163192994555,0.03894018701789119,0.5,0.824860649548974,0.5306122448979591,12.0,0.0,0,-0.0267857142857143,1,0,0,0,0,0,0,0,0,0,0,0,0,0
2026-03-06,HMPRO,-0.015037558800525042,-0.022357228392548632,0.0321785947948926,0.22,0.3412017927251844,0.0816326530612244,0.0,0.0,0,-0.01526721471782122,0,0,0,0,0,0,0,0,0,1,0,0,0,0
2026-03-06,IVL,0.00520837950601738,-0.03050383347169634,0.05837073996181194,0.84,0.6190346064901138,0.4489795918367346,0.0,0.0,0,-0.025906864010109998,0,0,0,0,0,0,1,0,0,0,0,0,0,0
2026-03-06,KBANK,-0.010526341073490153,-0.010673071092309505,0.018428742152528016,0.38,0.8492309488143115,0.5510204081632653,8.0,0.0,0,-0.018617023121226928,0,0,0,0,0,0,0,0,1,0,0,0,0,0
2026-03-06,KKP,-0.013605490553210475,-0.01043432686329362,0.024836516902847234,0.28,0.6442502814112808,0.4081632653061224,2.0,0.0,0,-0.01724135827493245,0,0,0,0,0,0,0,0,1,0,0,0,0,0
2026-03-06,KTB,0.0,-0.005627995935420915,0.02214575473957558,0.74,0.750245974679521,0.3673469387755101,1.0,0.0,0,-0.014814829119757622,0,0,0,0,0,0,0,0,1,0,0,0,0,0
2026-03-06,KTC,-0.008403384234313305,-0.02470302767867023,0.03141757644392589,0.58,0.3257950366470686,0.0408163265306122,5.0,0.0,0,-0.008474530876391051,1,0,0,0,0,0,0,0,0,0,0,0,0,0
2026-03-06,LH,-0.010581963354665547,-0.03041728758003721,0.040477367993815544,0.36,0.2735033172691258,0.0,4.0,0.0,0,-0.005347602386346795,0,1,0,0,0,0,0,0,0,0,0,0,0,0
2026-03-06,MINT,-0.013824969051385971,-0.03859469515960039,0.05846428384517957,0.26,0.4943019943019943,0.2040816326530612,0.0,0.0,0,-0.018691522532672145,1,0,0,0,0,0,0,0,0,0,0,0,0,0
2026-03-06,MTC,-0.030769272710872375,-0.03508730231881017,0.03342653645271861,0.06,0.2887361173649064,0.0,0.0,0.0,0,-0.03174601524609999,0,0,1,0,0,0,0,0,0,0,0,0,0,0
2026-03-06,OR,-0.008771879924703185,-0.03607801818114176,0.026667714840881557,0.54,0.6153782616814699,0.2857142857142857,7.0,0.0,0,-0.017699097866309854,0,0,0,0,0,0,0,0,0,0,0,1,0,0
2026-03-06,OSP,0.006756714701260824,-0.03559182855707752,0.03231449118397517,0.88,0.338970421015203,0.0612244897959183,0.0,0.0,0,-0.006711367903084575,0,0,0,0,0,0,0,0,0,1,0,0,0,0
2026-03-06,PTT,0.0,-0.00997064360599147,0.01788322870202318,0.74,0.7728921116235123,0.4285714285714285,5.0,0.0,0,-0.022058823529411797,0,0,0,0,0,0,1,0,0,0,0,0,0,0
2026-03-06,PTTEP,0.010714285714285676,0.011218074623497887,0.025756660659974766,0.92,0.6813255353395934,0.4489795918367346,4.0,0.0,1,0.0176678445229681,0,0,0,0,0,0,1,0,0,0,0,0,0,0
2026-03-06,PTTGC,0.06275300361068026,-0.007969134256635679,0.056602477846606394,1.0,0.6382595769495901,0.4693877551020408,0.0,0.0,1,0.02857142857142847,0,0,0,0,0,0,1,0,0,0,0,0,0,0
2026-03-06,RATCH,-0.025210106749458894,-0.017589036611316944,0.03008064505756096,0.14,0.2677087625191304,0.0,2.0,0.0,0,-0.025862025235035113,0,0,0,1,0,0,0,0,0,0,0,0,0,0
2026-03-06,SAWAD,0.0,-0.02456132784987599,0.04498564895175657,0.74,0.3498375384972611,0.0816326530612244,0.0,0.0,0,-0.05490196733898345,0,0,0,0,0,0,0,0,0,1,0,0,0,0
2026-03-06,SCB,-0.006896585840356573,-0.006032070673941248,0.01605866129140396,0.64,0.7988495394135452,0.4693877551020408,15.0,0.0,0,-0.006944479036145923,0,0,0,0,0,0,0,0,1,0,0,0,0,0
2026-03-06,SCC,-0.007999938053941502,-0.03633915662663552,0.04852089808501577,0.6,0.6673911126530135,0.4489795918367346,2.0,0.0,0,-0.10483872173152398,0,0,0,0,0,0,1,0,0,0,0,0,0,0
2026-03-06,SCGP,0.011236091054624753,-0.026497369435493724,0.05072361652588873,0.94,0.5128534376254641,0.3469387755102041,1.0,0.0,0,-0.03888892303574776,0,0,0,0,0,0,1,0,0,0,0,0,0,0
2026-03-06,TCAP,0.0,-0.014136886453620767,0.02231128292679469,0.74,0.3602260403234661,0.1020408163265306,1.0,0.0,0,-0.02202644772342277,0,0,0,0,0,0,0,0,1,0,0,0,0,0
2026-03-06,TIDLOR,-0.011173079812727527,-0.027423147950527315,0.03728949606779784,0.34,0.2781370028253271,0.0,0.0,0.0,0,-0.033898320268757054,0,0,0,0,1,0,0,0,0,0,0,0,0,0
2026-03-06,TISCO,-0.004444430167214963,-0.006972127105031411,0.0073276058586097485,0.68,0.6406867342025374,0.4081632653061224,2.0,0.0,0,-0.008928614323427952,0,0,0,0,0,0,0,0,1,0,0,0,0,0
2026-03-06,TLI,-0.019230724342921945,-0.023588125993942156,0.017003643384238404,0.16,0.299872962494744,0.0,1.0,0.0,0,-0.019607796471844074,0,0,0,0,0,1,0,0,0,0,0,0,0,0
2026-03-06,TOP,-0.015075376884422065,-0.013834465253600815,0.04449583559017483,0.2,0.7386039040525615,0.5102040816326531,1.0,0.0,0,-0.05102040816326525,0,0,0,0,0,0,1,0,0,0,0,0,0,0
2026-03-06,TRUE,-0.029411712208081697,-0.02098871067448349,0.02759247558959716,0.08,0.7259234069997916,0.5510204081632653,3.0,0.0,0,-0.01515156084822078,1,0,0,0,0,0,0,0,0,0,0,0,0,0
2026-03-06,TTB,-0.00900894913979211,-0.012054600333986754,0.02262191209160664,0.48,0.389142793520201,0.2448979591836734,14.0,0.0,0,-0.009090959893152672,0,0,0,0,0,0,0,0,1,0,0,0,0,0
2026-03-06,TU,0.009259206113829244,-0.01959822915287306,0.02532711186548592,0.9,0.2779194133981291,0.0,0.0,0.0,1,0.009174347244904846,0,0,0,0,0,0,0,0,0,0,1,0,0,0
2026-03-06,WHA,-0.014851450189400817,-0.01877620257346615,0.02171273577967093,0.24,0.2667685974671863,0.0204081632653061,1.0,0.0,0,0.0,1,0,0,0,0,0,0,0,0,0,0,0,0,0
2026-03-09,ADVANC,-0.013850415512465353,-0.012848990416440054,0.016732389984877544,0.62,0.8340338761433772,0.5306122448979591,7.0,0.0,1,0.02528089887640439,1,0,0,0,0,0,0,0,0,0,0,0,0,0
2026-03-09,AOT,-0.01980198019801982,-0.01827156175163378,0.04443931031479628,0.36,0.5714144407022494,0.3877551020408163,2.0,0.0,1,0.005050505050504972,0,0,0,0,0,0,1,0,0,0,0,0,0,0
2026-03-09,AWC,-0.009615367440996447,-0.03705229467497582,0.04687108743234033,0.68,0.26474316484215,0.0,0.0,0.0,0,0.0,0,0,0,0,0,0,0,1,0,0,0,0,0,0
2026-03-09,BANPU,-0.008333397563379918,0.009567825639975002,0.0494215443642694,0.78,0.5168610876183813,0.3469387755102041,1.0,0.0,0,-0.008403343973771071,0,0,0,0,0,0,1,0,0,0,0,0,0,0
2026-03-09,BBL,-0.005988031421476636,-0.013247052263486724,0.012151352139323033,0.84,0.8021884428957072,0.4897959183673469,4.0,0.0,1,0.0030120519725933548,0,0,0,0,0,0,0,0,1,0,0,0,0,0
2026-03-09,BDMS,0.0,-0.023898275965494053,0.02627364536969341,0.9,0.6121736045413307,0.4081632653061224,5.0,0.0,1,0.008086232306000696,0,0,0,0,0,0,1,0,0,0,0,0,0,0
2026-03-09,BEM,-0.017699095853918267,-0.024445305468506807,0.037877021136599284,0.48,0.3153698175379232,0.0204081632653061,0.0,0.0,0,0.0,0,0,0,0,0,0,0,0,0,1,0,0,0,0
2026-03-09,BH,-0.008720899253519931,-0.04210862935226685,0.0576715479563248,0.74,0.5733025950300475,0.4693877551020408,3.0,0.0,1,0.043988300768145194,0,0,0,0,0,0,1,0,0,0,0,0,0,0
2026-03-09,BJC,-0.014492707389589965,-0.03138811319070731,0.03773090476067972,0.6,0.3859487784668349,0.1020408163265306,0.0,0.0,1,0.0073528814077490345,0,0,0,0,0,0,0,0,0,1,0,0,0,0
2026-03-09,BTS,0.0,-0.02596273567270606,0.03866101643795413,0.9,0.3820598396963626,0.0816326530612244,0.0,0.0,0,-0.0096153757981291,0,0,0,0,0,0,0,0,0,1,0,0,0,0
2026-03-09,CBG,-0.020547945205479423,-0.04357628342213347,0.034797657624964215,0.34,0.4037334379706352,0.1428571428571428,0.0,0.0,0,-0.013986013986013957,0,0,0,0,0,0,0,0,0,1,0,0,0,0
2026-03-09,CCET,-0.03448277666651767,-0.04190449564719854,0.0644212085179005,0.14,0.2944691120222417,0.0408163265306122,0.0,0.0,1,0.07142861014423896,0,0,0,0,0,0,0,0,0,0,0,1,0,0
2026-03-09,CENTEL,-0.022058781346215195,-0.03551776535122606,0.07003184731128625,0.28,0.2958173008031775,0.0,0.0,0.0,0,-0.007518860507509273,0,0,0,0,0,0,0,0,0,0,0,0,1,0
2026-03-09,COM7,0.008968679226822429,-0.013078342235301044,0.03760074836709867,0.94,0.5390811125917591,0.3469387755102041,0.0,0.0,1,0.03271022456443817,0,0,0,0,0,0,1,0,0,0,0,0,0,0
2026-03-09,CPALL,-0.020618581942210112,-0.016819001601998295,0.020766714567762745,0.32,0.4825031688955927,0.183673469387755,2.0,0.0,0,-0.00526312280786545,0,0,0,0,0,0,0,0,0,1,0,0,0,0
2026-03-09,CPF,-0.010471269870625743,-0.020649014441735124,0.02219753356184789,0.66,0.7091921123853364,0.4897959183673469,6.0,0.0,1,0.01587301425012222,0,0,0,0,0,0,1,0,0,0,0,0,0,0
2026-03-09,CPN,-0.01750196500918011,-0.017176914490817576,0.025017749380431376,0.5,0.2998494178860543,0.0204081632653061,1.0,0.0,1,0.020242914979757165,0,0,0,0,0,0,0,0,0,0,0,1,0,0
2026-03-09,CRC,-0.01098909522264302,-0.02617377727370651,0.03288312356467063,0.64,0.1885120701342117,0.1224489795918367,0.0,0.0,1,0.011111197227008152,0,0,0,0,0,0,0,0,0,1,0,0,0,0
2026-03-09,DELTA,-0.039215686274509776,-0.023845070369462616,0.06707732976740922,0.1,0.7549857549857552,0.5102040816326531,9.0,0.0,1,0.044897959183673564,0,0,0,0,0,0,0,0,0,0,0,1,0,0
2026-03-09,EGCO,-0.01777776133646991,-0.021545992934799908,0.03326752657841848,0.44,0.2641362307564376,0.0,2.0,0.0,1,0.02262443085215171,0,0,0,0,0,0,0,0,0,0,0,0,0,1
2026-03-09,GPSC,-0.05035971223021585,-0.05217643284394833,0.060955209825745066,0.08,0.3084218345695337,0.0408163265306122,2.0,0.0,1,0.045454545454545414,0,0,0,0,0,0,1,0,0,0,0,0,0,0
2026-03-09,GULF,-0.0267857142857143,-0.01429702729472282,0.038970850509689715,0.2,0.824860649548974,0.5306122448979591,11.0,0.0,1,0.02752293577981657,1,0,0,0,0,0,0,0,0,0,0,0,0,0
2026-03-09,HMPRO,-0.01526721471782122,-0.026771219119733812,0.028479799338946475,0.54,0.3412017927251844,0.0816326530612244,0.0,0.0,0,-0.015503916337513135,0,0,0,0,0,0,0,0,0,1,0,0,0,0
2026-03-09,IVL,-0.025906864010109998,-0.03744730234323015,0.05445877154338854,0.22,0.6190346064901138,0.4489795918367346,0.0,0.0,1,0.02127668330538146,0,0,0,0,0,0,1,0,0,0,0,0,0,0
2026-03-09,KBANK,-0.018617023121226928,-0.01691536529454294,0.013089804228956739,0.42,0.8492309488143115,0.5510204081632653,8.0,0.0,1,0.018970191617178056,0,0,0,0,0,0,0,0,1,0,0,0,0,0
2026-03-09,KKP,-0.01724135827493245,-0.01715058948137027,0.019820083797206085,0.52,0.6442502814112808,0.4081632653061224,1.0,0.0,1,0.010526325293461092,0,0,0,0,0,0,0,0,1,0,0,0,0,0
2026-03-09,KTB,-0.014814829119757622,-0.005713261050280605,0.022188695723351835,0.58,0.750245974679521,0.3673469387755101,1.0,0.0,1,0.030075156190246144,0,0,0,0,0,0,0,0,1,0,0,0,0,0
2026-03-09,KTC,-0.008474530876391051,-0.024905392478810608,0.03128173240067561,0.76,0.3257950366470686,0.0408163265306122,4.0,0.0,0,-0.008547031634053015,1,0,0,0,0,0,0,0,0,0,0,0,0,0
2026-03-09,LH,-0.005347602386346795,-0.030573575804626163,0.040353920294853136,0.86,0.2735033172691258,0.0,4.0,0.0,1,0.010752705968791965,0,1,0,0,0,0,0,0,0,0,0,0,0,0
2026-03-09,MINT,-0.018691522532672145,-0.0404282408662074,0.05745976740118421,0.4,0.4943019943019943,0.2040816326530612,1.0,0.0,1,0.05238090210380486,1,0,0,0,0,0,0,0,0,0,0,0,0,0
2026-03-09,MTC,-0.03174601524609999,-0.03746300516582537,0.03248320867874237,0.18,0.2887361173649064,0.0,0.0,0.0,1,0.01639346539894415,0,0,1,0,0,0,0,0,0,0,0,0,0,0
2026-03-09,OR,-0.017699097866309854,-0.03667665014661574,0.02609547451437751,0.46,0.6153782616814699,0.2857142857142857,9.0,0.0,1,0.00900895714943828,0,0,0,0,0,0,0,0,0,0,0,1,0,0
2026-03-09,OSP,-0.006711367903084575,-0.029112899146064807,0.03460041268495859,0.82,0.338970421015203,0.0612244897959183,0.0,0.0,0,-0.006756780916296945,0,0,0,0,0,0,0,0,0,1,0,0,0,0
2026-03-09,PTT,-0.022058823529411797,-0.01304012972502766,0.018490755318403666,0.26,0.7728921116235123,0.4285714285714285,8.0,0.0,1,0.007518796992481258,0,0,0,0,0,0,1,0,0,0,0,0,0,0
2026-03-09,PTTEP,0.0176678445229681,0.010274031587793008,0.02532783622943116,0.98,0.6813255353395934,0.4489795918367346,6.0,0.0,0,-0.02777777777777779,0,0,0,0,0,0,1,0,0,0,0,0,0,0
2026-03-09,PTTGC,0.02857142857142847,-0.007709393996895453,0.05680723676660072,1.0,0.6382595769495901,0.4693877551020408,0.0,0.0,0,0.0,0,0,0,0,0,0,1,0,0,0,0,0,0,0
2026-03-09,RATCH,-0.025862025235035113,-0.018037028026099477,0.03020936203341811,0.24,0.2677087625191304,0.0,2.0,0.0,1,0.026548626483096527,0,0,0,1,0,0,0,0,0,0,0,0,0,0
2026-03-09,SAWAD,-0.05490196733898345,-0.03381758499917844,0.04564234099462065,0.04,0.3498375384972611,0.0816326530612244,0.0,0.0,1,0.020746867619624076,0,0,0,0,0,0,0,0,0,1,0,0,0,0
2026-03-09,SCB,-0.006944479036145923,-0.007420966481170433,0.01570289674292174,0.8,0.7988495394135452,0.4693877551020408,16.0,0.0,1,0.00699304207020135,0,0,0,0,0,0,0,0,1,0,0,0,0,0
2026-03-09,SCC,-0.10483872173152398,-0.05730690097294031,0.051455162044904856,0.02,0.6673911126530135,0.4489795918367346,5.0,0.0,1,0.024024022352587604,0,0,0,0,0,0,1,0,0,0,0,0,0,0
2026-03-09,SCGP,-0.03888892303574776,-0.033308977624867994,0.04935500225387679,0.12,0.5128534376254641,0.3469387755102041,1.0,0.0,1,0.02312144046253195,0,0,0,0,0,0,1,0,0,0,0,0,0,0
2026-03-09,TCAP,-0.02202644772342277,-0.017722505838517734,0.021727649610754025,0.3,0.3602260403234661,0.1020408163265306,0.0,0.0,1,0.01801797425101448,0,0,0,0,0,0,0,0,1,0,0,0,0,0
2026-03-09,TIDLOR,-0.033898320268757054,-0.029300848838569694,0.037342461144567934,0.16,0.2781370028253271,0.0,0.0,0.0,1,0.023391823710996906,0,0,0,0,1,0,0,0,0,0,0,0,0,0
2026-03-09,TISCO,-0.008928614323427952,-0.006171651309416571,0.006706175863858791,0.72,0.6406867342025374,0.4081632653061224,2.0,0.0,1,0.004504490164700892,0,0,0,0,0,0,0,0,1,0,0,0,0,0
2026-03-09,TLI,-0.019607796471844074,-0.018814027760666985,0.01287206254371846,0.38,0.299872962494744,0.0,1.0,0.0,1,0.010000026298290887,0,0,0,0,0,1,0,0,0,0,0,0,0,0
2026-03-09,TOP,-0.05102040816326525,-0.03162148527487944,0.03550509193338937,0.06,0.7386039040525615,0.5102040816326531,0.0,0.0,1,0.032258064516129004,0,0,0,0,0,0,1,0,0,0,0,0,0,0
2026-03-09,TRUE,-0.01515156084822078,-0.021297926140723077,0.027497550074792237,0.56,0.7259234069997916,0.5510204081632653,3.0,0.0,1,0.015384662498191481,1,0,0,0,0,0,0,0,0,0,0,0,0,0
2026-03-09,TTB,-0.009090959893152672,-0.015582182705910098,0.019806208920704203,0.7,0.389142793520201,0.2448979591836734,16.0,0.0,1,0.009174363665279017,0,0,0,0,0,0,0,0,1,0,0,0,0,0
2026-03-09,TU,0.009174347244904846,-0.01776335970389209,0.02735318637266404,0.96,0.2779194133981291,0.0,0.0,0.0,1,0.018181800842285156,0,0,0,0,0,0,0,0,0,0,1,0,0,0
2026-03-09,WHA,0.0,-0.01786295523122705,0.02254009832433975,0.9,0.2667685974671863,0.0204081632653061,1.0,0.0,0,0.0,1,0,0,0,0,0,0,0,0,0,0,0,0,0
2026-03-10,ADVANC,0.02528089887640439,0.00010192620094608972,0.016017759129536475,0.8,0.8340338761433772,0.5306122448979591,7.0,0.0,0,-0.013698630136986356,1,0,0,0,0,0,0,0,0,0,0,0,0,0
2026-03-10,AOT,0.005050505050504972,-0.00625228642960618,0.03990195247965393,0.32,0.5714144407022494,0.3877551020408163,2.0,0.0,1,0.025125628140703515,0,0,0,0,0,0,1,0,0,0,0,0,0,0
2026-03-10,AWC,0.0,-0.017852291187675885,0.03479379686348734,0.23,0.26474316484215,0.0,0.0,0.0,0,0.0,0,0,0,0,0,0,0,1,0,0,0,0,0,0
2026-03-10,BANPU,-0.008403343973771071,0.013150303837467781,0.04674697438093069,0.12,0.5168610876183813,0.3469387755102041,1.0,0.0,0,-0.03389831780457808,0,0,0,0,0,0,1,0,0,0,0,0,0,0
2026-03-10,BBL,0.0030120519725933548,-0.008700974912844073,0.01332073864326182,0.28,0.8021884428957072,0.4897959183673469,5.0,0.0,1,0.003003006760157634,0,0,0,0,0,0,0,0,1,0,0,0,0,0
2026-03-10,BDMS,0.008086232306000696,-0.013064451716799885,0.026005820220888175,0.4,0.6121736045413307,0.4081632653061224,5.0,0.0,0,0.0,0,0,0,0,0,0,1,0,0,0,0,0,0,0
2026-03-10,BEM,0.0,-0.013334168427099646,0.03446413106745199,0.23,0.3153698175379232,0.0204081632653061,0.0,0.0,0,-0.018518500530834592,0,0,0,0,0,0,0,0,0,1,0,0,0,0
2026-03-10,BH,0.043988300768145194,-0.007019892079852941,0.04055172894928524,0.92,0.5733025950300475,0.4693877551020408,3.0,0.0,1,0.005617957229310244,0,0,0,0,0,0,1,0,0,0,0,0,0,0
2026-03-10,BJC,0.0073528814077490345,-0.01741753996635422,0.03623367297124185,0.36,0.3859487784668349,0.1020408163265306,0.0,0.0,0,-0.007299211173619313,0,0,0,0,0,0,0,0,0,1,0,0,0,0
2026-03-10,BTS,-0.0096153757981291,-0.01107908494436296,0.021012430517440957,0.08,0.3820598396963626,0.0816326530612244,1.0,0.0,0,0.0,0,0,0,0,0,0,0,0,0,1,0,0,0,0
2026-03-10,CBG,-0.013986013986013957,-0.02769217109443236,0.022217722694218497,0.06,0.4037334379706352,0.1428571428571428,0.0,0.0,1,0.007092198581560183,0,0,0,0,0,0,0,0,0,1,0,0,0,0
2026-03-10,CCET,0.07142861014423896,-0.00797592359917627,0.07162093416697608,1.0,0.2944691120222417,0.0408163265306122,1.0,0.0,0,-0.004166668774519544,0,0,0,0,0,0,0,0,0,0,0,1,0,0
2026-03-10,CENTEL,-0.007518860507509273,-0.01714574853364035,0.060489404029927314,0.14,0.2958173008031775,0.0,0.0,0.0,1,0.007575822056783865,0,0,0,0,0,0,0,0,0,0,0,0,1,0
2026-03-10,COM7,0.03271022456443817,0.000932589596404254,0.039311205998763935,0.9,0.5390811125917591,0.3469387755102041,0.0,0.0,1,0.06334839793505775,0,0,0,0,0,0,1,0,0,0,0,0,0,0
2026-03-10,CPALL,-0.00526312280786545,-0.011108340252603054,0.018752288181785457,0.18,0.4825031688955927,0.183673469387755,2.0,0.0,0,-0.010582023435949606,0,0,0,0,0,0,0,0,0,1,0,0,0,0
2026-03-10,CPF,0.01587301425012222,-0.011760126403242487,0.02667842905746647,0.56,0.7091921123853364,0.4897959183673469,5.0,0.0,0,-0.020833364784821007,0,0,0,0,0,0,1,0,0,0,0,0,0,0
2026-03-10,CPN,0.020242914979757165,-0.004556900013780907,0.02473861389962467,0.66,0.2998494178860543,0.0204081632653061,0.0,0.0,1,0.015873015873015817,0,0,0,0,0,0,0,0,0,0,0,1,0,0
2026-03-10,CRC,0.011111197227008152,-0.016184527335681785,0.03555325274835255,0.52,0.1885120701342117,0.1224489795918367,0.0,0.0,0,-0.01098909522264302,0,0,0,0,0,0,0,0,0,1,0,0,0,0
2026-03-10,DELTA,0.044897959183673564,-0.006263327995093504,0.07212864390051862,0.94,0.7549857549857552,0.5102040816326531,7.0,0.0,1,0.0078125,0,0,0,0,0,0,0,0,0,0,0,1,0,0
2026-03-10,EGCO,0.02262443085215171,-0.009733648310695609,0.036940937361777296,0.72,0.2641362307564376,0.0,3.0,0.0,0,0.0,0,0,0,0,0,0,0,0,0,0,0,0,0,1
2026-03-10,GPSC,0.045454545454545414,-0.017798167431200173,0.056943026966522606,0.96,0.3084218345695337,0.0408163265306122,4.0,0.0,0,-0.02898550724637683,0,0,0,0,0,0,1,0,0,0,0,0,0,0
2026-03-10,GULF,0.02752293577981657,-0.004537120989823329,0.04271658003106182,0.84,0.824860649548974,0.5306122448979591,12.0,0.0,0,-0.0267857142857143,1,0,0,0,0,0,0,0,0,0,0,0,0,0
2026-03-10,HMPRO,-0.015503916337513135,-0.02041254500244085,0.02621004030604864,0.04,0.3412017927251844,0.0816326530612244,0.0,0.0,0,0.0,0,0,0,0,0,0,0,0,0,1,0,0,0,0
2026-03-10,IVL,0.02127668330538146,-0.015724729314300467,0.0511451036027944,0.7,0.6190346064901138,0.4489795918367346,0.0,0.0,0,-0.015625037777650674,0,0,0,0,0,0,1,0,0,0,0,0,0,0
2026-03-10,KBANK,0.018970191617178056,-0.009141234004260234,0.020384115678754533,0.64,0.8492309488143115,0.5510204081632653,8.0,0.0,1,0.00797869942405005,0,0,0,0,0,0,0,0,1,0,0,0,0,0
2026-03-10,KKP,0.010526325293461092,-0.008614443817917095,0.02090401375102261,0.48,0.6442502814112808,0.4081632653061224,1.0,0.0,0,0.0,0,0,0,0,0,0,0,0,1,0,0,0,0,0
2026-03-10,KTB,0.030075156190246144,0.004681324765512107,0.024738574056208777,0.86,0.750245974679521,0.3673469387755101,1.0,0.0,0,0.0,0,0,0,0,0,0,0,0,1,0,0,0,0,0
2026-03-10,KTC,-0.008547031634053015,-0.016088490712438386,0.027497068168648275,0.1,0.3257950366470686,0.0408163265306122,4.0,0.0,0,-0.008620713141985648,1,0,0,0,0,0,0,0,0,0,0,0,0,0
2026-03-10,LH,0.010752705968791965,-0.012826690965582022,0.03316370577352598,0.5,0.2735033172691258,0.0,4.0,0.0,0,0.0,0,1,0,0,0,0,0,0,0,0,0,0,0,0
2026-03-10,MINT,0.05238090210380486,-0.013028969482033425,0.06347032034613502,0.98,0.4943019943019943,0.2040816326530612,1.0,0.0,1,0.040723968759290186,1,0,0,0,0,0,0,0,0,0,0,0,0,0
2026-03-10,MTC,0.01639346539894415,-0.017968094744254627,0.028802604512163037,0.58,0.2887361173649064,0.0,0.0,0.0,1,0.00806449608611537,0,0,1,0,0,0,0,0,0,0,0,0,0,0
2026-03-10,OR,0.00900895714943828,-0.01994948515750583,0.022202818582461353,0.42,0.6153782616814699,0.2857142857142857,9.0,0.0,0,-0.008928520490927738,0,0,0,0,0,0,0,0,0,0,0,1,0,0
2026-03-10,OSP,-0.006756780916296945,-0.017673546657265414,0.02924203241099886,0.16,0.338970421015203,0.0612244897959183,0.0,0.0,0,-0.02721091564570155,0,0,0,0,0,0,0,0,0,1,0,0,0,0
2026-03-10,PTT,0.007518796992481258,-0.010185000839365332,0.02067645494071541,0.38,0.7728921116235123,0.4285714285714285,9.0,0.0,0,0.0,0,0,0,0,0,0,1,0,0,0,0,0,0,0
2026-03-10,PTTEP,-0.02777777777777779,-0.0025807940407552633,0.025000473178021173,0.02,0.6813255353395934,0.4489795918367346,6.0,0.0,1,0.02499999999999991,0,0,0,0,0,0,1,0,0,0,0,0,0,0
2026-03-10,PTTGC,0.0,0.004679986534077996,0.04811052966060552,0.23,0.6382595769495901,0.4693877551020408,0.0,0.0,0,-0.0092592592592593,0,0,0,0,0,0,1,0,0,0,0,0,0,0
2026-03-10,RATCH,0.026548626483096527,-0.011114402259103606,0.03639793194676587,0.82,0.2677087625191304,0.0,4.0,0.0,0,0.0,0,0,0,1,0,0,0,0,0,0,0,0,0,0
2026-03-10,SAWAD,0.020746867619624076,-0.014016038851336555,0.04293734253581916,0.68,0.3498375384972611,0.0816326530612244,0.0,0.0,0,0.0,0,0,0,0,0,0,0,0,0,1,0,0,0,0
2026-03-10,SCB,0.00699304207020135,-0.0026553600227264607,0.015747290555976623,0.34,0.7988495394135452,0.4693877551020408,18.0,0.0,0,0.0,0,0,0,0,0,0,0,0,1,0,0,0,0,0
2026-03-10,SCC,0.024024022352587604,-0.045390985635385975,0.0632893901476344,0.78,0.6673911126530135,0.4489795918367346,5.0,0.0,1,0.02639293743655413,0,0,0,0,0,0,1,0,0,0,0,0,0,0
2026-03-10,SCGP,0.02312144046253195,-0.013150692666760565,0.04724504179663301,0.74,0.5128534376254641,0.3469387755102041,1.0,0.0,0,-0.011299460429682329,0,0,0,0,0,0,1,0,0,0,0,0,0,0
2026-03-10,TCAP,0.01801797425101448,-0.0075345516955263704,0.024575162582607932,0.6,0.3602260403234661,0.1020408163265306,0.0,0.0,0,0.0,0,0,0,0,0,0,0,0,1,0,0,0,0,0
2026-03-10,TIDLOR,0.023391823710996906,-0.009547099704247764,0.032711992522214364,0.76,0.2781370028253271,0.0,0.0,0.0,0,-0.02857144151564328,0,0,0,0,1,0,0,0,0,0,0,0,0,0
2026-03-10,TISCO,0.004504490164700892,-0.003524019993442229,0.007941308083600376,0.3,0.6406867342025374,0.4081632653061224,2.0,0.0,1,0.008968653468887977,0,0,0,0,0,0,0,0,1,0,0,0,0,0
2026-03-10,TLI,0.010000026298290887,-0.009541312615581998,0.013739611951388096,0.46,0.299872962494744,0.0,1.0,0.0,0,0.0,0,0,0,0,0,1,0,0,0,0,0,0,0,0
2026-03-10,TOP,0.032258064516129004,-0.016950694289461853,0.04460134022908962,0.88,0.7386039040525615,0.5102040816326531,0.0,0.0,0,-0.015625,0,0,0,0,0,0,1,0,0,0,0,0,0,0
2026-03-10,TRUE,0.015384662498191481,-0.011324447458916875,0.030409221002051134,0.54,0.7259234069997916,0.5510204081632653,5.0,0.0,0,-0.007575706863559795,1,0,0,0,0,0,0,0,0,0,0,0,0,0
2026-03-10,TTB,0.009174363665279017,-0.008662576747980322,0.021481216833144388,0.44,0.389142793520201,0.2448979591836734,15.0,0.0,0,0.0,0,0,0,0,0,0,0,0,1,0,0,0,0,0
2026-03-10,TU,0.018181800842285156,-0.006658123151331141,0.028656561029507244,0.62,0.2779194133981291,0.0,0.0,0.0,0,-0.017857126131349377,0,0,0,0,0,0,0,0,0,0,1,0,0,0
2026-03-10,WHA,0.0,-0.006853784024385035,0.009522761338553058,0.23,0.2667685974671863,0.0204081632653061,1.0,0.0,1,0.02512558870380799,1,0,0,0,0,0,0,0,0,0,0,0,0,0
2026-03-11,ADVANC,-0.013698630136986356,0.00010192620094608972,0.01601775912953647,0.22,0.8340338761433772,0.5306122448979591,5.0,0.0,1,0.022222222222222143,1,0,0,0,0,0,0,0,0,0,0,0,0,0
2026-03-11,AOT,0.025125628140703515,0.010423324635427722,0.0285431345031045,0.94,0.5714144407022494,0.3877551020408163,1.0,0.0,0,-0.009803921568627416,0,0,0,0,0,0,1,0,0,0,0,0,0,0
2026-03-11,AWC,0.0,-0.0019230734881992896,0.004300123045341251,0.56,0.26474316484215,0.0,0.0,0.0,1,0.009708720354587808,0,0,0,0,0,0,0,1,0,0,0,0,0,0
2026-03-11,BANPU,-0.03389831780457808,0.0009652463709235893,0.05004935383073459,0.02,0.5168610876183813,0.3469387755102041,1.0,0.0,1,0.05263164254522579,0,0,0,0,0,0,1,0,0,0,0,0,0,0
2026-03-11,BBL,0.003003006760157634,-0.0017785447481538652,0.004537815781288718,0.72,0.8021884428957072,0.4897959183673469,5.0,0.0,1,0.008982047132215065,0,0,0,0,0,0,0,0,1,0,0,0,0,0
2026-03-11,BDMS,0.0,-0.0014702380371624634,0.006840275288515763,0.56,0.6121736045413307,0.4081632653061224,4.0,0.0,0,0.0,0,0,0,0,0,0,1,0,0,0,0,0,0,0
2026-03-11,BEM,-0.018518500530834592,-0.0035925042251714555,0.01870203500682174,0.14,0.3153698175379232,0.0204081632653061,0.0,0.0,1,0.028301813798515152,0,0,0,0,0,0,0,0,0,1,0,0,0,0
2026-03-11,BH,0.005617957229310244,0.006536122261644417,0.026353338512917674,0.74,0.5733025950300475,0.4693877551020408,1.0,0.0,0,-0.013966520090335166,0,0,0,0,0,0,1,0,0,0,0,0,0,0
2026-03-11,BJC,-0.007299211173619313,-0.002877381157554959,0.009750009713516215,0.38,0.3859487784668349,0.1020408163265306,0.0,0.0,1,0.036764694774891415,0,0,0,0,0,0,0,0,0,1,0,0,0,0
2026-03-11,BTS,0.0,-0.001904760174740372,0.008022984637029372,0.56,0.3820598396963626,0.0816326530612244,2.0,0.0,1,0.019417457749564715,0,0,0,0,0,0,0,0,0,1,0,0,0,0
2026-03-11,CBG,0.007092198581560183,-0.012940403055002037,0.012014351072513111,0.76,0.4037334379706352,0.1428571428571428,0.0,0.0,1,0.007042253521126751,0,0,0,0,0,0,0,0,0,1,0,0,0,0
2026-03-11,CCET,-0.004166668774519544,0.01455709051507339,0.03919333814215017,0.4,0.2944691120222417,0.0408163265306122,1.0,0.0,1,0.016736410175755223,0,0,0,0,0,0,0,0,0,0,0,1,0,0
2026-03-11,CENTEL,0.007575822056783865,0.002300452141715459,0.044996212633705415,0.78,0.2958173008031775,0.0,0.0,0.0,1,0.022556346869785138,0,0,0,0,0,0,0,0,0,0,0,0,1,0
2026-03-11,COM7,0.06334839793505775,0.023947107201941976,0.03411795805942573,1.0,0.5390811125917591,0.3469387755102041,0.0,0.0,1,0.017021260362990454,0,0,0,0,0,0,1,0,0,0,0,0,0,0
2026-03-11,CPALL,-0.010582023435949606,-0.006224743989815917,0.01338666372609486,0.28,0.4825031688955927,0.183673469387755,2.0,0.0,1,0.010695200296135354,0,0,0,0,0,0,0,0,0,1,0,0,0,0
2026-03-11,CPF,-0.020833364784821007,-0.005142474026324217,0.015270226283712472,0.12,0.7091921123853364,0.4897959183673469,5.0,0.0,1,0.015957548501182695,0,0,0,0,0,0,1,0,0,0,0,0,0,0
2026-03-11,CPN,0.015873015873015817,0.006826655385093883,0.01488360556147516,0.88,0.2998494178860543,0.0204081632653061,0.0,0.0,1,0.0390625,0,0,0,0,0,0,0,0,0,0,0,1,0,0
2026-03-11,CRC,-0.01098909522264302,-0.0032308361796631324,0.013183246158772224,0.26,0.1885120701342117,0.1224489795918367,0.0,0.0,1,0.05000005054628742,0,0,0,0,0,0,0,0,0,1,0,0,0,0
2026-03-11,DELTA,0.0078125,0.016272954776442083,0.04675952375816658,0.8,0.7549857549857552,0.5102040816326531,7.0,0.0,1,0.015503875968992276,0,0,0,0,0,0,0,0,0,0,0,1,0,0
2026-03-11,EGCO,0.0,0.0037117178633628177,0.018329756705284275,0.56,0.2641362307564376,0.0,3.0,0.0,1,0.013274306458190832,0,0,0,0,0,0,0,0,0,0,0,0,0,1
2026-03-11,GPSC,-0.02898550724637683,-0.003858426775212376,0.037353232916358184,0.04,0.3084218345695337,0.0408163265306122,4.0,0.0,1,0.014925373134328401,0,0,0,0,0,0,1,0,0,0,0,0,0,0
2026-03-11,GULF,-0.0267857142857143,0.002279649196512068,0.033121513742308754,0.1,0.824860649548974,0.5306122448979591,10.0,0.0,1,0.032110091743119185,1,0,0,0,0,0,0,0,0,0,0,0,0,0
2026-03-11,HMPRO,0.0,-0.007646582487180931,0.010777624118634605,0.56,0.3412017927251844,0.0816326530612244,0.0,0.0,1,0.015748073146046426,0,0,0,0,0,0,0,0,0,1,0,0,0,0
2026-03-11,IVL,-0.015625037777650674,0.0012459688658039258,0.021448000713075087,0.18,0.6190346064901138,0.4489795918367346,0.0,0.0,1,0.07407411955827836,0,0,0,0,0,0,1,0,0,0,0,0,0,0
2026-03-11,KBANK,0.00797869942405005,-0.0004388946306977948,0.014832077385680473,0.82,0.8492309488143115,0.5510204081632653,7.0,0.0,0,-0.0026384858896137953,0,0,0,0,0,0,0,0,1,0,0,0,0,0
2026-03-11,KKP,0.0,-0.001305474073268109,0.013918576562343642,0.56,0.6442502814112808,0.4081632653061224,0.0,0.0,1,0.010416675973685452,0,0,0,0,0,0,0,0,1,0,0,0,0,0
2026-03-11,KTB,0.0,0.009158928901715768,0.020229364980097395,0.56,0.750245974679521,0.3673469387755101,1.0,0.0,1,0.021897891824664173,0,0,0,0,0,0,0,0,1,0,0,0,0,0
2026-03-11,KTC,-0.008620713141985648,-0.00511421206723488,0.0075968084942553546,0.34,0.3257950366470686,0.0408163265306122,3.0,0.0,1,0.03478263381819824,1,0,0,0,0,0,0,0,0,0,0,0,0,0
2026-03-11,LH,0.0,0.0011036558301198874,0.009545826326134212,0.56,0.2735033172691258,0.0,4.0,0.0,1,0.010638249792841226,0,1,0,0,0,0,0,0,0,0,0,0,0,0
2026-03-11,MINT,0.040723968759290186,0.01780487737561942,0.032273214733532465,0.98,0.4943019943019943,0.2040816326530612,1.0,0.0,0,-0.013043389654332382,1,0,0,0,0,0,0,0,0,0,0,0,0,0
2026-03-11,MTC,0.00806449608611537,-0.0060610695489852874,0.023263435826777954,0.84,0.2887361173649064,0.0,0.0,0.0,1,0.024000002465439207,0,0,1,0,0,0,0,0,0,0,0,0,0,0
2026-03-11,OR,-0.008928520490927738,-0.012057778832246124,0.015598332571106951,0.32,0.6153782616814699,0.2857142857142857,8.0,0.0,1,0.018018000215478835,0,0,0,0,0,0,0,0,0,0,0,1,0,0
2026-03-11,OSP,-0.02721091564570155,-0.009451133135048705,0.01232823382347194,0.08,0.338970421015203,0.0612244897959183,0.0,0.0,1,0.020979097176992312,0,0,0,0,0,0,0,0,0,1,0,0,0,0
2026-03-11,PTT,0.0,-0.002021733327234698,0.011643924661101781,0.56,0.7728921116235123,0.4285714285714285,10.0,0.0,1,0.04477611940298498,0,0,0,0,0,0,1,0,0,0,0,0,0,0
2026-03-11,PTTEP,0.02499999999999991,0.008757234128258795,0.02103976206636917,0.9,0.6813255353395934,0.4489795918367346,7.0,0.0,1,0.006968641114982521,0,0,0,0,0,0,1,0,0,0,0,0,0,0
2026-03-11,PTTGC,-0.0092592592592593,0.016413034584569886,0.02955106323566477,0.3,0.6382595769495901,0.4693877551020408,0.0,0.0,1,0.05607476635514019,0,0,0,0,0,0,1,0,0,0,0,0,0,0
2026-03-11,RATCH,0.0,0.00026771747402332124,0.025873310979564502,0.56,0.2677087625191304,0.0,3.0,0.0,1,0.028368836059387892,0,0,0,1,0,0,0,0,0,0,0,0,0,0
2026-03-11,SAWAD,0.0,-0.0011858418957571004,0.03253585832808653,0.56,0.3498375384972611,0.0816326530612244,0.0,0.0,1,0.03658539370573277,0,0,0,0,0,0,0,0,0,1,0,0,0,0
2026-03-11,SCB,0.0,0.002139161748872298,0.010363364358056182,0.56,0.7988495394135452,0.4693877551020408,21.0,0.0,0,-0.0034722395180729615,0,0,0,0,0,0,0,0,1,0,0,0,0,0
2026-03-11,SCC,0.02639293743655413,-0.01614926536032959,0.05329328163299997,0.96,0.6673911126530135,0.4489795918367346,5.0,0.0,1,0.03428571277270276,0,0,0,0,0,0,1,0,0,0,0,0,0,0
2026-03-11,SCGP,-0.011299460429682329,0.0014315192200589743,0.02654759593365861,0.24,0.5128534376254641,0.3469387755102041,1.0,0.0,1,0.022857083914749055,0,0,0,0,0,0,1,0,0,0,0,0,0,0
2026-03-11,TCAP,0.0,0.0009760929206542146,0.014866583573466055,0.56,0.3602260403234661,0.1020408163265306,0.0,0.0,0,0.0,0,0,0,0,0,0,0,0,1,0,0,0,0,0
2026-03-11,TIDLOR,-0.02857144151564328,-0.005478795587098984,0.027430807435399534,0.06,0.2781370028253271,0.0,0.0,0.0,1,0.011764711369087522,0,0,0,0,1,0,0,0,0,0,0,0,0,0
2026-03-11,TISCO,0.008968653468887977,0.0009128740904485122,0.007347845138790768,0.86,0.6406867342025374,0.4081632653061224,2.0,0.0,1,0.004444430167214852,0,0,0,0,0,0,0,0,1,0,0,0,0,0
2026-03-11,TLI,0.0,-0.005767698903295026,0.013114450179152267,0.56,0.299872962494744,0.0,1.0,0.0,1,0.019801931612427603,0,0,0,0,0,1,0,0,0,0,0,0,0,0
2026-03-11,TOP,-0.015625,-0.005789980003747574,0.03304628894389087,0.2,0.7386039040525615,0.5102040816326531,0.0,0.0,1,0.04761904761904767,0,0,0,0,0,0,1,0,0,0,0,0,0,0
2026-03-11,TRUE,-0.007575706863559795,-0.0028395860573451116,0.021547460067896543,0.36,0.7259234069997916,0.5510204081632653,5.0,0.0,1,0.030534219309586996,1,0,0,0,0,0,0,0,0,0,0,0,0,0
2026-03-11,TTB,0.0,3.3060552110208977e-05,0.009091393178919792,0.56,0.389142793520201,0.2448979591836734,13.0,0.0,1,0.00909084812821681,0,0,0,0,0,0,0,0,1,0,0,0,0,0
2026-03-11,TU,-0.017857126131349377,0.00011528544547694253,0.01695485040457992,0.16,0.2779194133981291,0.0,0.0,0.0,0,-0.009090943769975102,0,0,0,0,0,0,0,0,0,0,1,0,0,0
2026-03-11,WHA,0.02512558870380799,0.0020548277028814344,0.014411360067656106,0.92,0.2667685974671863,0.0204081632653061,1.0,0.0,1,0.019607776947182964,1,0,0,0,0,0,0,0,0,0,0,0,0,0
2026-03-12,ADVANC,0.022222222222222143,0.004546370645390518,0.018820242460892162,0.64,0.8340338761433772,0.5306122448979591,5.0,0.0,0,-0.013586956521739135,1,0,0,0,0,0,0,0,0,0,0,0,0,0
2026-03-12,AOT,-0.009803921568627416,-0.001846738028813233,0.017493604259879725,0.06,0.5714144407022494,0.3877551020408163,1.0,0.0,0,-0.02970297029702973,0,0,0,0,0,0,1,0,0,0,0,0,0,0
2026-03-12,AWC,0.009708720354587808,1.8670582718272045e-05,0.006832144593677503,0.28,0.26474316484215,0.0,0.0,0.0,0,-0.019230734881992895,0,0,0,0,0,0,0,1,0,0,0,0,0,0
2026-03-12,BANPU,0.05263164254522579,-0.0060522829520724295,0.03505950384651802,0.96,0.5168610876183813,0.3469387755102041,1.0,0.0,1,0.016666631135151544,0,0,0,0,0,0,1,0,0,0,0,0,0,0
2026-03-12,BBL,0.008982047132215065,0.0006113372220768465,0.006484336098431433,0.24,0.8021884428957072,0.4897959183673469,4.0,0.0,0,-0.0059347254378768755,0,0,0,0,0,0,0,0,1,0,0,0,0,0
2026-03-12,BDMS,0.0,-0.0004445943117840745,0.006532199413764843,0.15,0.6121736045413307,0.4081632653061224,2.0,0.0,1,0.005347511766912616,0,0,0,0,0,0,1,0,0,0,0,0,0,0
2026-03-12,BEM,0.028301813798515152,-0.00333753207412546,0.019225216243112308,0.72,0.3153698175379232,0.0204081632653061,0.0,0.0,0,-0.03669721399350001,0,0,0,0,0,0,0,0,0,1,0,0,0,0
2026-03-12,BH,-0.013966520090335166,0.0002846174858506689,0.02686669922995042,0.02,0.5733025950300475,0.4693877551020408,2.0,0.0,1,0.0028328511252331268,0,0,0,0,0,0,1,0,0,0,0,0,0,0
2026-03-12,BJC,0.036764694774891415,0.0030262941476160597,0.020463313158363673,0.86,0.3859487784668349,0.1020408163265306,0.0,0.0,0,0.0,0,0,0,0,0,0,0,0,0,1,0,0,0,0
2026-03-12,BTS,0.019417457749564715,5.565621554672884e-05,0.011834065364506603,0.54,0.3820598396963626,0.0816326530612244,2.0,0.0,0,-0.01904760174740394,0,0,0,0,0,0,0,0,0,1,0,0,0,0
2026-03-12,CBG,0.007042253521126751,-0.006782604120463986,0.012945227971782745,0.22,0.4037334379706352,0.1428571428571428,0.0,0.0,0,-0.04195804195804198,0,0,0,0,0,0,0,0,0,1,0,0,0,0
2026-03-12,CCET,0.016736410175755223,0.012523203701166552,0.03865244253774489,0.48,0.2944691120222417,0.0408163265306122,2.0,0.0,0,-0.032921927076458135,0,0,0,0,0,0,0,0,0,0,0,1,0,0
2026-03-12,CENTEL,0.022556346869785138,-0.008339804382680383,0.025233438519075668,0.66,0.2958173008031775,0.0,0.0,0.0,0,-0.03676467382312354,0,0,0,0,0,0,0,0,0,0,0,0,1,0
2026-03-12,COM7,0.017021260362990454,0.019169532391649823,0.03279585008243404,0.5,0.5390811125917591,0.3469387755102041,0.0,0.0,0,-0.00836815308715555,0,0,0,0,0,0,1,0,0,0,0,0,0,0
2026-03-12,CPALL,0.010695200296135354,-0.007194524377376665,0.01145109756298376,0.34,0.4825031688955927,0.183673469387755,1.0,0.0,0,-0.01587307704003582,0,0,0,0,0,0,0,0,0,1,0,0,0,0
2026-03-12,CPF,0.015957548501182695,0.001157823835654681,0.01636513761560715,0.46,0.7091921123853364,0.4897959183673469,5.0,0.0,0,-0.010471269870625743,0,0,0,0,0,0,1,0,0,0,0,0,0,0
2026-03-12,CPN,0.0390625,0.012304518079419947,0.02092673393928494,0.88,0.2998494178860543,0.0204081632653061,0.0,0.0,0,-0.03383458646616544,0,0,0,0,0,0,0,0,0,0,0,1,0,0
2026-03-12,CRC,0.05000005054628742,0.0045833867719971,0.02749049688026306,0.94,0.1885120701342117,0.1224489795918367,0.0,0.0,0,-0.005291046043867986,0,0,0,0,0,0,0,0,0,1,0,0,0,0
2026-03-12,DELTA,0.015503875968992276,0.0034741483802823714,0.031344703703218395,0.42,0.7549857549857552,0.5102040816326531,5.0,0.0,0,-0.026717557251908386,0,0,0,0,0,0,0,0,0,0,0,1,0,0
2026-03-12,EGCO,0.013274306458190832,0.0018620754152664175,0.016312655440936723,0.38,0.2641362307564376,0.0,3.0,0.0,0,-0.011235955056179803,0,0,0,0,0,0,0,0,0,0,0,0,0,1
2026-03-12,GPSC,0.014925373134328401,-0.0008733521483466955,0.03832246849576962,0.4,0.3084218345695337,0.0408163265306122,4.0,0.0,0,-0.02941176470588236,0,0,0,0,0,0,1,0,0,0,0,0,0,0
2026-03-12,GULF,0.032110091743119185,-0.000557591714123351,0.028724027794785157,0.78,0.824860649548974,0.5306122448979591,9.0,0.0,0,0.0,1,0,0,0,0,0,0,0,0,0,0,0,0,0
2026-03-12,HMPRO,0.015748073146046426,-0.006012123341962594,0.013846128647913493,0.44,0.3412017927251844,0.0816326530612244,0.0,0.0,0,-0.023255797924810917,0,0,0,0,0,0,0,0,0,1,0,0,0,0
2026-03-12,IVL,0.07407411955827836,0.011805456116383306,0.03932322181517685,1.0,0.6190346064901138,0.4489795918367346,0.0,0.0,0,-0.029556626308573142,0,0,0,0,0,0,1,0,0,0,0,0,0,0
2026-03-12,KBANK,-0.0026384858896137953,-0.0009665918086205538,0.014859469455121559,0.12,0.8492309488143115,0.5510204081632653,5.0,0.0,0,0.0,0,0,0,0,0,0,0,0,1,0,0,0,0,0
2026-03-12,KKP,0.010416675973685452,-0.0019807695121992763,0.013058208448905853,0.3,0.6442502814112808,0.4081632653061224,0.0,0.0,0,-0.017182108933429974,0,0,0,0,0,0,0,0,1,0,0,0,0,0
2026-03-12,KTB,0.021897891824664173,0.007431643779030539,0.01821651175299484,0.62,0.750245974679521,0.3673469387755101,1.0,0.0,0,-0.021428649574336656,0,0,0,0,0,0,0,0,1,0,0,0,0,0
2026-03-12,KTC,0.03478263381819824,0.00014739478629104407,0.019361856665942815,0.82,0.3257950366470686,0.0408163265306122,5.0,0.0,0,-0.016806700371544525,1,0,0,0,0,0,0,0,0,0,0,0,0,0
2026-03-12,LH,0.010638249792841226,0.0010922780041241697,0.009531559261692966,0.32,0.2735033172691258,0.0,4.0,0.0,0,-0.005263166763493032,0,1,0,0,0,0,0,0,0,0,0,0,0,0
2026-03-12,MINT,-0.013043389654332382,0.00950899792494091,0.03413476280336988,0.04,0.4943019943019943,0.2040816326530612,1.0,0.0,0,-0.026431793173049778,1,0,0,0,0,0,0,0,0,0,0,0,0,0
2026-03-12,MTC,0.024000002465439207,-0.0028114648012947272,0.02657450789181001,0.7,0.2887361173649064,0.0,0.0,0.0,0,-0.02343750235122599,0,0,1,0,0,0,0,0,0,0,0,0,0,0
2026-03-12,OR,0.018018000215478835,-0.0016745081834047327,0.014677467196825077,0.52,0.6153782616814699,0.2857142857142857,7.0,0.0,0,-0.017699097866309854,0,0,0,0,0,0,0,0,0,0,0,1,0,0
2026-03-12,OSP,0.020979097176992312,-0.002588650517365987,0.017912290697796714,0.6,0.338970421015203,0.0612244897959183,0.0,0.0,0,-0.013698678869462633,0,0,0,0,0,0,0,0,0,1,0,0,0,0
2026-03-12,PTT,0.04477611940298498,0.0060472185732108885,0.02431656128107607,0.9,0.7728921116235123,0.4285714285714285,10.0,0.0,0,-0.021428571428571463,0,0,0,0,0,0,1,0,0,0,0,0,0,0
2026-03-12,PTTEP,0.006968641114982521,0.006514598714891684,0.020371030678611995,0.2,0.6813255353395934,0.4489795918367346,7.0,0.0,1,0.01384083044982698,0,0,0,0,0,0,1,0,0,0,0,0,0,0
2026-03-12,PTTGC,0.05607476635514019,0.027627987855597926,0.032279446757351254,0.98,0.6382595769495901,0.4693877551020408,0.0,0.0,0,0.0,0,0,0,0,0,0,1,0,0,0,0,0,0,0
2026-03-12,RATCH,0.028368836059387892,0.0007690661115980823,0.02650970079829299,0.74,0.2677087625191304,0.0,3.0,0.0,0,-0.03448275862068961,0,0,0,1,0,0,0,0,0,0,0,0,0,0
2026-03-12,SAWAD,0.03658539370573277,0.0004860587972746799,0.03457588863842997,0.84,0.3498375384972611,0.0816326530612244,0.0,0.0,0,-0.03529414356779825,0,0,0,0,0,0,0,0,0,1,0,0,0,0
2026-03-12,SCB,-0.0034722395180729615,-0.0020640524648748216,0.005819067947587727,0.1,0.7988495394135452,0.4693877551020408,21.0,0.0,1,0.0034843379740807645,0,0,0,0,0,0,0,0,1,0,0,0,0,0
2026-03-12,SCC,0.03428571277270276,-0.005627197444724197,0.05776261923730828,0.8,0.6673911126530135,0.4489795918367346,5.0,0.0,0,-0.024861856058941423,0,0,0,0,0,0,1,0,0,0,0,0,0,0
2026-03-12,SCGP,0.022857083914749055,0.0014052463932951343,0.026520980327323085,0.68,0.5128534376254641,0.3469387755102041,1.0,0.0,0,-0.027932971797893558,0,0,0,0,0,0,1,0,0,0,0,0,0,0
2026-03-12,TCAP,0.0,-0.0008016946944816583,0.014200336470547949,0.15,0.3602260403234661,0.1020408163265306,0.0,0.0,0,-0.008849536406403291,0,0,0,0,0,0,0,0,1,0,0,0,0,0
2026-03-12,TIDLOR,0.011764711369087522,-0.007697261303408687,0.0248978301870171,0.36,0.2781370028253271,0.0,0.0,0.0,0,-0.029069780841555537,0,0,0,0,1,0,0,0,0,0,0,0,0,0
2026-03-12,TISCO,0.004444430167214852,0.000908905862032161,0.007345452676958105,0.18,0.6406867342025374,0.4081632653061224,1.0,0.0,0,0.0,0,0,0,0,0,0,0,0,1,0,0,0,0,0
2026-03-12,TLI,0.019801931612427603,-0.001807312580809506,0.017536188076095093,0.58,0.299872962494744,0.0,1.0,0.0,0,-0.01941742901106147,0,0,0,0,0,1,0,0,0,0,0,0,0,0
2026-03-12,TOP,0.04761904761904767,-0.0003687345825021282,0.0399436048037222,0.92,0.7386039040525615,0.5102040816326531,0.0,0.0,0,-0.025252525252525304,0,0,0,0,0,0,1,0,0,0,0,0,0,0
2026-03-12,TRUE,0.030534219309586996,-0.0012440196224167588,0.024048380457711547,0.76,0.7259234069997916,0.5510204081632653,6.0,0.0,0,-0.014814788708385263,1,0,0,0,0,0,0,0,0,0,0,0,0,0
2026-03-12,TTB,0.00909084812821681,3.3060552110208977e-05,0.009091393178919792,0.26,0.389142793520201,0.2448979591836734,12.0,0.0,1,0.018018009037635396,0,0,0,0,0,0,0,0,1,0,0,0,0,0
2026-03-12,TU,-0.009090943769975102,0.0019334568599389534,0.014860268859029201,0.08,0.2779194133981291,0.0,0.0,0.0,0,0.0,0,0,0,0,0,0,0,0,0,0,1,0,0,0
2026-03-12,WHA,0.019607776947182964,0.005976383092318027,0.016261456906754488,0.56,0.2667685974671863,0.0204081632653061,1.0,0.0,0,-0.0240384262932426,1,0,0,0,0,0,0,0,0,0,0,0,0,0
2026-03-13,ADVANC,-0.013586956521739135,0.0012734237854871377,0.02054832616557312,0.62,0.8340338761433772,0.5306122448979591,3.0,0.0,1,0.019283746556473913,1,0,0,0,0,0,0,0,0,0,0,0,0,0
2026-03-13,AOT,-0.02970297029702973,-0.005826547774493695,0.021549728758389272,0.16,0.5714144407022494,0.3877551020408163,1.0,0.0,0,-0.015306122448979553,0,0,0,0,0,0,1,0,0,0,0,0,0,0
2026-03-13,AWC,-0.019230734881992895,-0.003827476393680307,0.010991904160899062,0.46,0.26474316484215,0.0,0.0,0.0,0,0.0,0,0,0,0,0,0,0,1,0,0,0,0,0,0
2026-03-13,BANPU,0.016666631135151544,0.003732642867729652,0.03266252030762704,0.98,0.5168610876183813,0.3469387755102041,2.0,0.0,0,-0.04098360126874667,0,0,0,0,0,0,1,0,0,0,0,0,0,0
2026-03-13,BBL,-0.0059347254378768755,0.0006148698011225085,0.006479869584690749,0.72,0.8021884428957072,0.4897959183673469,5.0,0.0,0,-0.0179104700357563,0,0,0,0,0,0,0,0,1,0,0,0,0,0
2026-03-13,BDMS,0.005347511766912616,0.0026867488145826623,0.0038042719093333587,0.94,0.6121736045413307,0.4081632653061224,3.0,0.0,0,0.0,0,0,0,0,0,0,1,0,0,0,0,0,0,0
2026-03-13,BEM,-0.03669721399350001,-0.008922599315947544,0.02452451397256695,0.06,0.3153698175379232,0.0204081632653061,0.0,0.0,0,-0.009523845854259694,0,0,0,0,0,0,0,0,0,1,0,0,0,0
2026-03-13,BH,0.0028328511252331268,0.005950337955766693,0.022741164502293458,0.9,0.5733025950300475,0.4693877551020408,2.0,0.0,0,-0.002824848749275244,0,0,0,0,0,0,1,0,0,0,0,0,0,0
2026-03-13,BJC,0.0,0.0044651315238862345,0.019807433582475425,0.83,0.3859487784668349,0.1020408163265306,0.0,0.0,0,-0.014184490166113006,0,0,0,0,0,0,0,0,0,1,0,0,0,0
2026-03-13,BTS,-0.01904760174740394,-0.0018491039591936654,0.014275926609712195,0.48,0.3820598396963626,0.0816326530612244,2.0,0.0,0,-0.009708728874782357,0,0,0,0,0,0,0,0,0,1,0,0,0,0
2026-03-13,CBG,-0.04195804195804198,-0.012471509809369685,0.020618582365716,0.02,0.4037334379706352,0.1428571428571428,0.0,0.0,1,0.007299270072992803,0,0,0,0,0,0,0,0,0,1,0,0,0,0
2026-03-13,CCET,-0.032921927076458135,0.0033187295604997667,0.04363874494347667,0.14,0.2944691120222417,0.0408163265306122,2.0,0.0,0,-0.008510643574280219,0,0,0,0,0,0,0,0,0,0,0,1,0,0
2026-03-13,CENTEL,-0.03676467382312354,-0.007242029350055801,0.023445208772492034,0.04,0.2958173008031775,0.0,0.0,0.0,1,0.007633533228573297,0,0,0,0,0,0,0,0,0,0,0,0,1,0
2026-03-13,COM7,-0.00836815308715555,0.02273608180043065,0.027104048273843943,0.7,0.5390811125917591,0.3469387755102041,0.0,0.0,1,0.00843877000643678,0,0,0,0,0,0,1,0,0,0,0,0,0,0
2026-03-13,CPALL,-0.01587307704003582,-0.008328320985985127,0.012086592105124772,0.56,0.4825031688955927,0.183673469387755,1.0,0.0,0,-0.010752616778229362,0,0,0,0,0,0,0,0,0,1,0,0,0,0
2026-03-13,CPF,-0.010471269870625743,-0.001989068354953516,0.016882965117339152,0.66,0.7091921123853364,0.4897959183673469,1.0,0.0,0,-0.010581975419316159,0,0,0,0,0,0,1,0,0,0,0,0,0,0
2026-03-13,CPN,-0.03383458646616544,0.004768375875485486,0.029685931533733785,0.12,0.2998494178860543,0.0204081632653061,0.0,0.0,1,0.0077821011673151474,0,0,0,0,0,0,0,0,0,0,0,1,0,0
2026-03-13,CRC,-0.005291046043867986,0.00676840225682831,0.025806602879692147,0.74,0.1885120701342117,0.1224489795918367,0.0,0.0,0,-0.005319082578437051,0,0,0,0,0,0,0,0,0,1,0,0,0,0
2026-03-13,DELTA,-0.026717557251908386,0.0004562183252495355,0.03379308104057332,0.26,0.7549857549857552,0.5102040816326531,5.0,0.0,1,0.0117647058823529,0,0,0,0,0,0,0,0,0,0,0,1,0,0
2026-03-13,EGCO,-0.011235955056179803,0.001377004183538566,0.016739824258958966,0.64,0.2641362307564376,0.0,3.0,0.0,0,-0.018181818181818188,0,0,0,0,0,0,0,0,0,0,0,0,0,1
2026-03-13,GPSC,-0.02941176470588236,-0.009675413118720244,0.03892982956533091,0.2,0.3084218345695337,0.0408163265306122,5.0,0.0,0,-0.015151515151515138,0,0,0,0,0,0,1,0,0,0,0,0,0,0
2026-03-13,GULF,0.0,0.0012123197903014305,0.02835564480360786,0.83,0.824860649548974,0.5306122448979591,9.0,0.0,0,-0.008888888888888835,1,0,0,0,0,0,0,0,0,0,0,0,0,0
2026-03-13,HMPRO,-0.023255797924810917,-0.007655771166819769,0.015566302155457372,0.38,0.3412017927251844,0.0816326530612244,0.0,0.0,0,-0.023809507008489716,0,0,0,0,0,0,0,0,0,1,0,0,0,0
2026-03-13,IVL,-0.029556626308573142,0.004852454953465202,0.04362007110428223,0.18,0.6190346064901138,0.4489795918367346,0.0,0.0,1,0.020304551582536856,0,0,0,0,0,0,1,0,0,0,0,0,0,0
2026-03-13,KBANK,0.0,0.0011386764060774767,0.01387984196946232,0.83,0.8492309488143115,0.5510204081632653,3.0,0.0,0,-0.02116398602963565,0,0,0,0,0,0,0,0,1,0,0,0,0,0
2026-03-13,KKP,-0.017182108933429974,-0.002696093188243176,0.013923499674030358,0.52,0.6442502814112808,0.4081632653061224,0.0,0.0,0,0.0,0,0,0,0,0,0,0,0,1,0,0,0,0,0
2026-03-13,KTB,-0.021428649574336656,0.0031459138641632078,0.022434432244075514,0.4,0.750245974679521,0.3673469387755101,2.0,0.0,0,-0.007299217984256923,0,0,0,0,0,0,0,0,1,0,0,0,0,0
2026-03-13,KTC,-0.016806700371544525,-0.0015332684411552,0.020613880945562765,0.54,0.3257950366470686,0.0408163265306122,4.0,0.0,0,-0.008547031634053015,1,0,0,0,0,0,0,0,0,0,0,0,0,0
2026-03-13,LH,-0.005263166763493032,0.0021560373223586727,0.0080908642197846,0.76,0.2735033172691258,0.0,3.0,0.0,0,-0.015872977608524574,0,1,0,0,0,0,0,0,0,0,0,0,0,0
2026-03-13,MINT,-0.026431793173049778,0.006987633100608149,0.0366613153527648,0.28,0.4943019943019943,0.2040816326530612,1.0,0.0,1,0.0361991420122354,1,0,0,0,0,0,0,0,0,0,0,0,0,0
2026-03-13,MTC,-0.02343750235122599,-0.0013451107293654507,0.024788411149912894,0.36,0.2887361173649064,0.0,0.0,0.0,0,-0.016000022188952467,0,0,1,0,0,0,0,0,0,0,0,0,0,0
2026-03-13,OR,-0.017699097866309854,-0.0034599517717260665,0.016218723116289115,0.5,0.6153782616814699,0.2857142857142857,7.0,0.0,0,0.0,0,0,0,0,0,0,0,0,0,0,0,1,0,0
2026-03-13,OSP,-0.013698678869462633,-0.006679729231510678,0.017577065211929803,0.6,0.338970421015203,0.0612244897959183,0.0,0.0,0,-0.013888938984448207,0,0,0,0,0,0,0,0,0,1,0,0,0,0
2026-03-13,PTT,-0.021428571428571463,0.0017615042874965959,0.027348190338673643,0.42,0.7728921116235123,0.4285714285714285,10.0,0.0,0,-0.021897810218978075,0,0,0,0,0,0,1,0,0,0,0,0,0,0
2026-03-13,PTTEP,0.01384083044982698,0.0071399076619999445,0.020579096237324353,0.96,0.6813255353395934,0.4489795918367346,7.0,0.0,0,-0.0068259385665528916,0,0,0,0,0,0,1,0,0,0,0,0,0,0
2026-03-13,PTTGC,0.0,0.015077387133461873,0.0269712894601119,0.83,0.6382595769495901,0.4693877551020408,0.0,0.0,1,0.017699115044247815,0,0,0,0,0,0,1,0,0,0,0,0,0,0
2026-03-13,RATCH,-0.03448275862068961,-0.0010854642626480615,0.028989801032114324,0.1,0.2677087625191304,0.0,3.0,0.0,0,-0.008928571428571397,0,0,0,1,0,0,0,0,0,0,0,0,0,0
2026-03-13,SAWAD,-0.03529414356779825,-0.006572769916284971,0.03812092474823615,0.08,0.3498375384972611,0.0816326530612244,0.0,0.0,0,-0.012195157486624586,0,0,0,0,0,0,0,0,0,1,0,0,0,0
2026-03-13,SCB,0.0034843379740807645,1.2132298012645926e-05,0.005507375711359487,0.92,0.7988495394135452,0.4693877551020408,22.0,0.0,0,-0.006944479036145923,0,0,0,0,0,0,0,0,1,0,0,0,0,0
2026-03-13,SCC,-0.024861856058941423,-0.008999581045724181,0.05842422028333458,0.32,0.6673911126530135,0.4489795918367346,5.0,0.0,0,-0.00849860488886145,0,0,0,0,0,0,1,0,0,0,0,0,0,0
2026-03-13,SCGP,-0.027932971797893558,-0.0064285661772085275,0.028594982221618572,0.24,0.5128534376254641,0.3469387755102041,1.0,0.0,0,-0.00574708412450553,0,0,0,0,0,0,1,0,0,0,0,0,0,0
2026-03-13,TCAP,-0.008849536406403291,-0.0025716019757623166,0.01462070797210613,0.68,0.3602260403234661,0.1020408163265306,0.0,0.0,0,-0.004464274967050708,0,0,0,0,0,0,0,0,1,0,0,0,0,0
2026-03-13,TIDLOR,-0.029069780841555537,-0.011276601509174288,0.02674066513590235,0.22,0.2781370028253271,0.0,0.0,0.0,0,-0.005988026794912615,0,0,0,0,1,0,0,0,0,0,0,0,0,0
2026-03-13,TISCO,0.0,0.0017977918954751536,0.0067830673636540524,0.83,0.6406867342025374,0.4081632653061224,1.0,0.0,0,-0.008849529219799646,0,0,0,0,0,0,0,0,1,0,0,0,0,0
2026-03-13,TLI,-0.01941742901106147,-0.001844653514437411,0.017582701161148493,0.44,0.299872962494744,0.0,1.0,0.0,1,0.009900915733307647,0,0,0,0,0,1,0,0,0,0,0,0,0,0
2026-03-13,TOP,-0.025252525252525304,-0.002404164256122776,0.041122284406983615,0.3,0.7386039040525615,0.5102040816326531,1.0,0.0,0,-0.041450777202072575,0,0,0,0,0,0,1,0,0,0,0,0,0,0
2026-03-13,TRUE,-0.014814788708385263,0.0016753650775225282,0.020380329017267655,0.58,0.7259234069997916,0.5510204081632653,5.0,0.0,1,0.007518747040003548,1,0,0,0,0,0,0,0,0,0,0,0,0,0
2026-03-13,TTB,0.018018009037635396,0.0054384521875957105,0.010322582753706715,1.0,0.389142793520201,0.2448979591836734,10.0,0.0,0,-0.017699106378941676,0,0,0,0,0,0,0,0,1,0,0,0,0,0
2026-03-13,TU,0.0,8.161563717310472e-05,0.014284917185419979,0.83,0.2779194133981291,0.0,0.0,0.0,0,-0.00917425975184516,0,0,0,0,0,0,0,0,0,0,1,0,0,0
2026-03-13,WHA,-0.0240384262932426,0.004138987871549671,0.019416165688511233,0.34,0.2667685974671863,0.0204081632653061,0.0,0.0,0,0.0,1,0,0,0,0,0,0,0,0,0,0,0,0,0
2026-03-16,ADVANC,0.019283746556473913,0.00790025619927499,0.019780049954624696,0.96,0.8340338761433772,0.5306122448979591,0.0,0.0,1,0.024324324324324298,1,0,0,0,0,0,0,0,0,0,0,0,0,0
2026-03-16,AOT,-0.015306122448979553,-0.004927376224685642,0.020904965411627008,0.22,0.5714144407022494,0.3877551020408163,1.0,0.0,1,0.02590673575129543,0,0,0,0,0,0,1,0,0,0,0,0,0,0
2026-03-16,AWC,0.0,-0.0019044029054810173,0.010558724625790078,0.74,0.26474316484215,0.0,0.0,0.0,1,0.009803903714131534,0,0,0,0,0,0,0,1,0,0,0,0,0,0
2026-03-16,BANPU,-0.04098360126874667,-0.0027973978733436987,0.03843210548802911,0.04,0.5168610876183813,0.3469387755102041,2.0,0.0,1,0.008546990577294133,0,0,0,0,0,0,1,0,0,0,0,0,0,0
2026-03-16,BBL,-0.0179104700357563,-0.001769617921733424,0.010477545542165342,0.14,0.8021884428957072,0.4897959183673469,5.0,0.0,1,0.006079035053762061,0,0,0,0,0,0,0,0,1,0,0,0,0,0
2026-03-16,BDMS,0.0,0.0026867488145826623,0.0038042719093333587,0.74,0.6121736045413307,0.4081632653061224,3.0,0.0,1,0.005319169442975058,0,0,0,0,0,0,1,0,0,0,0,0,0,0
2026-03-16,BEM,-0.009523845854259694,-0.007287549316015829,0.024061248958491134,0.38,0.3153698175379232,0.0204081632653061,0.0,0.0,1,0.00961542164785767,0,0,0,0,0,0,0,0,0,1,0,0,0,0
2026-03-16,BH,-0.002824848749275244,0.007129548056615631,0.021928567382691444,0.68,0.5733025950300475,0.4693877551020408,3.0,0.0,1,0.011940298507462588,0,0,0,0,0,0,1,0,0,0,0,0,0,0
2026-03-16,BJC,-0.014184490166113006,0.004526774968581626,0.019734027932964606,0.26,0.3859487784668349,0.1020408163265306,0.0,0.0,1,0.02158277178858503,0,0,0,0,0,0,0,0,0,1,0,0,0,0
2026-03-16,BTS,-0.009708728874782357,-0.0037908497341501367,0.014617720045826102,0.36,0.3820598396963626,0.0816326530612244,2.0,0.0,1,0.01960782480441492,0,0,0,0,0,0,0,0,0,1,0,0,0,0
2026-03-16,CBG,0.007299270072992803,-0.00690206675367524,0.02162790560701289,0.8,0.4037334379706352,0.1428571428571428,0.0,0.0,1,0.02898550724637672,0,0,0,0,0,0,0,0,0,1,0,0,0,0
2026-03-16,CCET,-0.008510643574280219,0.008513156178947257,0.03934917437896785,0.5,0.2944691120222417,0.0408163265306122,2.0,0.0,1,0.06437772265877406,0,0,0,0,0,0,0,0,0,0,0,1,0,0
2026-03-16,CENTEL,0.007633533228573297,-0.0013035664350981024,0.02249517043109658,0.84,0.2958173008031775,0.0,0.0,0.0,1,0.022727347955136867,0,0,0,0,0,0,0,0,0,0,0,0,1,0
2026-03-16,COM7,0.00843877000643678,0.02263009995635352,0.02717228975205238,0.88,0.5390811125917591,0.3469387755102041,0.0,0.0,0,0.0,0,0,0,0,0,0,1,0,0,0,0,0,0,0
2026-03-16,CPALL,-0.010752616778229362,-0.006355127953188977,0.010243315831012269,0.32,0.4825031688955927,0.183673469387755,1.0,0.0,0,-0.00543483218019547,0,0,0,0,0,0,0,0,0,1,0,0,0,0
2026-03-16,CPF,-0.010581975419316159,-0.002011209464691599,0.016896936872801544,0.34,0.7091921123853364,0.4897959183673469,1.0,0.0,1,0.05347596290617029,0,0,0,0,0,0,1,0,0,0,0,0,0,0
2026-03-16,CPN,0.0077821011673151474,0.009825189110784538,0.026973485966009503,0.86,0.2998494178860543,0.0204081632653061,0.0,0.0,1,0.015444015444015413,0,0,0,0,0,0,0,0,0,0,0,1,0,0
2026-03-16,CRC,-0.005319082578437051,0.007902404785669503,0.02494128992751171,0.64,0.1885120701342117,0.1224489795918367,0.0,0.0,0,0.0,0,0,0,0,0,0,0,0,0,1,0,0,0,0
2026-03-16,DELTA,0.0117647058823529,0.010652296756622071,0.025505446007775868,0.92,0.7549857549857552,0.5102040816326531,2.0,0.0,1,0.03875968992248069,0,0,0,0,0,0,0,0,0,0,0,1,0,0
2026-03-16,EGCO,-0.018181818181818188,0.0012961928144689105,0.0168559833789781,0.12,0.2641362307564376,0.0,2.0,0.0,1,0.01388888888888884,0,0,0,0,0,0,0,0,0,0,0,0,0,1
2026-03-16,GPSC,-0.015151515151515138,-0.0026337737029801024,0.032361159554766664,0.24,0.3084218345695337,0.0408163265306122,4.0,0.0,1,0.03846153846153855,0,0,0,0,0,0,1,0,0,0,0,0,0,0
2026-03-16,GULF,-0.008888888888888835,0.004791684869666524,0.02485083299265546,0.44,0.824860649548974,0.5306122448979591,8.0,0.0,1,0.013452914798206317,1,0,0,0,0,0,0,0,0,0,0,0,0,0
2026-03-16,HMPRO,-0.023809507008489716,-0.00936422962495347,0.017012157479112656,0.06,0.3412017927251844,0.0816326530612244,0.0,0.0,1,0.008130021879191318,0,0,0,0,0,0,0,0,0,1,0,0,0,0
2026-03-16,IVL,0.020304551582536856,0.014094738071994573,0.040237964080848135,0.98,0.6190346064901138,0.4489795918367346,0.0,0.0,1,0.10945264679133349,0,0,0,0,0,0,1,0,0,0,0,0,0,0
2026-03-16,KBANK,-0.02116398602963565,0.0006292838243957321,0.01480222733481234,0.1,0.8492309488143115,0.5510204081632653,2.0,0.0,1,0.01891891987138994,0,0,0,0,0,0,0,0,1,0,0,0,0,0
2026-03-16,KKP,0.0,0.000752178466743314,0.011310467139950577,0.74,0.6442502814112808,0.4081632653061224,0.0,0.0,1,0.006992975534201307,0,0,0,0,0,0,0,0,1,0,0,0,0,0
2026-03-16,KTB,-0.007299217984256923,0.004649036091263348,0.0211449202475705,0.54,0.750245974679521,0.3673469387755101,2.0,0.0,1,0.014705896448290456,0,0,0,0,0,0,0,0,1,0,0,0,0,0
2026-03-16,KTC,-0.008547031634053015,-0.0015477685926875927,0.020620008785222438,0.48,0.3257950366470686,0.0408163265306122,4.0,0.0,1,0.025862069567743173,1,0,0,0,0,0,0,0,0,0,0,0,0,0
2026-03-16,LH,-0.015872977608524574,5.0962277923116694e-05,0.011274222823307882,0.2,0.2735033172691258,0.0,2.0,0.0,0,0.0,0,1,0,0,0,0,0,0,0,0,0,0,0,0
2026-03-16,MINT,0.0361991420122354,0.017965766009589657,0.035240262419564246,1.0,0.4943019943019943,0.2040816326530612,1.0,0.0,0,-0.02620094865108369,1,0,0,0,0,0,0,0,0,0,0,0,0,0
2026-03-16,MTC,-0.016000022188952467,0.0018040878820640538,0.020608405350305982,0.18,0.2887361173649064,0.0,0.0,0.0,0,-0.016260122879846017,0,0,1,0,0,0,0,0,0,0,0,0,0,0
2026-03-16,OR,0.0,7.986780153590445e-05,0.014131120707457444,0.74,0.6153782616814699,0.2857142857142857,6.0,0.0,1,0.054054000646436506,0,0,0,0,0,0,0,0,0,0,0,1,0,0
2026-03-16,OSP,-0.013888938984448207,-0.008115243447783405,0.017870933696847214,0.28,0.338970421015203,0.0612244897959183,0.0,0.0,1,0.007042279279447783,0,0,0,0,0,0,0,0,0,1,0,0,0,0
2026-03-16,PTT,-0.021897810218978075,0.0017937069495833403,0.0273132020264714,0.08,0.7728921116235123,0.4285714285714285,10.0,0.0,1,0.014925373134328401,0,0,0,0,0,0,1,0,0,0,0,0,0,0
2026-03-16,PTTEP,-0.0068259385665528916,0.002241151044095746,0.020360593877045804,0.58,0.6813255353395934,0.4489795918367346,8.0,0.0,1,0.02405498281786933,0,0,0,0,0,0,1,0,0,0,0,0,0,0
2026-03-16,PTTGC,0.017699115044247815,0.012902924428025741,0.0260333664898844,0.94,0.6382595769495901,0.4693877551020408,0.0,0.0,1,0.07826086956521738,0,0,0,0,0,0,1,0,0,0,0,0,0,0
2026-03-16,RATCH,-0.008928571428571397,0.002301226498644682,0.026229383524784395,0.42,0.2677087625191304,0.0,2.0,0.0,1,0.027027027027026973,0,0,0,1,0,0,0,0,0,0,0,0,0,0
2026-03-16,SAWAD,-0.012195157486624586,0.0019685920541868017,0.028035447256814765,0.3,0.3498375384972611,0.0816326530612244,0.0,0.0,0,0.0,0,0,0,0,0,0,0,0,0,1,0,0,0,0
2026-03-16,SCB,-0.006944479036145923,1.2132298012645926e-05,0.005507375711359487,0.56,0.7988495394135452,0.4693877551020408,21.0,0.0,1,0.010489563105301913,0,0,0,0,0,0,0,0,1,0,0,0,0,0
2026-03-16,SCC,-0.00849860488886145,0.010268442322808324,0.025555745586501963,0.52,0.6673911126530135,0.4489795918367346,4.0,0.0,1,0.04857140436324303,0,0,0,0,0,0,1,0,0,0,0,0,0,0
2026-03-16,SCGP,-0.00574708412450553,0.00019980160503991763,0.022348408143195705,0.62,0.5128534376254641,0.3469387755102041,1.0,0.0,1,0.06936420919225417,0,0,0,0,0,0,1,0,0,0,0,0,0,0
2026-03-16,TCAP,-0.004464274967050708,0.000940832575512096,0.010228216022652607,0.66,0.3602260403234661,0.1020408163265306,0.0,0.0,1,0.004484294088896723,0,0,0,0,0,0,0,0,1,0,0,0,0,0
2026-03-16,TIDLOR,-0.005988026794912615,-0.005694542814405401,0.023562059832245665,0.6,0.2781370028253271,0.0,0.0,0.0,0,-0.0060240992627129675,0,0,0,0,1,0,0,0,0,0,0,0,0,0
2026-03-16,TISCO,-0.008849529219799646,0.001813608916200815,0.006751822293048097,0.46,0.6406867342025374,0.4081632653061224,1.0,0.0,1,0.008928542618593216,0,0,0,0,0,0,0,0,1,0,0,0,0,0
2026-03-16,TLI,0.009900915733307647,0.004057088926592933,0.014873481859638858,0.9,0.299872962494744,0.0,1.0,0.0,1,0.019607796471844186,0,0,0,0,0,1,0,0,0,0,0,0,0,0
2026-03-16,TOP,-0.041450777202072575,-0.0004902380638842407,0.038428350026252604,0.02,0.7386039040525615,0.5102040816326531,1.0,0.0,1,0.0108108108108107,0,0,0,0,0,0,1,0,0,0,0,0,0,0
2026-03-16,TRUE,0.007518747040003548,0.006209426655167394,0.01809449051581687,0.82,0.7259234069997916,0.5510204081632653,5.0,0.0,1,0.04477618645796455,1,0,0,0,0,0,0,0,0,0,0,0,0,0
2026-03-16,TTB,-0.017699106378941676,0.00371682289043791,0.013561393942475857,0.16,0.389142793520201,0.2448979591836734,10.0,0.0,0,0.0,0,0,0,0,0,0,0,0,1,0,0,0,0,0
2026-03-16,TU,-0.00917425975184516,-0.0035881057621768965,0.013710348476240327,0.4,0.2779194133981291,0.0,0.0,0.0,1,0.018518500530834592,0,0,0,0,0,0,0,0,0,0,1,0,0,0
2026-03-16,WHA,0.0,0.004138987871549671,0.019416165688511237,0.74,0.2667685974671863,0.0204081632653061,0.0,0.0,1,0.029556642189240367,1,0,0,0,0,0,0,0,0,0,0,0,0,0
2026-03-17,ADVANC,0.024324324324324298,0.007708941288858973,0.019573462722275697,0.7,0.8340338761433772,0.5306122448979591,0.0,0.0,0,0.0,1,0,0,0,0,0,0,0,0,0,0,0,0,0
2026-03-17,AOT,0.02590673575129543,-0.0007561300845275509,0.025061216003228512,0.74,0.5714144407022494,0.3877551020408163,1.0,0.0,0,0.0,0,0,0,0,0,0,1,0,0,0,0,0,0,0
2026-03-17,AWC,0.009803903714131534,5.637783734528945e-05,0.011834072109362116,0.38,0.26474316484215,0.0,0.0,0.0,0,0.0,0,0,0,0,0,0,0,1,0,0,0,0,0,0
2026-03-17,BANPU,0.008546990577294133,0.0005926690368693421,0.038561355909548393,0.32,0.5168610876183813,0.3469387755102041,2.0,0.0,0,-0.025423759199825424,0,0,0,0,0,0,1,0,0,0,0,0,0,0
2026-03-17,BBL,0.006079035053762061,-0.0011562213054996829,0.010908386130175298,0.24,0.8021884428957072,0.4897959183673469,6.0,0.0,1,0.003021151838949354,0,0,0,0,0,0,0,0,1,0,0,0,0,0
2026-03-17,BDMS,0.005319169442975058,0.002133336241977535,0.002921208142775619,0.22,0.6121736045413307,0.4081632653061224,4.0,0.0,0,-0.010581950244841987,0,0,0,0,0,0,1,0,0,0,0,0,0,0
2026-03-17,BEM,0.00961542164785767,-0.005364464986444295,0.02514898403240642,0.36,0.3153698175379232,0.0204081632653061,0.0,0.0,1,0.009523845854259694,0,0,0,0,0,0,0,0,0,1,0,0,0,0
2026-03-17,BH,0.011940298507462588,0.0007199476044791097,0.009780197448153193,0.44,0.5733025950300475,0.4693877551020408,3.0,0.0,0,-0.017699115044247815,0,0,0,0,0,0,1,0,0,0,0,0,0,0
2026-03-17,BJC,0.02158277178858503,0.007372753044748825,0.02121408510697816,0.64,0.3859487784668349,0.1020408163265306,0.0,0.0,0,0.0,0,0,0,0,0,0,0,0,0,1,0,0,0,0
2026-03-17,BTS,0.01960782480441492,0.002053790386358667,0.017302346177274643,0.62,0.3820598396963626,0.0816326530612244,2.0,0.0,0,-0.0096153757981291,0,0,0,0,0,0,0,0,0,1,0,0,0,0
2026-03-17,CBG,0.02898550724637672,0.001692237492802895,0.026170071339207904,0.78,0.4037334379706352,0.1428571428571428,0.0,0.0,1,0.035211267605633756,0,0,0,0,0,0,0,0,0,1,0,0,0,0
2026-03-17,CCET,0.06437772265877406,0.007102978681854277,0.036558113103247664,0.94,0.2944691120222417,0.0408163265306122,2.0,0.0,0,0.0,0,0,0,0,0,0,0,0,0,0,0,1,0,0
2026-03-17,CENTEL,0.022727347955136867,0.0047456752574311254,0.024392719772748848,0.66,0.2958173008031775,0.0,0.0,0.0,0,-0.02222229414376997,0,0,0,0,0,0,0,0,0,0,0,0,1,0
2026-03-17,COM7,0.0,0.016088055043465888,0.028061780392496512,0.14,0.5390811125917591,0.3469387755102041,0.0,0.0,0,-0.020920502425963994,0,0,0,0,0,0,1,0,0,0,0,0,0,0
2026-03-17,CPALL,-0.00543483218019547,-0.006389469827654981,0.010239026432065378,0.08,0.4825031688955927,0.183673469387755,1.0,0.0,1,0.005464530989064631,0,0,0,0,0,0,0,0,0,1,0,0,0,0
2026-03-17,CPF,0.05347596290617029,0.0055093802665180155,0.030075780925190098,0.9,0.7091921123853364,0.4897959183673469,0.0,0.0,1,0.020304499814903565,0,0,0,0,0,0,1,0,0,0,0,0,0,0
2026-03-17,CPN,0.015444015444015413,0.008865409203636187,0.026592819004221637,0.54,0.2998494178860543,0.0204081632653061,0.0,0.0,0,-0.019011406844106515,0,0,0,0,0,0,0,0,0,0,0,1,0,0
2026-03-17,CRC,0.0,0.005680165340267873,0.025078535068332214,0.14,0.1885120701342117,0.1224489795918367,0.0,0.0,1,0.016042795781445074,0,0,0,0,0,0,0,0,0,1,0,0,0,0
2026-03-17,DELTA,0.03875968992248069,0.009424642904383496,0.023515078087422373,0.84,0.7549857549857552,0.5102040816326531,2.0,0.0,1,0.029850746268656803,0,0,0,0,0,0,0,0,0,0,0,1,0,0
2026-03-17,EGCO,0.01388888888888884,-0.0004509155781836638,0.01436068435557486,0.48,0.2641362307564376,0.0,1.0,0.0,0,0.0,0,0,0,0,0,0,0,0,0,0,0,0,0,1
2026-03-17,GPSC,0.03846153846153855,-0.004032375101581475,0.029814159404797133,0.82,0.3084218345695337,0.0408163265306122,3.0,0.0,0,-0.007407407407407418,0,0,0,0,0,0,1,0,0,0,0,0,0,0
2026-03-17,GULF,0.013452914798206317,0.001977680673344473,0.02229893293167668,0.46,0.824860649548974,0.5306122448979591,7.0,0.0,1,0.004424778761061843,1,0,0,0,0,0,0,0,0,0,0,0,0,0
2026-03-17,HMPRO,0.008130021879191318,-0.004637441981612578,0.018126599819134618,0.3,0.3412017927251844,0.0816326530612244,0.0,0.0,1,0.008064537331378574,0,0,0,0,0,0,0,0,0,1,0,0,0,0
2026-03-17,IVL,0.10945264679133349,0.031729930769184976,0.05908241135088706,1.0,0.6190346064901138,0.4489795918367346,0.0,0.0,1,0.0448431030026315,0,0,0,0,0,0,1,0,0,0,0,0,0,0
2026-03-17,KBANK,0.01891891987138994,0.0006190294752381087,0.014786354339353278,0.58,0.8492309488143115,0.5510204081632653,3.0,0.0,1,0.005304965934755046,0,0,0,0,0,0,0,0,1,0,0,0,0,0
2026-03-17,KKP,0.006992975534201307,4.550851489135699e-05,0.01063747335411833,0.26,0.6442502814112808,0.4081632653061224,0.0,0.0,1,0.010416675973685452,0,0,0,0,0,0,0,0,1,0,0,0,0,0
2026-03-17,KTB,0.014705896448290456,0.0015751841428722102,0.017290464402772515,0.5,0.750245974679521,0.3673469387755101,2.0,0.0,0,-0.007246442693510713,0,0,0,0,0,0,0,0,1,0,0,0,0,0
2026-03-17,KTC,0.025862069567743173,0.005334051647671645,0.023271502664021795,0.72,0.3257950366470686,0.0408163265306122,4.0,0.0,1,0.008403384234313416,1,0,0,0,0,0,0,0,0,0,0,0,0,0
2026-03-17,LH,0.0,-0.002099578915835276,0.009627870261340854,0.14,0.2735033172691258,0.0,1.0,0.0,0,-0.005376352984395982,0,1,0,0,0,0,0,0,0,0,0,0,0,0
2026-03-17,MINT,-0.02620094865108369,0.0022493958586119467,0.03353647275549516,0.02,0.4943019943019943,0.2040816326530612,1.0,0.0,0,-0.01345282367046674,1,0,0,0,0,0,0,0,0,0,0,0,0,0
2026-03-17,MTC,-0.016260122879846017,-0.00472662977369398,0.019993998430495295,0.04,0.2887361173649064,0.0,0.0,0.0,0,-0.016528948247618414,0,0,1,0,0,0,0,0,0,0,0,0,0,0
2026-03-17,OR,0.054054000646436506,0.00908887650093555,0.028400798760078,0.92,0.6153782616814699,0.2857142857142857,4.0,0.0,0,-0.034188002141121165,0,0,0,0,0,0,0,0,0,0,0,1,0,0
2026-03-17,OSP,0.007042279279447783,-0.005355431408634459,0.019152697898131458,0.28,0.338970421015203,0.0612244897959183,0.0,0.0,1,0.013986064784661467,0,0,0,0,0,0,0,0,0,1,0,0,0,0
2026-03-17,PTT,0.014925373134328401,0.0032750221779527687,0.027895951975666012,0.52,0.7728921116235123,0.4285714285714285,9.0,0.0,0,-0.014705882352941124,0,0,0,0,0,0,1,0,0,0,0,0,0,0
2026-03-17,PTTEP,0.02405498281786933,0.01260770316322517,0.01318707024847285,0.68,0.6813255353395934,0.4489795918367346,9.0,0.0,0,-0.01342281879194629,0,0,0,0,0,0,1,0,0,0,0,0,0,0
2026-03-17,PTTGC,0.07826086956521738,0.02855509834106922,0.03738705483160769,0.98,0.6382595769495901,0.4693877551020408,1.0,0.0,0,-0.008064516129032251,0,0,0,0,0,0,1,0,0,0,0,0,0,0
2026-03-17,RATCH,0.027027027027026973,0.002396906607430771,0.026340583102449498,0.76,0.2677087625191304,0.0,2.0,0.0,1,0.00877192982456143,0,0,0,1,0,0,0,0,0,0,0,0,0,0
2026-03-17,SAWAD,0.0,-0.0021807814697380134,0.02602455777634674,0.14,0.3498375384972611,0.0816326530612244,0.0,0.0,0,-0.028806509885198728,0,0,0,0,0,0,0,0,0,1,0,0,0,0
2026-03-17,SCB,0.010489563105301913,0.0007114365050327586,0.006706770312687844,0.4,0.7988495394135452,0.4693877551020408,20.0,0.0,1,0.003460224788819799,0,0,0,0,0,0,0,0,1,0,0,0,0,0
2026-03-17,SCC,0.04857140436324303,0.01517791872493941,0.030699229047029698,0.88,0.6673911126530135,0.4489795918367346,4.0,0.0,1,0.008174407791649907,0,0,0,0,0,0,1,0,0,0,0,0,0,0
2026-03-17,SCGP,0.06936420919225417,0.009448355350984362,0.038172111557910705,0.96,0.5128534376254641,0.3469387755102041,1.0,0.0,0,0.0,0,0,0,0,0,0,1,0,0,0,0,0,0,0
2026-03-17,TCAP,0.004484294088896723,-0.0017659034569114552,0.005068551666150494,0.2,0.3602260403234661,0.1020408163265306,0.0,0.0,0,0.0,0,0,0,0,0,0,0,0,1,0,0,0,0,0
2026-03-17,TIDLOR,-0.0060240992627129675,-0.011577727409147375,0.01733288232721861,0.06,0.2781370028253271,0.0,0.0,0.0,0,-0.03636365383654372,0,0,0,0,1,0,0,0,0,0,0,0,0,0
2026-03-17,TISCO,0.008928542618593216,0.0026984194069792798,0.007446734330909034,0.34,0.6406867342025374,0.4081632653061224,1.0,0.0,0,0.0,0,0,0,0,0,0,0,0,1,0,0,0,0,0
2026-03-17,TLI,0.019607796471844186,0.005978642961303593,0.016377774585764625,0.6,0.299872962494744,0.0,0.0,0.0,0,0.0,0,0,0,0,0,1,0,0,0,0,0,0,0,0
2026-03-17,TOP,0.0108108108108107,-0.0047796888049479016,0.034893472843989165,0.42,0.7386039040525615,0.5102040816326531,1.0,0.0,1,0.005347593582887722,0,0,0,0,0,0,1,0,0,0,0,0,0,0
2026-03-17,TRUE,0.04477618645796455,0.012087731447122007,0.02519960327507112,0.86,0.7259234069997916,0.5510204081632653,5.0,0.0,0,-0.007142878940800679,1,0,0,0,0,0,0,0,0,0,0,0,0,0
2026-03-17,TTB,0.0,0.0018819501573821063,0.013255582352440756,0.14,0.389142793520201,0.2448979591836734,8.0,0.0,1,0.018018009037635396,0,0,0,0,0,0,0,0,1,0,0,0,0,0
2026-03-17,TU,0.018518500530834592,-0.0035207658244670093,0.013844178887270119,0.56,0.2779194133981291,0.0,0.0,0.0,1,0.009090943769975102,0,0,0,0,0,0,0,0,0,0,1,0,0,0
2026-03-17,WHA,0.029556642189240367,0.010050316309397744,0.02214811996020832,0.8,0.2667685974671863,0.0204081632653061,0.0,0.0,1,0.009569316618595947,1,0,0,0,0,0,0,0,0,0,0,0,0,0
2026-03-18,ADVANC,0.0,0.010448667316256243,0.016553662281181773,0.49,0.8340338761433772,0.5306122448979591,0.0,0.0,0,-0.0079155672823219,1,0,0,0,0,0,0,0,0,0,0,0,0,0
2026-03-18,AOT,0.0,-0.005781255712668254,0.020716569915313784,0.49,0.5714144407022494,0.3877551020408163,1.0,0.0,0,-0.030303030303030276,0,0,0,0,0,0,1,0,0,0,0,0,0,0
2026-03-18,AWC,0.0,5.637783734528945e-05,0.011834072109362116,0.49,0.26474316484215,0.0,0.0,0.0,0,-0.03398052124105699,0,0,0,0,0,0,0,1,0,0,0,0,0,0
2026-03-18,BANPU,-0.025423759199825424,0.0022875807578198737,0.036812957686528536,0.08,0.5168610876183813,0.3469387755102041,1.0,0.0,1,0.05217397702811066,0,0,0,0,0,0,1,0,0,0,0,0,0,0
2026-03-18,BBL,0.003021151838949354,-0.0011525922897413388,0.010910118632455825,0.6,0.8021884428957072,0.4897959183673469,5.0,0.0,0,-0.012048207890373419,0,0,0,0,0,0,0,0,1,0,0,0,0,0
2026-03-18,BDMS,-0.010581950244841987,1.6946193009137468e-05,0.00649741642457547,0.26,0.6121736045413307,0.4081632653061224,3.0,0.0,0,-0.016042841292484677,0,0,0,0,0,0,1,0,0,0,0,0,0,0
2026-03-18,BEM,0.009523845854259694,0.00024400429057456208,0.02460306943187654,0.82,0.3153698175379232,0.0204081632653061,0.0,0.0,0,-0.028301903767787184,0,0,0,0,0,0,0,0,0,1,0,0,0,0
2026-03-18,BH,-0.017699115044247815,-0.003943466850232502,0.012136136609215592,0.16,0.5733025950300475,0.4693877551020408,2.0,0.0,0,-0.036036036036036,0,0,0,0,0,0,1,0,0,0,0,0,0,0
2026-03-18,BJC,0.0,0.008832595279472688,0.020177864631736993,0.49,0.3859487784668349,0.1020408163265306,0.0,0.0,0,-0.021126796951359994,0,0,0,0,0,0,0,0,0,1,0,0,0,0
2026-03-18,BTS,-0.0096153757981291,0.00013071522673284707,0.018103487420213032,0.28,0.3820598396963626,0.0816326530612244,2.0,0.0,0,-0.02912618662434696,0,0,0,0,0,0,0,0,0,1,0,0,0,0
2026-03-18,CBG,0.035211267605633756,0.00731605129761761,0.030313857915916818,0.98,0.4037334379706352,0.1428571428571428,0.0,0.0,0,-0.04081632653061229,0,0,0,0,0,0,0,0,0,1,0,0,0,0
2026-03-18,CCET,0.0,0.007936312436758186,0.03628345925248861,0.49,0.2944691120222417,0.0408163265306122,2.0,0.0,0,-0.039014386383018684,0,0,0,0,0,0,0,0,0,0,0,1,0,0
2026-03-18,CENTEL,-0.02222229414376997,-0.0012139479826796418,0.027026353844651803,0.1,0.2958173008031775,0.0,0.0,0.0,0,-0.04545451858745109,0,0,0,0,0,0,0,0,0,0,0,0,1,0
2026-03-18,COM7,-0.020920502425963994,-0.000765725028738462,0.014711372108957925,0.12,0.5390811125917591,0.3469387755102041,0.0,0.0,0,-0.06410256514757218,0,0,0,0,0,0,1,0,0,0,0,0,0,0
2026-03-18,CPALL,0.005464530989064631,-0.0031801589426521336,0.011076914021146751,0.7,0.4825031688955927,0.183673469387755,1.0,0.0,0,-0.03804348106680355,0,0,0,0,0,0,0,0,0,1,0,0,0,0
2026-03-18,CPF,0.020304499814903565,0.01373695318646293,0.02647971373469809,0.94,0.7091921123853364,0.4897959183673469,0.0,0.0,0,-0.029850743398857293,0,0,0,0,0,0,1,0,0,0,0,0,0,0
2026-03-18,CPN,-0.019011406844106515,0.0018885246602117212,0.028780800121047456,0.14,0.2998494178860543,0.0204081632653061,0.0,0.0,0,-0.023255813953488413,0,0,0,0,0,0,0,0,0,0,0,1,0,0
2026-03-18,CRC,0.016042795781445074,0.011086543541085491,0.02344731818561075,0.9,0.1885120701342117,0.1224489795918367,0.0,0.0,0,-0.057894754764333034,0,0,0,0,0,0,0,0,0,1,0,0,0,0
2026-03-18,DELTA,0.029850746268656803,0.013832292158114856,0.025146199633416366,0.96,0.7549857549857552,0.5102040816326531,1.0,0.0,0,-0.02898550724637683,0,0,0,0,0,0,0,0,0,0,0,1,0,0
2026-03-18,EGCO,0.0,-0.0004509155781836638,0.01436068435557486,0.49,0.2641362307564376,0.0,1.0,0.0,0,-0.0182648401826484,0,0,0,0,0,0,0,0,0,0,0,0,0,1
2026-03-18,GPSC,-0.007407407407407418,0.00028324486621240653,0.026698059689592876,0.32,0.3084218345695337,0.0408163265306122,3.0,0.0,0,-0.05970149253731338,0,0,0,0,0,0,1,0,0,0,0,0,0,0
2026-03-18,GULF,0.004424778761061843,0.008219779282699702,0.015594919555749468,0.64,0.824860649548974,0.5306122448979591,7.0,0.0,0,-0.026431718061673992,1,0,0,0,0,0,0,0,0,0,0,0,0,0
2026-03-18,HMPRO,0.008064537331378574,-0.003024534515336863,0.018981053328735457,0.72,0.3412017927251844,0.0816326530612244,0.0,0.0,0,-0.03199992539372987,0,0,0,0,0,0,0,0,0,1,0,0,0,0
2026-03-18,IVL,0.0448431030026315,0.04382355892524141,0.05282307344856305,1.0,0.6190346064901138,0.4489795918367346,0.0,0.0,1,0.012875567833444235,0,0,0,0,0,0,1,0,0,0,0,0,0,0
2026-03-18,KBANK,0.005304965934755046,8.428277737910772e-05,0.014499211937106057,0.66,0.8492309488143115,0.5510204081632653,3.0,0.0,0,-0.013192601470881082,0,0,0,0,0,0,0,0,1,0,0,0,0,0
2026-03-18,KKP,0.010416675973685452,0.002128843709628447,0.01160259640343036,0.86,0.6442502814112808,0.4081632653061224,1.0,0.0,0,-0.020618574933252032,0,0,0,0,0,0,0,0,1,0,0,0,0,0
2026-03-18,KTB,-0.007246442693510713,0.00012589560417006763,0.017753016262515377,0.34,0.750245974679521,0.3673469387755101,1.0,0.0,0,0.0,0,0,0,0,0,0,0,0,1,0,0,0,0,0
2026-03-18,KTC,0.008403384234313416,0.008738871122931457,0.02192585636220119,0.76,0.3257950366470686,0.0408163265306122,3.0,0.0,0,-0.03333335584320163,1,0,0,0,0,0,0,0,0,0,0,0,0,0
2026-03-18,LH,-0.005376352984395982,-0.003174849512714473,0.009634982167431,0.38,0.2735033172691258,0.0,0.0,0.0,0,-0.016216176638950364,0,1,0,0,0,0,0,0,0,0,0,0,0,0
2026-03-18,MINT,-0.01345282367046674,-0.008585962627339438,0.025874804299620597,0.22,0.4943019943019943,0.2040816326530612,1.0,0.0,0,-0.050000039782694516,1,0,0,0,0,0,0,0,0,0,0,0,0,0
2026-03-18,MTC,-0.016528948247618414,-0.009645318640440737,0.01906406444540195,0.18,0.2887361173649064,0.0,0.0,0.0,0,-0.05042017350787198,0,0,1,0,0,0,0,0,0,0,0,0,0,0
2026-03-18,OR,-0.034188002141121165,0.004036980170896864,0.034084728357548194,0.04,0.6153782616814699,0.2857142857142857,5.0,0.0,0,-0.017699097866309854,0,0,0,0,0,0,0,0,0,0,0,1,0,0
2026-03-18,OSP,0.013986064784661467,0.0028839646774381444,0.016002315391459812,0.88,0.338970421015203,0.0612244897959183,0.0,0.0,0,-0.034482814553105645,0,0,0,0,0,0,0,0,0,1,0,0,0,0
2026-03-18,PTT,-0.014705882352941124,0.000333845707364544,0.029077788382380402,0.2,0.7728921116235123,0.4285714285714285,9.0,0.0,1,0.02238805970149249,0,0,0,0,0,0,1,0,0,0,0,0,0,0
2026-03-18,PTTEP,-0.01342281879194629,0.00492313940483593,0.015201576715400367,0.24,0.6813255353395934,0.4489795918367346,8.0,0.0,1,0.054421768707483054,0,0,0,0,0,0,1,0,0,0,0,0,0,0
2026-03-18,PTTGC,-0.008064516129032251,0.028794046967114628,0.037087573784592785,0.3,0.6382595769495901,0.4693877551020408,1.0,0.0,1,0.04878048780487809,0,0,0,0,0,0,1,0,0,0,0,0,0,0
2026-03-18,RATCH,0.00877192982456143,0.0041512925723430575,0.026432989245793768,0.78,0.2677087625191304,0.0,2.0,0.0,0,-0.017391304347826098,0,0,0,1,0,0,0,0,0,0,0,0,0,0
2026-03-18,SAWAD,-0.028806509885198728,-0.00794208344677776,0.028492635159368583,0.06,0.3498375384972611,0.0816326530612244,0.0,0.0,0,-0.04661022132027737,0,0,0,0,0,0,0,0,0,1,0,0,0,0
2026-03-18,SCB,0.003460224788819799,0.0014034814627967185,0.006792976816520926,0.62,0.7988495394135452,0.4693877551020408,18.0,0.0,0,-0.006896585840356573,0,0,0,0,0,0,0,0,1,0,0,0,0,0
2026-03-18,SCC,0.008174407791649907,0.011534212795958565,0.030110879315184216,0.74,0.6673911126530135,0.4489795918367346,3.0,0.0,0,-0.01891893900122832,0,0,0,0,0,0,1,0,0,0,0,0,0,0
2026-03-18,SCGP,0.0,0.011708247436920827,0.03695167249641051,0.49,0.5128534376254641,0.3469387755102041,0.0,0.0,0,-0.048648705928097113,0,0,0,0,0,0,1,0,0,0,0,0,0,0
2026-03-18,TCAP,0.0,-0.0017659034569114552,0.005068551666150494,0.49,0.3602260403234661,0.1020408163265306,0.0,0.0,0,-0.013392824901152234,0,0,0,0,0,0,0,0,1,0,0,0,0,0
2026-03-18,TIDLOR,-0.03636365383654372,-0.013136169873327464,0.019462318427136433,0.02,0.2781370028253271,0.0,0.0,0.0,0,-0.056603801809654186,0,0,0,0,1,0,0,0,0,0,0,0,0,0
2026-03-18,TISCO,0.0,0.0009046887132016845,0.0065896451322586405,0.49,0.6406867342025374,0.4081632653061224,0.0,0.0,1,0.004424764609899823,0,0,0,0,0,0,0,0,1,0,0,0,0,0
2026-03-18,TLI,0.0,0.005978642961303593,0.016377774585764625,0.49,0.299872962494744,0.0,0.0,0.0,0,-0.019230724342921945,0,0,0,0,0,1,0,0,0,0,0,0,0,0
2026-03-18,TOP,0.005347593582887722,-0.000585170088370357,0.03452241636163264,0.68,0.7386039040525615,0.5102040816326531,1.0,0.0,0,-0.021276595744680882,0,0,0,0,0,0,1,0,0,0,0,0,0,0
2026-03-18,TRUE,-0.007142878940800679,0.01217429703167383,0.025115772547225416,0.36,0.7259234069997916,0.5510204081632653,5.0,0.0,0,-0.007194196860961788,1,0,0,0,0,0,0,0,0,0,0,0,0,0
2026-03-18,TTB,0.018018009037635396,0.0054855519649091855,0.014956125700406369,0.92,0.389142793520201,0.2448979591836734,8.0,0.0,0,-0.008849498790604371,0,0,0,0,0,0,0,0,1,0,0,0,0,0
2026-03-18,TU,0.009090943769975102,0.0018688481557978865,0.011988843292989106,0.8,0.2779194133981291,0.0,0.0,0.0,0,-0.02702704328151928,0,0,0,0,0,0,0,0,0,0,1,0,0,0
2026-03-18,WHA,0.009569316618595947,0.006939061892355336,0.02053487809670517,0.84,0.2667685974671863,0.0204081632653061,0.0,0.0,0,-0.03791462592880068,1,0,0,0,0,0,0,0,0,0,0,0,0,0
2026-03-19,ADVANC,-0.0079155672823219,0.004421109415347435,0.016681323281603443,0.82,0.8340338761433772,0.5306122448979591,0.0,0.0,1,0.010638297872340496,1,0,0,0,0,0,0,0,0,0,0,0,0,0
2026-03-19,AOT,-0.030303030303030276,-0.009881077459548826,0.023546751224506467,0.38,0.5714144407022494,0.3877551020408163,0.0,0.0,1,0.015625,0,0,0,0,0,0,1,0,0,0,0,0,0,0
2026-03-19,AWC,-0.03398052124105699,-0.00868147048178367,0.017633589164723244,0.32,0.26474316484215,0.0,0.0,0.0,1,0.015075348739955974,0,0,0,0,0,0,0,1,0,0,0,0,0,0
2026-03-19,BANPU,0.05217397702811066,0.002196047654396849,0.03665672345749749,0.98,0.5168610876183813,0.3469387755102041,2.0,0.0,1,0.016528890673189967,0,0,0,0,0,0,1,0,0,0,0,0,0,0
2026-03-19,BBL,-0.012048207890373419,-0.005358643294259035,0.010045794544704785,0.78,0.8021884428957072,0.4897959183673469,5.0,0.0,1,0.012195137441520565,0,0,0,0,0,0,0,0,1,0,0,0,0,0
2026-03-19,BDMS,-0.016042841292484677,-0.003191622065487798,0.009686428861246649,0.72,0.6121736045413307,0.4081632653061224,2.0,0.0,1,0.027173913606849176,0,0,0,0,0,0,1,0,0,0,0,0,0,0
2026-03-19,BEM,-0.028301903767787184,-0.011076739222685905,0.021260739203437674,0.46,0.3153698175379232,0.0204081632653061,0.0,0.0,1,0.019417456850636006,0,0,0,0,0,0,0,0,0,1,0,0,0,0
2026-03-19,BH,-0.036036036036036,-0.00835737003937267,0.01884941604577125,0.28,0.5733025950300475,0.4693877551020408,2.0,0.0,1,0.009345794392523255,0,0,0,0,0,0,1,0,0,0,0,0,0,0
2026-03-19,BJC,-0.021126796951359994,-0.002745703065777594,0.01639865026570472,0.56,0.3859487784668349,0.1020408163265306,0.0,0.0,1,0.007194327644372445,0,0,0,0,0,0,0,0,0,1,0,0,0,0
2026-03-19,BTS,-0.02912618662434696,-0.009578013648049489,0.01819090304284528,0.42,0.3820598396963626,0.0816326530612244,2.0,0.0,1,0.009999990463256836,0,0,0,0,0,0,0,0,0,1,0,0,0,0
2026-03-19,CBG,-0.04081632653061229,-0.0022556647127301988,0.037196377579842684,0.2,0.4037334379706352,0.1428571428571428,0.0,0.0,1,0.028368794326241176,0,0,0,0,0,0,0,0,0,1,0,0,0,0
2026-03-19,CCET,-0.039014386383018684,-0.0032138468749965954,0.041143814229389154,0.22,0.2944691120222417,0.0408163265306122,2.0,0.0,1,0.012820501064172207,0,0,0,0,0,0,0,0,0,0,0,1,0,0
2026-03-19,CENTEL,-0.04545451858745109,-0.014816121074126887,0.029106703757723482,0.18,0.2958173008031775,0.0,0.0,0.0,1,0.00793651334241896,0,0,0,0,0,0,0,0,0,0,0,0,1,0
2026-03-19,COM7,-0.06410256514757218,-0.016990490130850987,0.028480964393487383,0.02,0.5390811125917591,0.3469387755102041,0.0,0.0,0,0.0,0,0,0,0,0,0,1,0,0,0,0,0,0,0
2026-03-19,CPALL,-0.03804348106680355,-0.012927895215239914,0.01611385987476955,0.24,0.4825031688955927,0.183673469387755,1.0,0.0,1,0.02824857695770855,0,0,0,0,0,0,0,0,0,1,0,0,0,0
2026-03-19,CPF,-0.029850743398857293,0.004575294806454933,0.032710767671321014,0.4,0.7091921123853364,0.4897959183673469,0.0,0.0,1,0.035897465372256576,0,0,0,0,0,0,1,0,0,0,0,0,0,0
2026-03-19,CPN,-0.023255813953488413,-0.010575138130485962,0.021136205273102216,0.52,0.2998494178860543,0.0204081632653061,0.0,0.0,1,0.003968253968253954,0,0,0,0,0,0,0,0,0,0,0,1,0,0
2026-03-19,CRC,-0.057894754764333034,-0.0104924175210386,0.027906126595440423,0.06,0.1885120701342117,0.1224489795918367,0.0,0.0,1,0.03351947167103875,0,0,0,0,0,0,0,0,0,1,0,0,0,0
2026-03-19,DELTA,-0.02898550724637683,0.004934415515041035,0.03148028801347053,0.44,0.7549857549857552,0.5102040816326531,1.0,0.0,1,0.003731343283582156,0,0,0,0,0,0,0,0,0,0,0,1,0,0
2026-03-19,EGCO,-0.0182648401826484,-0.00675874490635151,0.013737973434436319,0.64,0.2641362307564376,0.0,1.0,0.0,1,0.027906976744185963,0,0,0,0,0,0,0,0,0,0,0,0,0,1
2026-03-19,GPSC,-0.05970149253731338,-0.01464212826811595,0.03578089067474281,0.04,0.3084218345695337,0.0408163265306122,5.0,0.0,1,0.015873015873015817,0,0,0,0,0,0,1,0,0,0,0,0,0,0
2026-03-19,GULF,-0.026431718061673992,-0.0034885826782589334,0.015143947664890219,0.5,0.824860649548974,0.5306122448979591,7.0,0.0,1,0.02714932126696823,1,0,0,0,0,0,0,0,0,0,0,0,0,0
2026-03-19,HMPRO,-0.03199992539372987,-0.012574134223292122,0.019185344322618605,0.36,0.3412017927251844,0.0816326530612244,0.0,0.0,1,0.008264402082462041,0,0,0,0,0,0,0,0,0,1,0,0,0,0
2026-03-19,IVL,0.012875567833444235,0.03158384858027459,0.05112420547443896,0.92,0.6190346064901138,0.4489795918367346,0.0,0.0,0,-0.008474569325568448,0,0,0,0,0,0,1,0,0,0,0,0,0,0
2026-03-19,KBANK,-0.013192601470881082,-0.00202654033887435,0.015712199895110697,0.76,0.8492309488143115,0.5510204081632653,4.0,0.0,1,0.013368973003795137,0,0,0,0,0,0,0,0,1,0,0,0,0,0
2026-03-19,KKP,-0.020618574933252032,-0.004078206471759049,0.014094329575307847,0.58,0.6442502814112808,0.4081632653061224,1.0,0.0,1,0.010526325293461092,0,0,0,0,0,0,0,0,1,0,0,0,0,0
2026-03-19,KTB,0.0,-0.004253682760762767,0.013141259858490958,0.88,0.750245974679521,0.3673469387755101,1.0,0.0,1,0.007299336920203681,0,0,0,0,0,0,0,0,1,0,0,0,0,0
2026-03-19,KTC,-0.03333335584320163,-0.004884326809348516,0.022840806716902393,0.34,0.3257950366470686,0.0408163265306122,3.0,0.0,0,0.0,1,0,0,0,0,0,0,0,0,0,0,0,0,0
2026-03-19,LH,-0.016216176638950364,-0.00854573479907279,0.007182861241509281,0.7,0.2735033172691258,0.0,0.0,0.0,1,0.04395598001463319,0,1,0,0,0,0,0,0,0,0,0,0,0,0
2026-03-19,MINT,-0.050000039782694516,-0.015977292653011864,0.03201609096751726,0.12,0.4943019943019943,0.2040816326530612,1.0,0.0,1,0.02870812417561419,1,0,0,0,0,0,0,0,0,0,0,0,0,0
2026-03-19,MTC,-0.05042017350787198,-0.024529353835102973,0.014804246447188264,0.1,0.2887361173649064,0.0,0.0,0.0,1,0.03539821138386556,0,0,1,0,0,0,0,0,0,0,0,0,0,0
2026-03-19,OR,-0.017699097866309854,-0.0031064394454608734,0.03416475075537328,0.66,0.6153782616814699,0.2857142857142857,5.0,0.0,1,0.018018000215478835,0,0,0,0,0,0,0,0,0,0,0,1,0,0
2026-03-19,OSP,-0.034482814553105645,-0.008208417668581446,0.019221953795643072,0.3,0.338970421015203,0.0612244897959183,0.0,0.0,1,0.028571462570824657,0,0,0,0,0,0,0,0,0,1,0,0,0,0
2026-03-19,PTT,0.02238805970149249,-0.004143766232933954,0.021172498252832735,0.94,0.7728921116235123,0.4285714285714285,10.0,0.0,0,-0.007299270072992692,0,0,0,0,0,0,1,0,0,0,0,0,0,0
2026-03-19,PTTEP,0.054421768707483054,0.014413764923336037,0.027018151770936548,1.0,0.6813255353395934,0.4489795918367346,8.0,0.0,0,-0.006451612903225823,0,0,0,0,0,0,1,0,0,0,0,0,0,0
2026-03-19,PTTGC,0.04878048780487809,0.027335191257062207,0.03586966470441952,0.96,0.6382595769495901,0.4693877551020408,2.0,0.0,0,-0.007751937984496138,0,0,0,0,0,0,1,0,0,0,0,0,0,0
2026-03-19,RATCH,-0.017391304347826098,-0.005000735509099741,0.023736088880507367,0.68,0.2677087625191304,0.0,2.0,0.0,1,0.008849557522123908,0,0,0,1,0,0,0,0,0,0,0,0,0,0
2026-03-19,SAWAD,-0.04661022132027737,-0.024581206451979788,0.01854418794679992,0.16,0.3498375384972611,0.0816326530612244,0.0,0.0,1,0.022222287278977237,0,0,0,0,0,0,0,0,0,1,0,0,0,0
2026-03-19,SCB,-0.006896585840356573,0.0007186121983399962,0.007539087622613182,0.86,0.7988495394135452,0.4693877551020408,18.0,0.0,1,0.010416718554218773,0,0,0,0,0,0,0,0,1,0,0,0,0,0
2026-03-19,SCC,-0.01891893900122832,0.0008932824411723494,0.029454528181792426,0.62,0.6673911126530135,0.4489795918367346,3.0,0.0,1,0.019283767420775977,0,0,0,0,0,0,1,0,0,0,0,0,0,0
2026-03-19,SCGP,-0.048648705928097113,-0.002592910531648407,0.04460312228313076,0.14,0.5128534376254641,0.3469387755102041,0.0,0.0,1,0.039772653959647686,0,0,0,0,0,0,1,0,0,0,0,0,0,0
2026-03-19,TCAP,-0.013392824901152234,-0.004444468437141902,0.0070525562644791675,0.74,0.3602260403234661,0.1020408163265306,0.0,0.0,1,0.004524875836832809,0,0,0,0,0,0,0,0,1,0,0,0,0,0
2026-03-19,TIDLOR,-0.056603801809654186,-0.026809872509075804,0.021503823932534524,0.08,0.2781370028253271,0.0,0.0,0.0,1,0.026666680761479267,0,0,0,0,1,0,0,0,0,0,0,0,0,0
2026-03-19,TISCO,0.004424764609899823,0.0009007556017386787,0.006587009550752659,0.9,0.6406867342025374,0.4081632653061224,0.0,0.0,0,0.0,0,0,0,0,0,0,0,0,1,0,0,0,0,0
2026-03-19,TLI,-0.019230724342921945,-0.0018278882297663168,0.017411528121404188,0.6,0.299872962494744,0.0,0.0,0.0,1,0.019607796471844186,0,0,0,0,0,1,0,0,0,0,0,0,0,0
2026-03-19,TOP,-0.021276595744680882,-0.014364298761116067,0.021922337248738676,0.54,0.7386039040525615,0.5102040816326531,2.0,0.0,0,-0.005434782608695676,0,0,0,0,0,0,1,0,0,0,0,0,0,0
2026-03-19,TRUE,-0.007194196860961788,0.004628613797564074,0.02385672470628708,0.84,0.7259234069997916,0.5510204081632653,6.0,0.0,1,0.021739125845939178,1,0,0,0,0,0,0,0,0,0,0,0,0,0
2026-03-19,TTB,-0.008849498790604371,0.0018974825811449493,0.015991146723186248,0.8,0.389142793520201,0.2448979591836734,6.0,0.0,0,0.0,0,0,0,0,0,0,0,0,1,0,0,0,0,0
2026-03-19,TU,-0.02702704328151928,-0.0017183717465109494,0.017503172739383403,0.48,0.2779194133981291,0.0,0.0,0.0,1,0.018518500530834592,0,0,0,0,0,0,0,0,0,0,1,0,0,0
2026-03-19,WHA,-0.03791462592880068,-0.004565418682841394,0.0268156506413609,0.26,0.2667685974671863,0.0204081632653061,0.0,0.0,1,0.009852214063080122,1,0,0,0,0,0,0,0,0,0,0,0,0,0
2026-03-20,ADVANC,0.010638297872340496,0.009266160294163361,0.013323443521901493,0.46,0.8340338761433772,0.5306122448979591,0.0,0.0,0,-0.0368421052631579,1,0,0,0,0,0,0,0,0,0,0,0,0,0
2026-03-20,AOT,0.015625,-0.0008154834001428801,0.022718525185283448,0.56,0.5714144407022494,0.3877551020408163,0.0,0.0,0,-0.02051282051282055,0,0,0,0,0,0,1,0,0,0,0,0,0,0
2026-03-20,AWC,0.015075348739955974,-0.0018202537573938971,0.019114731706034005,0.54,0.26474316484215,0.0,0.0,0.0,0,-0.02970291566762895,0,0,0,0,0,0,0,1,0,0,0,0,0,0
2026-03-20,BANPU,0.016528890673189967,0.002168499562004533,0.0366431791292687,0.6,0.5168610876183813,0.3469387755102041,2.0,0.0,1,0.024390273169235588,0,0,0,0,0,0,1,0,0,0,0,0,0,0
2026-03-20,BBL,0.012195137441520565,-0.0017326707183795476,0.012705677018720439,0.48,0.8021884428957072,0.4897959183673469,4.0,0.0,0,-0.015060259862966774,0,0,0,0,0,0,0,0,1,0,0,0,0,0
2026-03-20,BDMS,0.027173913606849176,0.0011736583024995139,0.016801623455343646,0.8,0.6121736045413307,0.4081632653061224,2.0,0.0,0,-0.031746052570364225,0,0,0,0,0,0,1,0,0,0,0,0,0,0
2026-03-20,BEM,0.019417456850636006,0.00014619494614129814,0.019051195079269306,0.68,0.3153698175379232,0.0204081632653061,0.0,0.0,0,-0.028571446736653683,0,0,0,0,0,0,0,0,0,1,0,0,0,0
2026-03-20,BH,0.009345794392523255,-0.0070547813859146435,0.020005619437146155,0.36,0.5733025950300475,0.4693877551020408,2.0,0.0,0,-0.030864197530864224,0,0,0,0,0,0,1,0,0,0,0,0,0,0
2026-03-20,BJC,0.007194327644372445,-0.0013068375369031048,0.017004239010390755,0.26,0.3859487784668349,0.1020408163265306,0.0,0.0,0,-0.05000001397575593,0,0,0,0,0,0,0,0,0,1,0,0,0,0
2026-03-20,BTS,0.009999990463256836,-0.003768495205917333,0.01902963765827081,0.4,0.3820598396963626,0.0816326530612244,2.0,0.0,0,-0.014851471125267302,0,0,0,0,0,0,0,0,0,1,0,0,0,0
2026-03-20,CBG,0.028368794326241176,0.011809702544126433,0.0312517518404897,0.86,0.4037334379706352,0.1428571428571428,0.0,0.0,0,-0.0482758620689655,0,0,0,0,0,0,0,0,0,1,0,0,0,0
2026-03-20,CCET,0.012820501064172207,0.005934638753129473,0.037839497008772635,0.5,0.2944691120222417,0.0408163265306122,2.0,0.0,0,-0.033755243700015036,0,0,0,0,0,0,0,0,0,0,0,1,0,0
2026-03-20,CENTEL,0.00793651334241896,-0.005875883641018387,0.027500477236200933,0.3,0.2958173008031775,0.0,0.0,0.0,0,-0.02362206320743565,0,0,0,0,0,0,0,0,0,0,0,0,1,0
2026-03-20,COM7,0.0,-0.015316859513419878,0.0293470108899775,0.15,0.5390811125917591,0.3469387755102041,0.0,0.0,0,-0.013698595538180203,0,0,0,0,0,0,1,0,0,0,0,0,0,0
2026-03-20,CPALL,0.02824857695770855,-0.004103564415691041,0.0241666589260079,0.84,0.4825031688955927,0.183673469387755,1.0,0.0,0,-0.03846154180747041,0,0,0,0,0,0,0,0,0,1,0,0,0,0
2026-03-20,CPF,0.035897465372256576,0.013849041855031396,0.03392876591240557,0.96,0.7091921123853364,0.4897959183673469,0.0,0.0,0,-0.04950497606815141,0,0,0,0,0,0,1,0,0,0,0,0,0,0
2026-03-20,CPN,0.003968253968253954,-0.0030145700436020827,0.017114716337573117,0.22,0.2998494178860543,0.0204081632653061,0.0,0.0,0,-0.031620553359683834,0,0,0,0,0,0,0,0,0,0,0,1,0,0
2026-03-20,CRC,0.03351947167103875,-0.0027303139780572526,0.03436476565537492,0.92,0.1885120701342117,0.1224489795918367,0.0,0.0,0,-0.04324314163375875,0,0,0,0,0,0,0,0,0,1,0,0,0,0
2026-03-20,DELTA,0.003731343283582156,0.011024195622139143,0.02635434986693177,0.2,0.7549857549857552,0.5102040816326531,1.0,0.0,0,-0.03345724907063197,0,0,0,0,0,0,0,0,0,0,0,1,0,0
2026-03-20,EGCO,0.027906976744185963,0.0010698414537216427,0.020187624186505403,0.82,0.2641362307564376,0.0,1.0,0.0,0,-0.02714932126696834,0,0,0,0,0,0,0,0,0,0,0,0,0,1
2026-03-20,GPSC,0.015873015873015817,-0.005585172152336315,0.03682383107766643,0.58,0.3084218345695337,0.0408163265306122,5.0,0.0,0,-0.0625,0,0,0,0,0,0,1,0,0,0,0,0,0,0
2026-03-20,GULF,0.02714932126696823,0.0019412815751347124,0.020593994412875825,0.78,0.824860649548974,0.5306122448979591,5.0,0.0,0,-0.03524229074889873,1,0,0,0,0,0,0,0,0,0,0,0,0,0
2026-03-20,HMPRO,0.008264402082462041,-0.00627009422183753,0.019960910558789194,0.32,0.3412017927251844,0.0816326530612244,0.0,0.0,0,-0.024590227652833474,0,0,0,0,0,0,0,0,0,1,0,0,0,0
2026-03-20,IVL,-0.008474569325568448,0.035800259976875526,0.04536619361300063,0.02,0.6190346064901138,0.4489795918367346,0.0,0.0,1,0.04273500741077374,0,0,0,0,0,0,1,0,0,0,0,0,0,0
2026-03-20,KBANK,0.013368973003795137,0.0006472542618846777,0.01720945946042216,0.52,0.8492309488143115,0.5510204081632653,3.0,0.0,0,-0.015831087360494878,0,0,0,0,0,0,0,0,1,0,0,0,0,0
2026-03-20,KKP,0.010526325293461092,0.0014634803736191637,0.013063586104174641,0.44,0.6442502814112808,0.4081632653061224,1.0,0.0,0,-0.0069444134210486785,0,0,0,0,0,0,0,0,1,0,0,0,0,0
2026-03-20,KTB,0.007299336920203681,0.0014919145381453002,0.00954206712102884,0.28,0.750245974679521,0.3673469387755101,1.0,0.0,0,-0.02173915096940593,0,0,0,0,0,0,0,0,1,0,0,0,0,0
2026-03-20,KTC,0.0,-0.0015229867350396108,0.0218633850733582,0.15,0.3257950366470686,0.0408163265306122,2.0,0.0,0,-0.03448278270972882,1,0,0,0,0,0,0,0,0,0,0,0,0,0
2026-03-20,LH,0.04395598001463319,0.0012980945565524537,0.024837088728438275,1.0,0.2735033172691258,0.0,1.0,0.0,0,-0.03684203772416861,0,1,0,0,0,0,0,0,0,0,0,0,0,0
2026-03-20,MINT,0.02870812417561419,-0.004949309183279071,0.03667263326495128,0.9,0.4943019943019943,0.2040816326530612,1.0,0.0,0,-0.023255776085697177,1,0,0,0,0,0,0,0,0,0,0,0,0,0
2026-03-20,MTC,0.03539821138386556,-0.012762211088084664,0.03071829887356924,0.94,0.2887361173649064,0.0,0.0,0.0,0,-0.06837603348098087,0,0,1,0,0,0,0,0,0,0,0,0,0,0
2026-03-20,OR,0.018018000215478835,0.004036980170896864,0.034084728357548194,0.62,0.6153782616814699,0.2857142857142857,6.0,0.0,0,-0.017699097866309854,0,0,0,0,0,0,0,0,0,0,0,1,0,0
2026-03-20,OSP,0.028571462570824657,0.000245610619476011,0.024714356565476898,0.88,0.338970421015203,0.0612244897959183,0.0,0.0,0,-0.0277778099145517,0,0,0,0,0,0,0,0,0,1,0,0,0,0
2026-03-20,PTT,-0.007299270072992692,-0.0013179059618181998,0.01913350472037831,0.06,0.7728921116235123,0.4285714285714285,10.0,0.0,0,-0.014705882352941124,0,0,0,0,0,0,1,0,0,0,0,0,0,0
2026-03-20,PTTEP,-0.006451612903225823,0.010355276252725476,0.028603326672593174,0.08,0.6813255353395934,0.4489795918367346,6.0,0.0,1,0.006493506493506551,0,0,0,0,0,0,1,0,0,0,0,0,0,0
2026-03-20,PTTGC,-0.007751937984496138,0.025784803660162982,0.03747801633251309,0.04,0.6382595769495901,0.4693877551020408,3.0,0.0,1,0.046875,0,0,0,0,0,0,1,0,0,0,0,0,0,0
2026-03-20,RATCH,0.008849557522123908,0.0036657277194629633,0.017325636115390376,0.34,0.2677087625191304,0.0,2.0,0.0,0,-0.01754385964912286,0,0,0,1,0,0,0,0,0,0,0,0,0,0
2026-03-20,SAWAD,0.022222287278977237,-0.013077920282624689,0.026408898437509792,0.74,0.3498375384972611,0.0816326530612244,0.0,0.0,0,-0.06086957107705637,0,0,0,0,0,0,0,0,0,1,0,0,0,0
2026-03-20,SCB,0.010416718554218773,0.002105088314367598,0.008719859752993763,0.42,0.7988495394135452,0.4693877551020408,18.0,0.0,0,-0.013745772231644304,0,0,0,0,0,0,0,0,1,0,0,0,0,0
2026-03-20,SCC,0.019283767420775977,0.00972240713711583,0.026245916281349396,0.66,0.6673911126530135,0.4489795918367346,3.0,0.0,0,-0.01621617379515805,0,0,0,0,0,0,1,0,0,0,0,0,0,0
2026-03-20,SCGP,0.039772653959647686,0.010948214619859842,0.04525943566666714,0.98,0.5128534376254641,0.3469387755102041,0.0,0.0,0,-0.010928881765599918,0,0,0,0,0,0,1,0,0,0,0,0,0,0
2026-03-20,TCAP,0.004524875836832809,-0.001769585988494682,0.007487051017848131,0.24,0.3602260403234661,0.1020408163265306,0.0,0.0,0,-0.013513552131457773,0,0,0,0,0,0,0,0,1,0,0,0,0,0
2026-03-20,TIDLOR,0.026666680761479267,-0.015662580188468844,0.03194910682831277,0.76,0.2781370028253271,0.0,0.0,0.0,0,-0.08441556352164148,0,0,0,0,1,0,0,0,0,0,0,0,0,0
2026-03-20,TISCO,0.0,0.0009007556017386787,0.006587009550752659,0.15,0.6406867342025374,0.4081632653061224,0.0,0.0,0,-0.013215816950565729,0,0,0,0,0,0,0,0,1,0,0,0,0,0
2026-03-20,TLI,0.019607796471844186,0.005977156866814814,0.016264595253352318,0.7,0.299872962494744,0.0,0.0,0.0,0,-0.028846037885881692,0,0,0,0,0,1,0,0,0,0,0,0,0,0
2026-03-20,TOP,-0.005434782608695676,-0.010400750232350143,0.021242585057370245,0.1,0.7386039040525615,0.5102040816326531,2.0,0.0,0,-0.02732240437158473,0,0,0,0,0,0,1,0,0,0,0,0,0,0
2026-03-20,TRUE,0.021739125845939178,0.011939396708428963,0.021932049850313443,0.72,0.7259234069997916,0.5510204081632653,6.0,0.0,0,-0.035461031491848094,1,0,0,0,0,0,0,0,0,0,0,0,0,0
2026-03-20,TTB,0.0,-0.0017061192263821301,0.01324449348847625,0.15,0.389142793520201,0.2448979591836734,6.0,0.0,0,-0.026785754469058176,0,0,0,0,0,0,0,0,1,0,0,0,0,0
2026-03-20,TU,0.018518500530834592,0.001985328359655969,0.01977015079296983,0.64,0.2779194133981291,0.0,0.0,0.0,0,-0.018181800842285156,0,0,0,0,0,0,0,0,0,0,1,0,0,0
2026-03-20,WHA,0.009852214063080122,0.0022127093884231506,0.02487605015435167,0.38,0.2667685974671863,0.0204081632653061,0.0,0.0,0,-0.03902431972354525,1,0,0,0,0,0,0,0,0,0,0,0,0,0
2026-03-23,ADVANC,-0.0368421052631579,-0.0019590100697630007,0.022943705339433334,0.22,0.8340338761433772,0.5306122448979591,0.0,0.0,1,0.005464480874316946,1,0,0,0,0,0,0,0,0,0,0,0,0,0
2026-03-23,AOT,-0.02051282051282055,-0.0018568230129110796,0.023649049001591115,0.64,0.5714144407022494,0.3877551020408163,0.0,0.0,1,0.020942408376963373,0,0,0,0,0,0,1,0,0,0,0,0,0,0
2026-03-23,AWC,-0.02970291566762895,-0.007760836890919687,0.022689032286559496,0.42,0.26474316484215,0.0,0.0,0.0,1,0.030612186872710723,0,0,0,0,0,0,0,1,0,0,0,0,0,0
2026-03-23,BANPU,0.024390273169235588,0.015243274449600986,0.02805282976428488,0.96,0.5168610876183813,0.3469387755102041,2.0,0.0,0,-0.05555559460117743,0,0,0,0,0,0,1,0,0,0,0,0,0,0
2026-03-23,BBL,-0.015060259862966774,-0.0011626286838216427,0.01183232453983527,0.76,0.8021884428957072,0.4897959183673469,3.0,0.0,1,0.024464862974656887,0,0,0,0,0,0,0,0,1,0,0,0,0,0
2026-03-23,BDMS,-0.031746052570364225,-0.005175552211573331,0.022416209103695846,0.36,0.6121736045413307,0.4081632653061224,3.0,0.0,0,0.0,0,0,0,0,0,0,1,0,0,0,0,0,0,0
2026-03-23,BEM,-0.028571446736653683,-0.0036633252303374998,0.02296967114837786,0.46,0.3153698175379232,0.0204081632653061,0.0,0.0,0,0.0,0,0,0,0,0,0,0,0,0,1,0,0,0,0
2026-03-23,BH,-0.030864197530864224,-0.01266265114223244,0.022319577657795405,0.4,0.5733025950300475,0.4693877551020408,2.0,0.0,1,0.01273885350318471,0,0,0,0,0,0,1,0,0,0,0,0,0,0
2026-03-23,BJC,-0.05000001397575593,-0.00846994229883169,0.02786224023030459,0.1,0.3859487784668349,0.1020408163265306,0.0,0.0,1,0.022556429138392398,0,0,0,0,0,0,0,0,0,1,0,0,0,0
2026-03-23,BTS,-0.014851471125267302,-0.004797043656014322,0.019562495094168738,0.78,0.3820598396963626,0.0816326530612244,2.0,0.0,1,0.015075362435176265,0,0,0,0,0,0,0,0,0,1,0,0,0,0
2026-03-23,CBG,-0.0482758620689655,0.0006946761157347713,0.041469567105518385,0.14,0.4037334379706352,0.1428571428571428,0.0,0.0,1,0.007246376811594235,0,0,0,0,0,0,0,0,0,1,0,0,0,0
2026-03-23,CCET,-0.033755243700015036,0.0008857187279825096,0.04173269927776016,0.32,0.2944691120222417,0.0408163265306122,2.0,0.0,0,-0.00873361627060032,0,0,0,0,0,0,0,0,0,0,0,1,0,0
2026-03-23,CENTEL,-0.02362206320743565,-0.012127002928220176,0.027212796053549006,0.58,0.2958173008031775,0.0,0.0,0.0,1,0.024193565132201833,0,0,0,0,0,0,0,0,0,0,0,0,1,0
2026-03-23,COM7,-0.013698595538180203,-0.019744332622343274,0.02638780232637566,0.84,0.5390811125917591,0.3469387755102041,0.0,0.0,1,0.009259206113829244,0,0,0,0,0,0,1,0,0,0,0,0,0,0
2026-03-23,CPALL,-0.03846154180747041,-0.00964534942153925,0.028804571783238746,0.2,0.4825031688955927,0.183673469387755,1.0,0.0,1,0.017142832844125433,0,0,0,0,0,0,0,0,0,1,0,0,0,0
2026-03-23,CPF,-0.04950497606815141,0.006064441725264347,0.04392750166867253,0.12,0.7091921123853364,0.4897959183673469,1.0,0.0,0,0.0,0,0,0,0,0,0,1,0,0,0,0,0,0,0
2026-03-23,CPN,-0.031620553359683834,-0.010895100949001878,0.019766603127186904,0.38,0.2998494178860543,0.0204081632653061,0.0,0.0,1,0.01632653061224487,0,0,0,0,0,0,0,0,0,0,0,1,0,0
2026-03-23,CRC,-0.04324314163375875,-0.010315125789121592,0.0389573135140993,0.16,0.1885120701342117,0.1224489795918367,0.0,0.0,0,0.0,0,0,0,0,0,0,0,0,0,1,0,0,0,0
2026-03-23,DELTA,-0.03345724907063197,0.00197980463154217,0.03296684907672858,0.34,0.7549857549857552,0.5102040816326531,1.0,0.0,1,0.01538461538461533,0,0,0,0,0,0,0,0,0,0,0,1,0,0
2026-03-23,EGCO,-0.02714932126696834,-0.0007236591633083877,0.022581918678447045,0.52,0.2641362307564376,0.0,1.0,0.0,1,0.013953488372093092,0,0,0,0,0,0,0,0,0,0,0,0,0,1
2026-03-23,GPSC,-0.0625,-0.015054869122033288,0.04506491164977433,0.06,0.3084218345695337,0.0408163265306122,5.0,0.0,1,0.05833333333333335,0,0,0,0,0,0,1,0,0,0,0,0,0,0
2026-03-23,GULF,-0.03524229074889873,-0.0033293987968672665,0.026565369958312393,0.28,0.824860649548974,0.5306122448979591,4.0,0.0,1,0.009132420091324311,1,0,0,0,0,0,0,0,0,0,0,0,0,0
2026-03-23,HMPRO,-0.024590227652833474,-0.006426238350706282,0.020134709983185405,0.56,0.3412017927251844,0.0816326530612244,0.0,0.0,1,0.01680685035368934,0,0,0,0,0,0,0,0,0,1,0,0,0,0
2026-03-23,IVL,0.04273500741077374,0.0402863511425229,0.044552538550923546,0.98,0.6190346064901138,0.4489795918367346,0.0,0.0,0,-0.0819672274095492,0,0,0,0,0,0,1,0,0,0,0,0,0,0
2026-03-23,KBANK,-0.015831087360494878,0.0017138339957128324,0.01561072994454453,0.74,0.8492309488143115,0.5510204081632653,2.0,0.0,1,0.013404814256425812,0,0,0,0,0,0,0,0,1,0,0,0,0,0
2026-03-23,KKP,-0.0069444134210486785,7.459768940942801e-05,0.013615570639076209,0.92,0.6442502814112808,0.4081632653061224,1.0,0.0,1,0.017482495068118498,0,0,0,0,0,0,0,0,1,0,0,0,0,0
2026-03-23,KTB,-0.02173915096940593,-0.001396072058884501,0.014008035554954322,0.62,0.750245974679521,0.3673469387755101,1.0,0.0,1,0.02962959789053765,0,0,0,0,0,0,0,0,1,0,0,0,0,0
2026-03-23,KTC,-0.03448278270972882,-0.006710136950174772,0.026525971870233464,0.3,0.3257950366470686,0.0408163265306122,2.0,0.0,1,0.017857191953924323,1,0,0,0,0,0,0,0,0,0,0,0,0,0
2026-03-23,LH,-0.03684203772416861,-0.002895717466576353,0.02974646021244873,0.24,0.2735033172691258,0.0,2.0,0.0,0,-0.005464489699131714,0,1,0,0,0,0,0,0,0,0,0,0,0,0
2026-03-23,MINT,-0.023255776085697177,-0.016840292802865586,0.02878577061586056,0.6,0.4943019943019943,0.2040816326530612,0.0,0.0,1,0.04761906084987588,1,0,0,0,0,0,0,0,0,0,0,0,0,0
2026-03-23,MTC,-0.06837603348098087,-0.023237413346490342,0.03971215195439194,0.04,0.2887361173649064,0.0,0.0,0.0,1,0.03669722760378602,0,0,1,0,0,0,0,0,0,0,0,0,0,0
2026-03-23,OR,-0.017699097866309854,0.0004971605976348936,0.03549853199540258,0.68,0.6153782616814699,0.2857142857142857,4.0,0.0,1,0.00900895714943828,0,0,0,0,0,0,0,0,0,0,0,1,0,0
2026-03-23,OSP,-0.0277778099145517,-0.0025321635665446875,0.02734110522894366,0.48,0.338970421015203,0.0612244897959183,0.0,0.0,1,0.014285696286034044,0,0,0,0,0,0,0,0,0,1,0,0,0,0
2026-03-23,PTT,-0.014705882352941124,0.00012047961138919038,0.01739054843060088,0.8,0.7728921116235123,0.4285714285714285,7.0,0.0,1,0.00746268656716409,0,0,0,0,0,0,1,0,0,0,0,0,0,0
2026-03-23,PTTEP,0.006493506493506551,0.013019165264737365,0.027188411072650784,0.94,0.6813255353395934,0.4489795918367346,4.0,0.0,0,-0.003225806451612856,0,0,0,0,0,0,1,0,0,0,0,0,0,0
2026-03-23,PTTGC,0.046875,0.03161998065131342,0.03816928870685682,1.0,0.6382595769495901,0.4693877551020408,3.0,0.0,0,-0.03731343283582089,0,0,0,0,0,0,1,0,0,0,0,0,0,0
2026-03-23,RATCH,-0.01754385964912286,0.0019426700753526704,0.019216504978159653,0.7,0.2677087625191304,0.0,2.0,0.0,1,0.017857142857142794,0,0,0,1,0,0,0,0,0,0,0,0,0,0
2026-03-23,SAWAD,-0.06086957107705637,-0.022812803000711045,0.03390848925622921,0.08,0.3498375384972611,0.0816326530612244,0.0,0.0,1,0.0462962497892232,0,0,0,0,0,0,0,0,0,1,0,0,0,0
2026-03-23,SCB,-0.013745772231644304,0.0007448296752679218,0.010773200655317478,0.82,0.7988495394135452,0.4693877551020408,17.0,0.0,1,0.013937351896323502,0,0,0,0,0,0,0,0,1,0,0,0,0,0
2026-03-23,SCC,-0.01621617379515805,0.008178893355856509,0.027768169787343887,0.72,0.6673911126530135,0.4489795918367346,0.0,0.0,1,0.005494462596002947,0,0,0,0,0,0,1,0,0,0,0,0,0,0
2026-03-23,SCGP,-0.010928881765599918,0.009911855091640965,0.045793477177970346,0.9,0.5128534376254641,0.3469387755102041,0.0,0.0,1,0.005524928234698523,0,0,0,0,0,0,1,0,0,0,0,0,0,0
2026-03-23,TCAP,-0.013513552131457773,-0.003579441421376095,0.009199255953767445,0.86,0.3602260403234661,0.1020408163265306,0.0,0.0,1,0.013698669820204623,0,0,0,0,0,0,0,0,1,0,0,0,0,0
2026-03-23,TIDLOR,-0.08441556352164148,-0.031348087533814614,0.04326136191496411,0.02,0.2781370028253271,0.0,0.0,0.0,1,0.04255314213917494,0,0,0,0,1,0,0,0,0,0,0,0,0,0
2026-03-23,TISCO,-0.013215816950565729,2.7498055585462035e-05,0.008275739424677001,0.88,0.6406867342025374,0.4081632653061224,0.0,0.0,1,0.004464271309296608,0,0,0,0,0,0,0,0,1,0,0,0,0,0
2026-03-23,TLI,-0.028846037885881692,-0.0017722338570230534,0.02210849362354777,0.44,0.299872962494744,0.0,0.0,0.0,0,0.0,0,0,0,0,0,1,0,0,0,0,0,0,0,0
2026-03-23,TOP,-0.02732240437158473,-0.007575075666252573,0.016487159396772765,0.5,0.7386039040525615,0.5102040816326531,2.0,0.0,1,0.050561797752809,0,0,0,0,0,0,1,0,0,0,0,0,0,0
2026-03-23,TRUE,-0.035461031491848094,0.0033434410020586336,0.030748436627314094,0.26,0.7259234069997916,0.5510204081632653,6.0,0.0,1,0.007352963750524966,1,0,0,0,0,0,0,0,0,0,0,0,0,0
2026-03-23,TTB,-0.026785754469058176,-0.0035234488444054303,0.016266264646548227,0.54,0.389142793520201,0.2448979591836734,8.0,0.0,1,0.009174363665279017,0,0,0,0,0,0,0,0,1,0,0,0,0,0
2026-03-23,TU,-0.018181800842285156,0.00018382014156796965,0.021385655143327378,0.66,0.2779194133981291,0.0,0.0,0.0,0,-0.018518500530834592,0,0,0,0,0,0,0,0,0,0,1,0,0,0
2026-03-23,WHA,-0.03902431972354525,-0.0055921545562858995,0.031089742948012197,0.18,0.2667685974671863,0.0204081632653061,0.0,0.0,1,0.020304499134734977,1,0,0,0,0,0,0,0,0,0,0,0,0,0
2026-03-24,ADVANC,0.005464480874316946,-0.005730978759764471,0.018700336031370092,0.28,0.8340338761433772,0.5306122448979591,0.0,0.0,1,0.008152173913043459,1,0,0,0,0,0,0,0,0,0,0,0,0,0
2026-03-24,AOT,0.020942408376963373,-0.0028496884877774907,0.022255173118727982,0.78,0.5714144407022494,0.3877551020408163,0.0,0.0,1,0.04615384615384621,0,0,0,0,0,0,1,0,0,0,0,0,0,0
2026-03-24,AWC,0.030612186872710723,-0.003599180259203849,0.028002413534560035,0.88,0.26474316484215,0.0,0.0,0.0,1,0.02970291566762895,0,0,0,0,0,0,0,1,0,0,0,0,0,0
2026-03-24,BANPU,-0.05555559460117743,0.002422757413906673,0.04270145309879367,0.04,0.5168610876183813,0.3469387755102041,3.0,0.0,0,-0.008403343973771071,0,0,0,0,0,0,1,0,0,0,0,0,0,0
2026-03-24,BBL,0.024464862974656887,0.0025145369003573225,0.016558491155701297,0.84,0.8021884428957072,0.4897959183673469,2.0,0.0,1,0.00597015667858547,0,0,0,0,0,0,0,0,1,0,0,0,0,0
2026-03-24,BDMS,0.0,-0.006239386100168343,0.021914231492902763,0.2,0.6121736045413307,0.4081632653061224,3.0,0.0,1,0.016393505842428047,0,0,0,0,0,0,1,0,0,0,0,0,0,0
2026-03-24,BEM,0.0,-0.005586409559909034,0.021960343445932944,0.2,0.3153698175379232,0.0204081632653061,0.0,0.0,1,0.01960782480441492,0,0,0,0,0,0,0,0,0,1,0,0,0,0
2026-03-24,BH,0.01273885350318471,-0.012502940143088014,0.02254139501039655,0.48,0.5733025950300475,0.4693877551020408,2.0,0.0,1,0.06289308176100628,0,0,0,0,0,0,1,0,0,0,0,0,0,0
2026-03-24,BJC,0.022556429138392398,-0.008275210828870217,0.028126936472972073,0.8,0.3859487784668349,0.1020408163265306,0.0,0.0,1,0.02205871615728383,0,0,0,0,0,0,0,0,0,1,0,0,0,0
2026-03-24,BTS,0.015075362435176265,-0.005703536129862052,0.018206943273749478,0.6,0.3820598396963626,0.0816326530612244,1.0,0.0,1,0.019801961500356402,0,0,0,0,0,0,0,0,0,1,0,0,0,0
2026-03-24,CBG,0.007246376811594235,-0.003653149971221725,0.038816670649380464,0.34,0.4037334379706352,0.1428571428571428,0.0,0.0,1,0.03597122302158273,0,0,0,0,0,0,0,0,0,1,0,0,0,0
2026-03-24,CCET,-0.00873361627060032,-0.013736549057892367,0.0221286930403153,0.1,0.2944691120222417,0.0408163265306122,1.0,0.0,1,0.0748899020803333,0,0,0,0,0,0,0,0,0,0,0,1,0,0
2026-03-24,CENTEL,0.024193565132201833,-0.011833759492807183,0.027686066018747228,0.82,0.2958173008031775,0.0,0.0,0.0,1,0.06299216855316181,0,0,0,0,0,0,0,0,0,0,0,0,1,0
2026-03-24,COM7,0.009259206113829244,-0.017892491399577427,0.028370250507401076,0.46,0.5390811125917591,0.3469387755102041,0.0,0.0,1,0.01834869448980969,0,0,0,0,0,0,1,0,0,0,0,0,0,0
2026-03-24,CPALL,0.017142832844125433,-0.00512981641667507,0.031291937797665016,0.68,0.4825031688955927,0.183673469387755,1.0,0.0,1,0.022471938096365163,0,0,0,0,0,0,0,0,0,1,0,0,0,0
2026-03-24,CPF,0.0,-0.004630750855969712,0.03512652488650181,0.2,0.7091921123853364,0.4897959183673469,1.0,0.0,1,0.031249996854851192,0,0,0,0,0,0,1,0,0,0,0,0,0,0
2026-03-24,CPN,0.01632653061224487,-0.010718597915355987,0.0200623204206155,0.64,0.2998494178860543,0.0204081632653061,0.0,0.0,1,0.028112449799196693,0,0,0,0,0,0,0,0,0,0,0,1,0,0
2026-03-24,CRC,0.0,-0.010315125789121592,0.0389573135140993,0.2,0.1885120701342117,0.1224489795918367,0.0,0.0,1,0.04519762911091196,0,0,0,0,0,0,0,0,0,1,0,0,0,0
2026-03-24,DELTA,0.01538461538461533,-0.0026952102760309017,0.02768078177893536,0.62,0.7549857549857552,0.5102040816326531,1.0,0.0,1,0.0984848484848484,0,0,0,0,0,0,0,0,0,0,0,1,0,0
2026-03-24,EGCO,0.013953488372093092,-0.0007107392666675372,0.022592385162812628,0.56,0.2641362307564376,0.0,1.0,0.0,1,0.00917431192660545,0,0,0,0,0,0,0,0,0,0,0,0,0,1
2026-03-24,GPSC,0.05833333333333335,-0.011080510147674328,0.05139608394785887,1.0,0.3084218345695337,0.0408163265306122,4.0,0.0,1,0.04724409448818889,0,0,0,0,0,0,1,0,0,0,0,0,0,0
2026-03-24,GULF,0.009132420091324311,-0.004193497738243668,0.025946064583980185,0.42,0.824860649548974,0.5306122448979591,2.0,0.0,1,0.03167420814479649,1,0,0,0,0,0,0,0,0,0,0,0,0,0
2026-03-24,HMPRO,0.01680685035368934,-0.004690872655806677,0.021991250605744257,0.66,0.3412017927251844,0.0816326530612244,0.0,0.0,1,0.024793287892076243,0,0,0,0,0,0,0,0,0,1,0,0,0,0
2026-03-24,IVL,-0.0819672274095492,0.0020023763023463647,0.05189740391512556,0.02,0.6190346064901138,0.4489795918367346,0.0,0.0,1,0.004464325419368587,0,0,0,0,0,0,1,0,0,0,0,0,0,0
2026-03-24,KBANK,0.013404814256425812,0.000611012872720007,0.01422464872085035,0.5,0.8492309488143115,0.5510204081632653,2.0,0.0,1,0.013227502048390516,0,0,0,0,0,0,0,0,1,0,0,0,0,0
2026-03-24,KKP,0.017482495068118498,0.002172501596192866,0.015610092812380788,0.7,0.6442502814112808,0.4081632653061224,3.0,0.0,1,0.017182108933429863,0,0,0,0,0,0,0,0,1,0,0,0,0,0
2026-03-24,KTB,0.02962959789053765,0.001588668229564938,0.018997866153152663,0.86,0.750245974679521,0.3673469387755101,1.0,0.0,1,0.0071943103850478085,0,0,0,0,0,0,0,0,1,0,0,0,0,0
2026-03-24,KTC,0.017857191953924323,-0.008311112472938541,0.024208976297829646,0.74,0.3257950366470686,0.0408163265306122,2.0,0.0,1,0.026315789473684292,1,0,0,0,0,0,0,0,0,0,0,0,0,0
2026-03-24,LH,-0.005464489699131714,-0.003988615406402695,0.029713838788876262,0.12,0.2735033172691258,0.0,2.0,0.0,1,0.016483475590753915,0,1,0,0,0,0,0,0,0,0,0,0,0,0
2026-03-24,MINT,0.04761906084987588,-0.002076290902673672,0.039661032496241914,0.96,0.4943019943019943,0.2040816326530612,0.0,0.0,1,0.018181752279172736,1,0,0,0,0,0,0,0,0,0,0,0,0,0
2026-03-24,MTC,0.03669722760378602,-0.012645943249763935,0.04819440439752377,0.9,0.2887361173649064,0.0,0.0,0.0,1,0.03539821138386556,0,0,1,0,0,0,0,0,0,0,0,0,0,0
2026-03-24,OR,0.00900895714943828,-0.008511848101764752,0.02144112561825733,0.4,0.6153782616814699,0.2857142857142857,4.0,0.0,1,0.017857126131349377,0,0,0,0,0,0,0,0,0,0,0,1,0,0
2026-03-24,OSP,0.014285696286034044,-0.001083480165227435,0.028155022539434343,0.58,0.338970421015203,0.0612244897959183,0.0,0.0,1,0.02816911711779113,0,0,0,0,0,0,0,0,0,1,0,0,0,0
2026-03-24,PTT,0.00746268656716409,-0.001372057702043672,0.01607256584575261,0.38,0.7728921116235123,0.4285714285714285,7.0,0.0,1,0.014814814814814836,0,0,0,0,0,0,1,0,0,0,0,0,0,0
2026-03-24,PTTEP,-0.003225806451612856,0.007563007410840927,0.02715741303487679,0.14,0.6813255353395934,0.4489795918367346,3.0,0.0,0,-0.01941747572815533,0,0,0,0,0,0,1,0,0,0,0,0,0,0
2026-03-24,PTTGC,-0.03731343283582089,0.008505120171105763,0.03785676129425668,0.06,0.6382595769495901,0.4693877551020408,3.0,0.0,0,-0.023255813953488413,0,0,0,0,0,0,1,0,0,0,0,0,0,0
2026-03-24,RATCH,0.017857142857142794,0.00010869324137583459,0.016464540529635564,0.72,0.2677087625191304,0.0,0.0,0.0,1,0.026315789473684292,0,0,0,1,0,0,0,0,0,0,0,0,0,0
2026-03-24,SAWAD,0.0462962497892232,-0.013553553042866406,0.04589692588404665,0.94,0.3498375384972611,0.0816326530612244,0.0,0.0,1,0.01769916663009119,0,0,0,0,0,0,0,0,0,1,0,0,0,0
2026-03-24,SCB,0.013937351896323502,0.0014343874334722395,0.011629195725200174,0.54,0.7988495394135452,0.4693877551020408,17.0,0.0,1,0.0034364430579110206,0,0,0,0,0,0,0,0,1,0,0,0,0,0
2026-03-24,SCC,0.005494462596002947,-0.00043649499759150777,0.016498573074466165,0.3,0.6673911126530135,0.4489795918367346,0.0,0.0,1,0.05737711005951596,0,0,0,0,0,0,1,0,0,0,0,0,0,0
2026-03-24,SCGP,0.005524928234698523,-0.0028560010998701646,0.031850204743082436,0.32,0.5128534376254641,0.3469387755102041,0.0,0.0,1,0.07142846478135723,0,0,0,0,0,0,1,0,0,0,0,0,0,0
2026-03-24,TCAP,0.013698669820204623,-0.001736566275114515,0.011779575481367772,0.52,0.3602260403234661,0.1020408163265306,0.0,0.0,1,0.00900898712550724,0,0,0,0,0,0,0,0,1,0,0,0,0,0
2026-03-24,TIDLOR,0.04255314213917494,-0.021632639253437037,0.05439282909477045,0.92,0.2781370028253271,0.0,0.0,0.0,1,0.040816415962375396,0,0,0,0,1,0,0,0,0,0,0,0,0,0
2026-03-24,TISCO,0.004464271309296608,-0.0008653562062738596,0.00725296268824347,0.26,0.6406867342025374,0.4081632653061224,0.0,0.0,1,0.004444430167214852,0,0,0,0,0,0,0,0,1,0,0,0,0,0
2026-03-24,TLI,0.0,-0.00569379315139189,0.01886984327368839,0.2,0.299872962494744,0.0,0.0,0.0,1,0.029702847345735472,0,0,0,0,0,1,0,0,0,0,0,0,0,0
2026-03-24,TOP,0.050561797752809,0.00037512172214708704,0.0308752843578902,0.98,0.7386039040525615,0.5102040816326531,2.0,0.0,1,0.021390374331550888,0,0,0,0,0,0,1,0,0,0,0,0,0,0
2026-03-24,TRUE,0.007352963750524966,-0.004141203539429284,0.021220095294262085,0.36,0.7259234069997916,0.5510204081632653,3.0,0.0,1,0.02919709839894269,1,0,0,0,0,0,0,0,0,0,0,0,0,0
2026-03-24,TTB,0.009174363665279017,-0.0016885761113496268,0.01725073493539897,0.44,0.389142793520201,0.2448979591836734,9.0,0.0,1,0.027272656149586183,0,0,0,0,0,0,0,0,1,0,0,0,0,0
2026-03-24,TU,-0.018518500530834592,-0.007223580070765867,0.019803114576157584,0.08,0.2779194133981291,0.0,0.0,0.0,1,0.03773581171086837,0,0,0,0,0,0,0,0,0,0,1,0,0,0
2026-03-24,WHA,0.020304499134734977,-0.007442583167186978,0.02865469767685587,0.76,0.2667685974671863,0.0204081632653061,0.0,0.0,1,0.039800984067272394,1,0,0,0,0,0,0,0,0,0,0,0,0,0
2026-03-25,ADVANC,0.008152173913043459,-0.00410054397715578,0.019655892840536114,0.18,0.8340338761433772,0.5306122448979591,0.0,0.0,0,-0.008086253369272267,1,0,0,0,0,0,0,0,0,0,0,0,0,0
2026-03-25,AOT,0.04615384615384621,0.006381080742991751,0.031417992862828904,0.86,0.5714144407022494,0.3877551020408163,0.0,0.0,0,-0.004901960784313708,0,0,0,0,0,0,1,0,0,0,0,0,0,0
2026-03-25,AWC,0.02970291566762895,0.0023414028743219406,0.03184400850156949,0.68,0.26474316484215,0.0,0.0,0.0,0,-0.009615367440996447,0,0,0,0,0,0,0,1,0,0,0,0,0,0
2026-03-25,BANPU,-0.008403343973771071,0.005826840459117544,0.04055087380019653,0.06,0.5168610876183813,0.3469387755102041,3.0,0.0,1,0.008474558604752769,0,0,0,0,0,0,1,0,0,0,0,0,0,0
2026-03-25,BBL,0.00597015667858547,0.003104337868284546,0.016633398937533708,0.14,0.8021884428957072,0.4897959183673469,2.0,0.0,1,0.0059347254378769865,0,0,0,0,0,0,0,0,1,0,0,0,0,0
2026-03-25,BDMS,0.016393505842428047,-0.000844294882714336,0.023815903593027484,0.28,0.6121736045413307,0.4081632653061224,3.0,0.0,0,-0.016129093454646193,0,0,0,0,0,0,1,0,0,0,0,0,0,0
2026-03-25,BEM,0.01960782480441492,-0.0035696137698779883,0.024057841950614316,0.42,0.3153698175379232,0.0204081632653061,0.0,0.0,0,-0.01923075159625831,0,0,0,0,0,0,0,0,0,1,0,0,0,0
2026-03-25,BH,0.06289308176100628,0.003615499217962803,0.03997185698788206,0.92,0.5733025950300475,0.4693877551020408,2.0,0.0,0,-0.035502958579881616,0,0,0,0,0,0,1,0,0,0,0,0,0,0
2026-03-25,BJC,0.02205871615728383,-0.00386346759741345,0.03130035479773344,0.48,0.3859487784668349,0.1020408163265306,0.0,0.0,0,-0.014388444144212587,0,0,0,0,0,0,0,0,0,1,0,0,0,0
2026-03-25,BTS,0.019801961500356402,0.000179931329835048,0.02114310234167637,0.44,0.3820598396963626,0.0816326530612244,0.0,0.0,0,-0.019417457749564604,0,0,0,0,0,0,0,0,0,1,0,0,0,0
2026-03-25,CBG,0.03597122302158273,-0.00350115888803193,0.03900790995505832,0.76,0.4037334379706352,0.1428571428571428,0.0,0.0,0,-0.02083333333333337,0,0,0,0,0,0,0,0,0,1,0,0,0,0
2026-03-25,CCET,0.0748899020803333,0.0012414313581742941,0.04610577999911191,0.98,0.2944691120222417,0.0408163265306122,1.0,0.0,0,-0.01639342660450327,0,0,0,0,0,0,0,0,0,0,0,1,0,0
2026-03-25,CENTEL,0.06299216855316181,0.005209133046579173,0.04214489865801862,0.94,0.2958173008031775,0.0,0.0,0.0,0,0.0,0,0,0,0,0,0,0,0,0,0,0,0,1,0
2026-03-25,COM7,0.01834869448980969,-0.010038652016422688,0.03246276788115114,0.4,0.5390811125917591,0.3469387755102041,0.0,0.0,0,-0.02702704328151928,0,0,0,0,0,0,1,0,0,0,0,0,0,0
2026-03-25,CPALL,0.022471938096365163,-0.001728334995214964,0.0335727112416978,0.5,0.4825031688955927,0.183673469387755,1.0,0.0,0,-0.027472517434731447,0,0,0,0,0,0,0,0,0,1,0,0,0,0
2026-03-25,CPF,0.031249996854851192,-0.0024416514479801863,0.03734029844412775,0.7,0.7091921123853364,0.4897959183673469,1.0,0.0,1,0.010100976583562904,0,0,0,0,0,0,1,0,0,0,0,0,0,0
2026-03-25,CPN,0.028112449799196693,-0.0012938265866953458,0.025519281025977038,0.6,0.2998494178860543,0.0204081632653061,0.0,0.0,0,-0.015625,0,0,0,0,0,0,0,0,0,0,0,1,0,0
2026-03-25,CRC,0.04519762911091196,-0.0044841591232282155,0.04551816717180228,0.84,0.1885120701342117,0.1224489795918367,0.0,0.0,0,-0.010810785408439716,0,0,0,0,0,0,0,0,0,1,0,0,0,0
2026-03-25,DELTA,0.0984848484848484,0.011031610167207417,0.05315293906646631,1.0,0.7549857549857552,0.5102040816326531,2.0,0.0,0,-0.04137931034482756,0,0,0,0,0,0,0,0,0,0,0,1,0,0
2026-03-25,EGCO,0.00917431192660545,0.0011241231186535528,0.02303279703109578,0.22,0.2641362307564376,0.0,1.0,0.0,1,0.013636363636363669,0,0,0,0,0,0,0,0,0,0,0,0,0,1
2026-03-25,GPSC,0.04724409448818889,-0.00015020976855506518,0.05778654746349221,0.88,0.3084218345695337,0.0408163265306122,4.0,0.0,0,-0.03759398496240607,0,0,0,0,0,0,1,0,0,0,0,0,0,0
2026-03-25,GULF,0.03167420814479649,0.0012563881385032616,0.030645164482876606,0.72,0.824860649548974,0.5306122448979591,3.0,0.0,0,-0.004385964912280715,1,0,0,0,0,0,0,0,0,0,0,0,0,0
2026-03-25,HMPRO,0.024793287892076243,-0.0013451225436671432,0.02542196605804875,0.52,0.3412017927251844,0.0816326530612244,0.0,0.0,0,-0.016128994993334422,0,0,0,0,0,0,0,0,0,1,0,0,0,0
2026-03-25,IVL,0.004464325419368587,-0.006073379214306218,0.04641660889687364,0.12,0.6190346064901138,0.4489795918367346,0.0,0.0,1,0.008888881629610212,0,0,0,0,0,0,1,0,0,0,0,0,0,0
2026-03-25,KBANK,0.013227502048390516,0.002195520095447101,0.015280312603176752,0.24,0.8492309488143115,0.5510204081632653,3.0,0.0,1,0.0026110149474796174,0,0,0,0,0,0,0,0,1,0,0,0,0,0
2026-03-25,KKP,0.017182108933429863,0.0035255881881417483,0.016754608881361148,0.32,0.6442502814112808,0.4081632653061224,3.0,0.0,1,0.027027015279380118,0,0,0,0,0,0,0,0,1,0,0,0,0,0
2026-03-25,KTB,0.0071943103850478085,0.0044768188452766425,0.01840742134676603,0.16,0.750245974679521,0.3673469387755101,1.0,0.0,0,0.0,0,0,0,0,0,0,0,0,1,0,0,0,0,0
2026-03-25,KTC,0.026315789473684292,-0.004728631425064367,0.028283277831202304,0.55,0.3257950366470686,0.0408163265306122,2.0,0.0,0,-0.02564102564102566,1,0,0,0,0,0,0,0,0,0,0,0,0,0
2026-03-25,LH,0.016483475590753915,0.0003833503086272838,0.03103731276797658,0.3,0.2735033172691258,0.0,2.0,0.0,0,-0.010810762238711802,0,1,0,0,0,0,0,0,0,0,0,0,0,0
2026-03-25,MINT,0.018181752279172736,0.004250624287254224,0.03991492055394202,0.38,0.4943019943019943,0.2040816326530612,0.0,0.0,0,-0.040178558637047335,1,0,0,0,0,0,0,0,0,0,0,0,0,0
2026-03-25,MTC,0.03539821138386556,-0.0022605113234671404,0.052546835171340844,0.74,0.2887361173649064,0.0,0.0,0.0,0,-0.0512819921855322,0,0,1,0,0,0,0,0,0,0,0,0,0,0
2026-03-25,OR,0.017857126131349377,0.0018971775527293565,0.018256548904337443,0.36,0.6153782616814699,0.2857142857142857,4.0,0.0,1,0.07894742125619669,0,0,0,0,0,0,0,0,0,0,0,1,0,0
2026-03-25,OSP,0.02816911711779113,0.0017531303013984978,0.030656209178945737,0.62,0.338970421015203,0.0612244897959183,0.0,0.0,0,-0.02054801830419395,0,0,0,0,0,0,0,0,0,1,0,0,0,0
2026-03-25,PTT,0.014814814814814836,0.00453208173150752,0.01535609928714232,0.26,0.7728921116235123,0.4285714285714285,6.0,0.0,1,0.007299270072992803,0,0,0,0,0,0,1,0,0,0,0,0,0,0
2026-03-25,PTTEP,-0.01941747572815533,0.006364076023599119,0.02841854463915722,0.04,0.6813255353395934,0.4489795918367346,2.0,0.0,1,0.04290429042904287,0,0,0,0,0,0,1,0,0,0,0,0,0,0
2026-03-25,PTTGC,-0.023255813953488413,0.0054668606062145296,0.04006428111856936,0.02,0.6382595769495901,0.4693877551020408,3.0,0.0,1,0.031746031746031855,0,0,0,0,0,0,1,0,0,0,0,0,0,0
2026-03-25,RATCH,0.026315789473684292,0.003617465171200407,0.020214643219481115,0.55,0.2677087625191304,0.0,0.0,0.0,1,0.008547008547008517,0,0,0,1,0,0,0,0,0,0,0,0,0,0
2026-03-25,SAWAD,0.01769916663009119,-0.0042524177398084225,0.0467376599417326,0.34,0.3498375384972611,0.0816326530612244,0.0,0.0,0,-0.05217397823225245,0,0,0,0,0,0,0,0,0,1,0,0,0,0
2026-03-25,SCB,0.0034364430579110206,0.0014296310872904839,0.011628164832411608,0.08,0.7988495394135452,0.4693877551020408,16.0,0.0,0,0.0,0,0,0,0,0,0,0,0,1,0,0,0,0,0
2026-03-25,SCC,0.05737711005951596,0.009404045455981702,0.031116296995044982,0.9,0.6673911126530135,0.4489795918367346,0.0,0.0,1,0.007751877345434588,0,0,0,0,0,0,1,0,0,0,0,0,0,0
2026-03-25,SCGP,0.07142846478135723,0.01142969185640128,0.04622597262761905,0.96,0.5128534376254641,0.3469387755102041,0.0,0.0,1,0.0051282668924439445,0,0,0,0,0,0,1,0,0,0,0,0,0,0
2026-03-25,TCAP,0.00900898712550724,6.523114998693291e-05,0.012759824447628588,0.2,0.3602260403234661,0.1020408163265306,0.0,0.0,0,0.0,0,0,0,0,0,0,0,0,1,0,0,0,0,0
2026-03-25,TIDLOR,0.040816415962375396,-0.006196625293653213,0.05984531832064709,0.82,0.2781370028253271,0.0,0.0,0.0,0,-0.058823620857341496,0,0,0,0,1,0,0,0,0,0,0,0,0,0
2026-03-25,TISCO,0.004444430167214852,2.3529827169110894e-05,0.007647160732819528,0.1,0.6406867342025374,0.4081632653061224,0.0,0.0,0,0.0,0,0,0,0,0,0,0,0,1,0,0,0,0,0
2026-03-25,TLI,0.029702847345735472,0.000246776317755204,0.024841170416455213,0.66,0.299872962494744,0.0,0.0,0.0,0,-0.019230724342921945,0,0,0,0,0,1,0,0,0,0,0,0,0,0
2026-03-25,TOP,0.021390374331550888,0.0035836778718797203,0.032320944988209956,0.46,0.7386039040525615,0.5102040816326531,2.0,0.0,1,0.010471204188481575,0,0,0,0,0,0,1,0,0,0,0,0,0,0
2026-03-25,TRUE,0.02919709839894269,0.00312679192851939,0.025687951005765822,0.64,0.7259234069997916,0.5510204081632653,3.0,0.0,0,-0.007092220071409083,1,0,0,0,0,0,0,0,0,0,0,0,0,0
2026-03-25,TTB,0.027272656149586183,0.00016235331104053063,0.020147116421773005,0.58,0.389142793520201,0.2448979591836734,9.0,0.0,1,0.017699106378941565,0,0,0,0,0,0,0,0,1,0,0,0,0,0
2026-03-25,TU,0.03773581171086837,-0.001494606482587213,0.02810574192678354,0.78,0.2779194133981291,0.0,0.0,0.0,0,-0.009090943769975102,0,0,0,0,0,0,0,0,0,0,1,0,0,0
2026-03-25,WHA,0.039800984067272394,-0.0013962496774516885,0.03551100520675923,0.8,0.2667685974671863,0.0204081632653061,1.0,0.0,0,0.0,1,0,0,0,0,0,0,0,0,0,0,0,0,0
2026-03-26,ADVANC,-0.008086253369272267,-0.004134681194545853,0.019664321391964844,0.5,0.8340338761433772,0.5306122448979591,0.0,0.0,0,-0.0027173913043477826,1,0,0,0,0,0,0,0,0,0,0,0,0,0
2026-03-26,AOT,-0.004901960784313708,0.011461294646735065,0.02549951596818145,0.54,0.5714144407022494,0.3877551020408163,0.0,0.0,1,0.029556650246305383,0,0,0,0,0,0,1,0,0,0,0,0,0,0
2026-03-26,AWC,-0.009615367440996447,0.00721443363433405,0.026273149557970454,0.46,0.26474316484215,0.0,0.0,0.0,1,0.009708720354587808,0,0,0,0,0,0,0,1,0,0,0,0,0,0
2026-03-26,BANPU,0.008474558604752769,-0.0029130432255540352,0.03183755240656757,0.8,0.5168610876183813,0.3469387755102041,3.0,0.0,1,0.02521011460616296,0,0,0,0,0,0,1,0,0,0,0,0,0,0
2026-03-26,BBL,0.0059347254378769865,0.006700924533934627,0.014321435974342883,0.74,0.8021884428957072,0.4897959183673469,2.0,0.0,0,-0.011799424530838376,0,0,0,0,0,0,0,0,1,0,0,0,0,0
2026-03-26,BDMS,-0.016129093454646193,-0.0008615453151466391,0.023829691680427853,0.34,0.6121736045413307,0.4081632653061224,3.0,0.0,1,0.0054645019474759415,0,0,0,0,0,0,1,0,0,0,0,0,0,0
2026-03-26,BEM,-0.01923075159625831,-0.0017553833355722138,0.021978665487327406,0.28,0.3153698175379232,0.0204081632653061,0.0,0.0,0,0.0,0,0,0,0,0,0,0,0,0,1,0,0,0,0
2026-03-26,BH,-0.035502958579881616,0.0037221147091936802,0.0398401495429126,0.14,0.5733025950300475,0.4693877551020408,1.0,0.0,1,0.006134969325153339,0,0,0,0,0,0,1,0,0,0,0,0,0,0
2026-03-26,BJC,-0.014388444144212587,-0.0025157970359839686,0.03050623031887544,0.4,0.3859487784668349,0.1020408163265306,0.0,0.0,1,0.02189784774778225,0,0,0,0,0,0,0,0,0,1,0,0,0,0
2026-03-26,BTS,-0.019417457749564604,0.0021216771047915194,0.017989443657563043,0.26,0.3820598396963626,0.0816326530612244,1.0,0.0,1,0.009900980750178201,0,0,0,0,0,0,0,0,0,1,0,0,0,0
2026-03-26,CBG,-0.02083333333333337,0.000495439751423854,0.03505205660026147,0.22,0.4037334379706352,0.1428571428571428,0.0,0.0,1,0.02127659574468077,0,0,0,0,0,0,0,0,0,1,0,0,0,0
2026-03-26,CCET,-0.01639342660450327,0.005765623313877377,0.04210429783999923,0.32,0.2944691120222417,0.0408163265306122,0.0,0.0,0,-0.016666749450892193,0,0,0,0,0,0,0,0,0,0,0,1,0,0
2026-03-26,CENTEL,0.0,0.01430003676406939,0.032217529195213895,0.63,0.2958173008031775,0.0,0.0,0.0,0,-0.03703706058278189,0,0,0,0,0,0,0,0,0,0,0,0,1,0
2026-03-26,COM7,-0.02702704328151928,-0.00262354764321211,0.018070037800302835,0.18,0.5390811125917591,0.3469387755102041,0.0,0.0,1,0.004629647208502563,0,0,0,0,0,0,1,0,0,0,0,0,0,0
2026-03-26,CPALL,-0.027472517434731447,0.0003858577311994571,0.030944029316371607,0.16,0.4825031688955927,0.183673469387755,1.0,0.0,0,-0.005649769062558763,0,0,0,0,0,0,0,0,0,1,0,0,0,0
2026-03-26,CPF,0.010100976583562904,0.005548692548503853,0.034146825482178386,0.86,0.7091921123853364,0.4897959183673469,1.0,0.0,1,0.03999996521716942,0,0,0,0,0,0,1,0,0,0,0,0,0,0
2026-03-26,CPN,-0.015625,0.0002323362040023369,0.02406419848195472,0.38,0.2998494178860543,0.0204081632653061,0.0,0.0,0,-0.02777777777777779,0,0,0,0,0,0,0,0,0,0,0,1,0,0
2026-03-26,CRC,-0.010810785408439716,0.004932634747950448,0.03546677533295894,0.42,0.1885120701342117,0.1224489795918367,0.0,0.0,0,-0.01092893578798626,0,0,0,0,0,0,0,0,0,1,0,0,0,0
2026-03-26,DELTA,-0.04137931034482756,0.008552849547517272,0.055712999733885146,0.08,0.7549857549857552,0.5102040816326531,2.0,0.0,0,-0.007194244604316502,0,0,0,0,0,0,0,0,0,0,0,1,0,0
2026-03-26,EGCO,0.013636363636363669,0.007504363882455967,0.02061022719522993,0.9,0.2641362307564376,0.0,1.0,0.0,0,-0.008968609865470878,0,0,0,0,0,0,0,0,0,0,0,0,0,1
2026-03-26,GPSC,-0.03759398496240607,0.004271291746426398,0.0527140230729212,0.12,0.3084218345695337,0.0408163265306122,4.0,0.0,1,0.046875,0,0,0,0,0,0,1,0,0,0,0,0,0,0
2026-03-26,GULF,-0.004385964912280715,0.005665538768381917,0.027039352346824284,0.56,0.824860649548974,0.5306122448979591,2.0,0.0,1,0.026431718061673992,1,0,0,0,0,0,0,0,0,0,0,0,0,0
2026-03-26,HMPRO,-0.016128994993334422,0.0018290635364119456,0.021293039317481832,0.36,0.3412017927251844,0.0816326530612244,0.0,0.0,0,-0.008196661575468611,0,0,0,0,0,0,0,0,0,1,0,0,0,0
2026-03-26,IVL,0.008888881629610212,-0.0068707164550730225,0.04604246476869666,0.84,0.6190346064901138,0.4489795918367346,0.0,0.0,1,0.013215890936818964,0,0,0,0,0,0,1,0,0,0,0,0,0,0
2026-03-26,KBANK,0.0026110149474796174,0.005356243379119241,0.012721824802828447,0.7,0.8492309488143115,0.5510204081632653,4.0,0.0,0,-0.005208345713337836,0,0,0,0,0,0,0,0,1,0,0,0,0,0
2026-03-26,KKP,0.027027015279380118,0.013054706230668178,0.012631544682063347,0.94,0.6442502814112808,0.4081632653061224,3.0,0.0,0,-0.006578918132522205,0,0,0,0,0,0,0,0,1,0,0,0,0,0
2026-03-26,KTB,0.0,0.0044768188452766425,0.01840742134676603,0.63,0.750245974679521,0.3673469387755101,1.0,0.0,0,0.0,0,0,0,0,0,0,0,0,1,0,0,0,0,0
2026-03-26,KTC,-0.02564102564102566,-0.003190165384629173,0.0264907474579628,0.2,0.3257950366470686,0.0408163265306122,1.0,0.0,1,0.017543835954524578,1,0,0,0,0,0,0,0,0,0,0,0,0,0
2026-03-26,LH,-0.010810762238711802,0.0014644331886749962,0.030402217416252243,0.44,0.2735033172691258,0.0,2.0,0.0,1,0.01092891210905056,0,1,0,0,0,0,0,0,0,0,0,0,0,0
2026-03-26,MINT,-0.040178558637047335,0.0062149205163836594,0.036688993500169,0.1,0.4943019943019943,0.2040816326530612,0.0,0.0,0,0.0,1,0,0,0,0,0,0,0,0,0,0,0,0,0
2026-03-26,MTC,-0.0512819921855322,-0.002432875058999184,0.0527453398984295,0.06,0.2887361173649064,0.0,0.0,0.0,0,0.0,0,0,1,0,0,0,0,0,0,0,0,0,0,0
2026-03-26,OR,0.07894742125619669,0.021226481377230665,0.03541829479362085,1.0,0.6153782616814699,0.2857142857142857,4.0,0.0,0,0.0,0,0,0,0,0,0,0,0,0,0,0,1,0,0
2026-03-26,OSP,-0.02054801830419395,0.004540089551180837,0.02694751595798499,0.24,0.338970421015203,0.0612244897959183,0.0,0.0,1,0.006993032392330845,0,0,0,0,0,0,0,0,0,1,0,0,0,0
2026-03-26,PTT,0.007299270072992803,0.0015143238058075825,0.012109151589070256,0.76,0.7728921116235123,0.4285714285714285,7.0,0.0,0,0.0,0,0,0,0,0,0,1,0,0,0,0,0,0,0
2026-03-26,PTTEP,0.04290429042904287,0.004060580367911082,0.023609159764535165,0.98,0.6813255353395934,0.4489795918367346,2.0,0.0,1,0.009493670886076,0,0,0,0,0,0,1,0,0,0,0,0,0,0
2026-03-26,PTTGC,0.031746031746031855,0.0020599693944452825,0.03597595197572214,0.96,0.6382595769495901,0.4693877551020408,4.0,0.0,1,0.01538461538461533,0,0,0,0,0,0,1,0,0,0,0,0,0,0
2026-03-26,RATCH,0.008547008547008517,0.00880512775016733,0.01645372289170435,0.82,0.2677087625191304,0.0,0.0,0.0,0,0.0,0,0,0,1,0,0,0,0,0,0,0,0,0,0
2026-03-26,SAWAD,-0.05217397823225245,-0.00536516912220344,0.048046167341918175,0.04,0.3498375384972611,0.0816326530612244,0.0,0.0,1,0.02293575821066174,0,0,0,0,0,0,0,0,0,1,0,0,0,0
2026-03-26,SCB,0.0,0.0028089482553617985,0.010771052025542422,0.63,0.7988495394135452,0.4693877551020408,18.0,0.0,0,-0.0034246743594827933,0,0,0,0,0,0,0,0,1,0,0,0,0,0
2026-03-26,SCC,0.007751877345434588,0.014738208725314283,0.027070128724841918,0.78,0.6673911126530135,0.4489795918367346,0.0,0.0,1,0.041025639400886105,0,0,0,0,0,0,1,0,0,0,0,0,0,0
2026-03-26,SCGP,0.0051282668924439445,0.02218508642050949,0.03316347273942094,0.72,0.5128534376254641,0.3469387755102041,0.0,0.0,0,-0.005102101951922178,0,0,0,0,0,0,1,0,0,0,0,0,0,0
2026-03-26,TCAP,0.0,0.0027437961302173796,0.010419499872809887,0.63,0.3602260403234661,0.1020408163265306,0.0,0.0,1,0.013392895706465069,0,0,0,0,0,0,0,0,1,0,0,0,0,0
2026-03-26,TIDLOR,-0.058823620857341496,-0.006640589103190675,0.06031911015180554,0.02,0.2781370028253271,0.0,0.0,0.0,0,-0.0069443794455783525,0,0,0,0,1,0,0,0,0,0,0,0,0,0
2026-03-26,TISCO,0.0,-0.0008614230948108537,0.007256553017165781,0.63,0.6406867342025374,0.4081632653061224,0.0,0.0,0,-0.004424764609899823,0,0,0,0,0,0,0,0,1,0,0,0,0,0
2026-03-26,TLI,-0.019230724342921945,0.000246776317755204,0.02484117041645521,0.3,0.299872962494744,0.0,0.0,0.0,1,0.009803947817921044,0,0,0,0,0,1,0,0,0,0,0,0,0,0
2026-03-26,TOP,0.010471204188481575,0.009933237858512212,0.02918216147784455,0.88,0.7386039040525615,0.5102040816326531,3.0,0.0,1,0.005181347150259086,0,0,0,0,0,0,1,0,0,0,0,0,0,0
2026-03-26,TRUE,-0.007092220071409083,0.003147187286429931,0.02567774632005049,0.52,0.7259234069997916,0.5510204081632653,1.0,0.0,0,-0.021428567465308967,1,0,0,0,0,0,0,0,0,0,0,0,0,0
2026-03-26,TTB,0.017699106378941565,0.005472074344949718,0.02066992829585306,0.92,0.389142793520201,0.2448979591836734,9.0,0.0,0,-0.00869570144345011,0,0,0,0,0,0,0,0,1,0,0,0,0,0
2026-03-26,TU,-0.009090943769975102,0.002092613419721623,0.02500594526894818,0.48,0.2779194133981291,0.0,0.0,0.0,1,0.01834869448980969,0,0,0,0,0,0,0,0,0,0,1,0,0,0
2026-03-26,WHA,0.0,0.006186675508308448,0.029261663915609974,0.63,0.2667685974671863,0.0204081632653061,1.0,0.0,0,-0.01435403376602895,1,0,0,0,0,0,0,0,0,0,0,0,0,0
2026-03-27,ADVANC,-0.0027173913043477826,-0.006805819029883508,0.017991908297004505,0.38,0.8340338761433772,0.5306122448979591,0.0,0.0,1,0.008174386920980936,1,0,0,0,0,0,0,0,0,0,0,0,0,0
2026-03-27,AOT,0.029556650246305383,0.014247624695996141,0.02679640150624324,0.94,0.5714144407022494,0.3877551020408163,0.0,0.0,0,-0.014354066985645897,0,0,0,0,0,0,1,0,0,0,0,0,0,0
2026-03-27,AWC,0.009708720354587808,0.006141107957260417,0.025979707901945526,0.66,0.26474316484215,0.0,0.0,0.0,0,-0.009615367440996447,0,0,0,0,0,0,0,1,0,0,0,0,0,0
2026-03-27,BANPU,0.02521011460616296,-0.0011767984389594367,0.03336303888989055,0.9,0.5168610876183813,0.3469387755102041,2.0,0.0,1,0.016393408246853314,0,0,0,0,0,0,1,0,0,0,0,0,0,0
2026-03-27,BBL,-0.011799424530838376,0.0019020121394628386,0.015947906231417175,0.12,0.8021884428957072,0.4897959183673469,1.0,0.0,0,-0.00597015667858547,0,0,0,0,0,0,0,0,1,0,0,0,0,0
2026-03-27,BDMS,0.0054645019474759415,-0.0052034276470212856,0.01891552952219289,0.58,0.6121736045413307,0.4081632653061224,3.0,0.0,0,0.0,0,0,0,0,0,0,1,0,0,0,0,0,0,0
2026-03-27,BEM,0.0,-0.005638874705699415,0.018785843269668357,0.46,0.3153698175379232,0.0204081632653061,0.0,0.0,1,0.009803959150949337,0,0,0,0,0,0,0,0,0,1,0,0,0,0
2026-03-27,BH,0.006134969325153339,0.003079949695719697,0.03975262342632549,0.6,0.5733025950300475,0.4693877551020408,1.0,0.0,1,0.0030487804878047697,0,0,0,0,0,0,1,0,0,0,0,0,0,0
2026-03-27,BJC,0.02189784774778225,0.0004249069846979925,0.032330408220074616,0.86,0.3859487784668349,0.1020408163265306,0.0,0.0,1,0.02142853748744966,0,0,0,0,0,0,0,0,0,1,0,0,0,0
2026-03-27,BTS,0.009900980750178201,0.0021018751621757923,0.01797865481399288,0.7,0.3820598396963626,0.0816326530612244,1.0,0.0,1,0.00980391240220757,0,0,0,0,0,0,0,0,0,1,0,0,0,0
2026-03-27,CBG,0.02127659574468077,-0.000922999964888227,0.03376188450253579,0.84,0.4037334379706352,0.1428571428571428,0.0,0.0,1,0.02083333333333326,0,0,0,0,0,0,0,0,0,1,0,0,0,0
2026-03-27,CCET,-0.016666749450892193,-0.00013182678913550294,0.04292618095520434,0.08,0.2944691120222417,0.0408163265306122,0.0,0.0,1,0.012711953873680848,0,0,0,0,0,0,0,0,0,0,0,1,0,0
2026-03-27,CENTEL,-0.03703706058278189,0.0053053219790292205,0.03981945320166679,0.02,0.2958173008031775,0.0,0.0,0.0,0,-0.007692312770665177,0,0,0,0,0,0,0,0,0,0,0,0,1,0
2026-03-27,COM7,0.004629647208502563,-0.001697618201511597,0.01835445566533635,0.54,0.5390811125917591,0.3469387755102041,0.0,0.0,1,0.013824849148065699,0,0,0,0,0,0,1,0,0,0,0,0,0,0
2026-03-27,CPALL,-0.005649769062558763,-0.006393811472854005,0.026741400004703195,0.28,0.4825031688955927,0.183673469387755,1.0,0.0,1,0.011363650675446202,0,0,0,0,0,0,0,0,0,1,0,0,0,0
2026-03-27,CPF,0.03999996521716942,0.006369192517486422,0.035094511100843384,0.96,0.7091921123853364,0.4897959183673469,2.0,0.0,1,0.004807723126430297,0,0,0,0,0,0,1,0,0,0,0,0,0,0
2026-03-27,CPN,-0.02777777777777779,-0.006116870145204012,0.026857912668907743,0.04,0.2998494178860543,0.0204081632653061,0.0,0.0,1,0.004081632653061273,0,0,0,0,0,0,0,0,0,0,0,1,0,0
2026-03-27,CRC,-0.01092893578798626,-0.003957046743854553,0.031901483506041245,0.14,0.1885120701342117,0.1224489795918367,0.0,0.0,1,0.02762429890068252,0,0,0,0,0,0,0,0,0,1,0,0,0,0
2026-03-27,DELTA,-0.007194244604316502,0.00636773196993754,0.05616182803921597,0.22,0.7549857549857552,0.5102040816326531,2.0,0.0,0,-0.021739130434782594,0,0,0,0,0,0,0,0,0,0,0,1,0,0
2026-03-27,EGCO,-0.008968609865470878,0.00012924656052459849,0.017904303498802857,0.16,0.2641362307564376,0.0,1.0,0.0,0,0.0,0,0,0,0,0,0,0,0,0,0,0,0,0,1
2026-03-27,GPSC,0.046875,0.010471688571823234,0.05613226403863924,1.0,0.3084218345695337,0.0408163265306122,4.0,0.0,0,0.0,0,0,0,0,0,0,1,0,0,0,0,0,0,0
2026-03-27,GULF,0.026431718061673992,0.00552201812732307,0.026898348473769665,0.92,0.824860649548974,0.5306122448979591,2.0,0.0,1,0.012875536480686733,1,0,0,0,0,0,0,0,0,0,0,0,0,0
2026-03-27,HMPRO,-0.008196661575468611,-0.001463149195174185,0.021321833598273943,0.2,0.3412017927251844,0.0816326530612244,0.0,0.0,1,0.008264402082462041,0,0,0,0,0,0,0,0,0,1,0,0,0,0
2026-03-27,IVL,0.013215890936818964,-0.00253262440259554,0.046868002109951484,0.74,0.6190346064901138,0.4489795918367346,0.0,0.0,1,0.07826088784702878,0,0,0,0,0,0,1,0,0,0,0,0,0,0
2026-03-27,KBANK,-0.005208345713337836,0.0016407796356926463,0.012507624252492565,0.3,0.8492309488143115,0.5510204081632653,4.0,0.0,0,-0.005235614604218397,0,0,0,0,0,0,0,0,1,0,0,0,0,0
2026-03-27,KKP,-0.006578918132522205,0.009633657545471519,0.015482185804648621,0.26,0.6442502814112808,0.4081632653061224,3.0,0.0,0,-0.006622486931880722,0,0,0,0,0,0,0,0,1,0,0,0,0,0
2026-03-27,KTB,0.0,0.003016951461235906,0.018417056478606426,0.46,0.750245974679521,0.3673469387755101,0.0,0.0,0,0.0,0,0,0,0,0,0,0,0,1,0,0,0,0,0
2026-03-27,KTC,0.017543835954524578,0.0003186018062757423,0.02813006942702568,0.8,0.3257950366470686,0.0408163265306122,1.0,0.0,1,0.008620713141985537,1,0,0,0,0,0,0,0,0,0,0,0,0,0
2026-03-27,LH,0.01092891210905056,-0.00514098039244153,0.020994443681507304,0.72,0.2735033172691258,0.0,2.0,0.0,0,-0.005405414400238562,0,1,0,0,0,0,0,0,0,0,0,0,0,0
2026-03-27,MINT,0.0,0.00047329568126082134,0.034468024035526824,0.46,0.4943019943019943,0.2040816326530612,0.0,0.0,0,-0.00465119140191772,1,0,0,0,0,0,0,0,0,0,0,0,0,0
2026-03-27,MTC,0.0,-0.009512517335772297,0.04861173888520463,0.46,0.2887361173649064,0.0,0.0,0.0,1,0.009008986497695215,0,0,1,0,0,0,0,0,0,0,0,0,0,0
2026-03-27,OR,0.0,0.0176228813341349,0.036719075145933776,0.46,0.6153782616814699,0.2857142857142857,5.0,0.0,0,0.0,0,0,0,0,0,0,0,0,0,0,0,1,0,0
2026-03-27,OSP,0.006993032392330845,0.00022440351548207448,0.023664629591451887,0.62,0.338970421015203,0.0612244897959183,0.0,0.0,1,0.006944469492224048,0,0,0,0,0,0,0,0,0,1,0,0,0,0
2026-03-27,PTT,0.0,0.002974177820406121,0.011185750753045629,0.46,0.7728921116235123,0.4285714285714285,7.0,0.0,1,0.021739130434782705,0,0,0,0,0,0,1,0,0,0,0,0,0,0
2026-03-27,PTTEP,0.009493670886076,0.007249637125771447,0.022900499717986227,0.64,0.6813255353395934,0.4489795918367346,2.0,0.0,1,0.00940438871473348,0,0,0,0,0,0,1,0,0,0,0,0,0,0
2026-03-27,PTTGC,0.01538461538461533,0.006687280068267576,0.03588624083903169,0.78,0.6382595769495901,0.4693877551020408,4.0,0.0,1,0.07575757575757569,0,0,0,0,0,0,1,0,0,0,0,0,0,0
2026-03-27,RATCH,0.0,0.007035216245742548,0.016917190628268023,0.46,0.2677087625191304,0.0,0.0,0.0,1,0.008474576271186418,0,0,0,1,0,0,0,0,0,0,0,0,0,0
2026-03-27,SAWAD,0.02293575821066174,-0.005222474935866539,0.0481495319656625,0.88,0.3498375384972611,0.0816326530612244,0.0,0.0,0,0.0,0,0,0,0,0,0,0,0,0,1,0,0,0,0
2026-03-27,SCB,-0.0034246743594827933,4.066967262148502e-05,0.010083715800408151,0.36,0.7988495394135452,0.4693877551020408,18.0,0.0,0,-0.0034364430579111316,0,0,0,0,0,0,0,0,1,0,0,0,0,0
2026-03-27,SCC,0.041025639400886105,0.01908658312133631,0.029609933235939818,0.98,0.6673911126530135,0.4489795918367346,0.0,0.0,1,0.014778362603622641,0,0,0,0,0,0,1,0,0,0,0,0,0,0
2026-03-27,SCGP,-0.005102101951922178,0.01321013523819552,0.03328581931640519,0.32,0.5128534376254641,0.3469387755102041,0.0,0.0,1,0.03589747009746902,0,0,0,0,0,0,1,0,0,0,0,0,0,0
2026-03-27,TCAP,0.013392895706465069,0.004517400104143832,0.01149746311126746,0.76,0.3602260403234661,0.1020408163265306,0.0,0.0,0,-0.008810621011103303,0,0,0,0,0,0,0,0,1,0,0,0,0,0
2026-03-27,TIDLOR,-0.0069443794455783525,-0.013362801144602199,0.05748555815835028,0.24,0.2781370028253271,0.0,0.0,0.0,0,0.0,0,0,0,0,1,0,0,0,0,0,0,0,0,0
2026-03-27,TISCO,-0.004424764609899823,-0.0017463760167908183,0.007393745522366013,0.34,0.6406867342025374,0.4081632653061224,0.0,0.0,0,0.0,0,0,0,0,0,0,0,0,1,0,0,0,0,0
2026-03-27,TLI,0.009803947817921044,-0.0017139934130294243,0.023268016281089668,0.68,0.299872962494744,0.0,0.0,0.0,0,0.0,0,0,0,0,0,1,0,0,0,0,0,0,0,0
2026-03-27,TOP,0.005181347150259086,0.012056463810303165,0.028152522818065736,0.56,0.7386039040525615,0.5102040816326531,2.0,0.0,1,0.03608247422680422,0,0,0,0,0,0,1,0,0,0,0,0,0,0
2026-03-27,TRUE,-0.021428567465308967,-0.005486351375819698,0.025114757700213434,0.06,0.7259234069997916,0.5510204081632653,1.0,0.0,1,0.021897806080241722,1,0,0,0,0,0,0,0,0,0,0,0,0,0
2026-03-27,TTB,-0.00869570144345011,0.003732934056259696,0.02159075595861465,0.18,0.389142793520201,0.2448979591836734,10.0,0.0,0,-0.00877187211889685,0,0,0,0,0,0,0,0,1,0,0,0,0,0
2026-03-27,TU,0.01834869448980969,0.002058652211516643,0.02497815962359148,0.82,0.2779194133981291,0.0,0.0,0.0,1,0.00900895714943828,0,0,0,0,0,0,0,0,0,0,1,0,0,0
2026-03-27,WHA,-0.01435403376602895,0.0013454259424866334,0.030480633106301804,0.1,0.2667685974671863,0.0204081632653061,1.0,0.0,1,0.009708675271262956,1,0,0,0,0,0,0,0,0,0,0,0,0,0
2026-03-30,ADVANC,0.008174386920980936,0.0021974794069442583,0.007276094807681484,0.52,0.8340338761433772,0.5306122448979591,0.0,0.0,1,0.008108108108108025,1,0,0,0,0,0,0,0,0,0,0,0,0,0
2026-03-30,AOT,-0.014354066985645897,0.015479375401431072,0.024871523383530644,0.04,0.5714144407022494,0.3877551020408163,0.0,0.0,1,0.009708737864077666,0,0,0,0,0,0,1,0,0,0,0,0,0,0
2026-03-30,AWC,-0.009615367440996447,0.010158617602586916,0.01989064767223803,0.06,0.26474316484215,0.0,0.0,0.0,1,0.038835001650181944,0,0,0,0,0,0,0,1,0,0,0,0,0,0
2026-03-30,BANPU,0.016393408246853314,-0.0027761714234358914,0.03199459524091389,0.82,0.5168610876183813,0.3469387755102041,2.0,0.0,0,-0.024193498472894204,0,0,0,0,0,0,1,0,0,0,0,0,0,0
2026-03-30,BBL,-0.00597015667858547,0.0037200327763390996,0.013920032578079725,0.16,0.8021884428957072,0.4897959183673469,1.0,0.0,0,0.0,0,0,0,0,0,0,0,0,1,0,0,0,0,0
2026-03-30,BDMS,0.0,0.0011457828670515592,0.011749376357026966,0.34,0.6121736045413307,0.4081632653061224,3.0,0.0,1,0.021739110153428554,0,0,0,0,0,0,1,0,0,0,0,0,0,0
2026-03-30,BEM,0.009803959150949337,0.0020362064718211894,0.014402044399769007,0.7,0.3153698175379232,0.0204081632653061,0.0,0.0,1,0.019417456850636006,0,0,0,0,0,0,0,0,0,1,0,0,0,0
2026-03-30,BH,0.0030487804878047697,0.009862545299453495,0.035138519113863995,0.44,0.5733025950300475,0.4693877551020408,0.0,0.0,0,-0.00911854103343468,0,0,0,0,0,0,1,0,0,0,0,0,0,0
2026-03-30,BJC,0.02142853748744966,0.01471061727733911,0.016271857840366645,0.86,0.3859487784668349,0.1020408163265306,0.0,0.0,1,0.06293703375398318,0,0,0,0,0,0,0,0,0,1,0,0,0,0
2026-03-30,BTS,0.00980391240220757,0.007032951867670767,0.015356236156773064,0.68,0.3820598396963626,0.0816326530612244,1.0,0.0,1,0.048543760111089185,0,0,0,0,0,0,0,0,0,1,0,0,0,0
2026-03-30,CBG,0.02083333333333326,0.012898839115571525,0.02142012892091914,0.84,0.4037334379706352,0.1428571428571428,0.0,0.0,1,0.04081632653061229,0,0,0,0,0,0,0,0,0,1,0,0,0,0
2026-03-30,CCET,0.012711953873680848,0.009161612725603674,0.038643293378272416,0.74,0.2944691120222417,0.0408163265306122,0.0,0.0,1,0.0125522887334657,0,0,0,0,0,0,0,0,0,0,0,1,0,0
2026-03-30,CENTEL,-0.007692312770665177,0.008491272066383315,0.03749582949703782,0.12,0.2958173008031775,0.0,0.0,0.0,1,0.007751943141893092,0,0,0,0,0,0,0,0,0,0,0,0,1,0
2026-03-30,COM7,0.013824849148065699,0.0038070707357375833,0.01797887444465923,0.78,0.5390811125917591,0.3469387755102041,0.0,0.0,0,-0.009090943769975102,0,0,0,0,0,0,1,0,0,0,0,0,0,0
2026-03-30,CPALL,0.011363650675446202,0.0035712270237293177,0.020315560961913278,0.72,0.4825031688955927,0.183673469387755,1.0,0.0,1,0.022471938096365163,0,0,0,0,0,0,0,0,0,1,0,0,0,0
2026-03-30,CPF,0.004807723126430297,0.01723173235640276,0.017443053419567787,0.48,0.7091921123853364,0.4897959183673469,2.0,0.0,0,0.0,0,0,0,0,0,0,1,0,0,0,0,0,0,0
2026-03-30,CPN,0.004081632653061273,0.0010235670573450096,0.02282560117678533,0.46,0.2998494178860543,0.0204081632653061,0.0,0.0,1,0.012195121951219523,0,0,0,0,0,0,0,0,0,0,0,1,0,0
2026-03-30,CRC,0.02762429890068252,0.010216441363033702,0.025101613070605325,0.92,0.1885120701342117,0.1224489795918367,0.0,0.0,1,0.005376385579677345,0,0,0,0,0,0,0,0,0,1,0,0,0,0
2026-03-30,DELTA,-0.021739130434782594,0.008711355697107414,0.05429803738006844,0.02,0.7549857549857552,0.5102040816326531,2.0,0.0,0,-0.040740740740740744,0,0,0,0,0,0,0,0,0,0,0,1,0,0
2026-03-30,EGCO,0.0,0.005559110813918267,0.009883517187871936,0.34,0.2641362307564376,0.0,1.0,0.0,1,0.018099547511312153,0,0,0,0,0,0,0,0,0,0,0,0,0,1
2026-03-30,GPSC,0.0,0.022971688571823235,0.040641306551758835,0.34,0.3084218345695337,0.0408163265306122,5.0,0.0,1,0.014925373134328401,0,0,0,0,0,0,1,0,0,0,0,0,0,0
2026-03-30,GULF,0.012875536480686733,0.015145583573240163,0.014347167813050949,0.76,0.824860649548974,0.5306122448979591,1.0,0.0,1,0.004237288135593209,1,0,0,0,0,0,0,0,0,0,0,0,0,0
2026-03-30,HMPRO,0.008264402082462041,0.0051077767518849185,0.017046704291692097,0.54,0.3412017927251844,0.0816326530612244,0.0,0.0,1,0.008196742550944602,0,0,0,0,0,0,0,0,0,1,0,0,0,0
2026-03-30,IVL,0.07826088784702878,0.004572551684655468,0.05703607188130789,1.0,0.6190346064901138,0.4489795918367346,0.0,0.0,1,0.01814512622511688,0,0,0,0,0,0,1,0,0,0,0,0,0,0
2026-03-30,KBANK,-0.005235614604218397,0.0037598741869479422,0.009291508362351297,0.2,0.8492309488143115,0.5510204081632653,5.0,0.0,1,0.0052631705367451875,0,0,0,0,0,0,0,0,1,0,0,0,0,0
2026-03-30,KKP,-0.006622486931880722,0.00969804284330511,0.015396439345862871,0.14,0.6442502814112808,0.4081632653061224,3.0,0.0,1,0.010000008577348174,0,0,0,0,0,0,0,0,1,0,0,0,0,0
2026-03-30,KTB,0.0,0.007364781655117092,0.012830346146281613,0.34,0.750245974679521,0.3673469387755101,0.0,0.0,0,0.0,0,0,0,0,0,0,0,0,1,0,0,0,0,0
2026-03-30,KTC,0.008620713141985537,0.008939300976618613,0.0203187699021687,0.58,0.3257950366470686,0.0408163265306122,1.0,0.0,1,0.017093994006972757,1,0,0,0,0,0,0,0,0,0,0,0,0,0
2026-03-30,LH,-0.005405414400238562,0.0011463442723444795,0.011837728816973583,0.18,0.2735033172691258,0.0,2.0,0.0,1,0.02173916680625787,0,1,0,0,0,0,0,0,0,0,0,0,0,0
2026-03-30,MINT,-0.00465119140191772,0.004194212618016713,0.032195279663126304,0.22,0.4943019943019943,0.2040816326530612,0.0,0.0,1,0.009345852151003697,1,0,0,0,0,0,0,0,0,0,0,0,0,0
2026-03-30,MTC,0.009008986497695215,0.00596448665996292,0.035821951850887344,0.62,0.2887361173649064,0.0,0.0,0.0,1,0.026785716742505628,0,0,1,0,0,0,0,0,0,0,0,0,0,0
2026-03-30,OR,0.0,0.02116270090739687,0.0331414922608919,0.34,0.6153782616814699,0.2857142857142857,5.0,0.0,1,0.06504066490482452,0,0,0,0,0,0,0,0,0,0,0,1,0,0
2026-03-30,OSP,0.006944469492224048,0.007168859396837224,0.017748005290120928,0.5,0.338970421015203,0.0612244897959183,0.0,0.0,1,0.02068966169786224,0,0,0,0,0,0,0,0,0,1,0,0,0,0
2026-03-30,PTT,0.021739130434782705,0.010263180377950886,0.008282137512505332,0.88,0.7728921116235123,0.4285714285714285,7.0,0.0,0,-0.007092198581560294,0,0,0,0,0,0,1,0,0,0,0,0,0,0
2026-03-30,PTTEP,0.00940438871473348,0.007831813570016832,0.022913468327328046,0.64,0.6813255353395934,0.4489795918367346,1.0,0.0,1,0.0031055900621117516,0,0,0,0,0,0,1,0,0,0,0,0,0,0
2026-03-30,PTTGC,0.07575757575757569,0.012463795219782714,0.04511125525588546,0.98,0.6382595769495901,0.4693877551020408,5.0,0.0,1,0.028169014084507005,0,0,0,0,0,0,1,0,0,0,0,0,0,0
2026-03-30,RATCH,0.008474576271186418,0.012238903429804405,0.010091015049315918,0.56,0.2677087625191304,0.0,0.0,0.0,1,0.008403361344537785,0,0,0,1,0,0,0,0,0,0,0,0,0,0
2026-03-30,SAWAD,0.0,0.006951439279544736,0.03695660872204519,0.34,0.3498375384972611,0.0816326530612244,0.0,0.0,0,-0.004484231301751906,0,0,0,0,0,0,0,0,0,1,0,0,0,0
2026-03-30,SCB,-0.0034364430579111316,0.0021025355073681197,0.007202311717987898,0.24,0.7988495394135452,0.4693877551020408,18.0,0.0,0,-0.006896585840356573,0,0,0,0,0,0,0,0,1,0,0,0,0,0
2026-03-30,SCC,0.014778362603622641,0.025285490401092448,0.022842594236187053,0.8,0.6673911126530135,0.4489795918367346,0.0,0.0,1,0.004854331079415353,0,0,0,0,0,0,1,0,0,0,0,0,0,0
2026-03-30,SCGP,0.03589747009746902,0.022575405610809306,0.0313259662484814,0.94,0.5128534376254641,0.3469387755102041,0.0,0.0,1,0.01763226069237045,0,0,0,0,0,0,1,0,0,0,0,0,0,0
2026-03-30,TCAP,-0.008810621011103303,0.005457986328214726,0.00970649303406219,0.08,0.3602260403234661,0.1020408163265306,0.0,0.0,1,0.008888938075679365,0,0,0,0,0,0,0,0,1,0,0,0,0,0
2026-03-30,TIDLOR,0.0,0.003520311559726097,0.04160297323267655,0.34,0.2781370028253271,0.0,0.0,0.0,1,0.03496505192745447,0,0,0,0,1,0,0,0,0,0,0,0,0,0
2026-03-30,TISCO,0.0,0.0008967873733223275,0.0037161835840862473,0.34,0.6406867342025374,0.4081632653061224,0.0,0.0,1,0.004444430167214852,0,0,0,0,0,0,0,0,1,0,0,0,0,0
2026-03-30,TLI,0.0,0.0040552141641469145,0.01779026055478492,0.34,0.299872962494744,0.0,0.0,0.0,1,0.009708665404911665,0,0,0,0,0,1,0,0,0,0,0,0,0,0
2026-03-30,TOP,0.03608247422680422,0.024737439529980955,0.01865995950771915,0.96,0.7386039040525615,0.5102040816326531,2.0,0.0,0,-0.02985074626865669,0,0,0,0,0,0,1,0,0,0,0,0,0,0
2026-03-30,TRUE,0.021897806080241722,0.005985416138598265,0.020714774916455042,0.9,0.7259234069997916,0.5510204081632653,2.0,0.0,1,0.028571377049016577,1,0,0,0,0,0,0,0,0,0,0,0,0,0
2026-03-30,TTB,-0.00877187211889685,0.007335710526291961,0.01600564594264778,0.1,0.389142793520201,0.2448979591836734,12.0,0.0,1,0.017699106378941565,0,0,0,0,0,0,0,0,1,0,0,0,0,0
2026-03-30,TU,0.00900895714943828,0.00749680380986133,0.02228450789001471,0.6,0.2779194133981291,0.0,0.0,0.0,0,0.0,0,0,0,0,0,0,0,0,0,0,1,0,0,0
2026-03-30,WHA,0.009708675271262956,0.011092024941448276,0.020503186290222693,0.66,0.2667685974671863,0.0204081632653061,1.0,0.0,1,0.009615441462512031,1,0,0,0,0,0,0,0,0,0,0,0,0,0
2026-03-31,ADVANC,0.008108108108108025,0.002726204853702474,0.007658829914981057,0.4,0.8340338761433772,0.5306122448979591,0.0,0.0,0,-0.02144772117962468,1,0,0,0,0,0,0,0,0,0,0,0,0,0
2026-03-31,AOT,0.009708737864077666,0.013232641298853931,0.02476180102157045,0.54,0.5714144407022494,0.3877551020408163,0.0,0.0,1,0.033653846153846256,0,0,0,0,0,0,1,0,0,0,0,0,0,0
2026-03-31,AWC,0.038835001650181944,0.011803180558081161,0.0222093169011843,0.92,0.26474316484215,0.0,0.0,0.0,1,0.01869166990923654,0,0,0,0,0,0,0,1,0,0,0,0,0,0
2026-03-31,BANPU,-0.024193498472894204,0.0034962478022207534,0.01981750911931189,0.06,0.5168610876183813,0.3469387755102041,2.0,0.0,0,-0.016528971991344177,0,0,0,0,0,0,1,0,0,0,0,0,0,0
2026-03-31,BBL,0.0,-0.001172939818592278,0.007727450868906504,0.21,0.8021884428957072,0.4897959183673469,0.0,0.0,1,0.012012027040630757,0,0,0,0,0,0,0,0,1,0,0,0,0,0
2026-03-31,BDMS,0.021739110153428554,0.00549360489773727,0.014836154382193245,0.78,0.6121736045413307,0.4081632653061224,2.0,0.0,1,0.015957508328925174,0,0,0,0,0,0,1,0,0,0,0,0,0,0
2026-03-31,BEM,0.019417456850636006,0.00591969784194839,0.01621904538958422,0.74,0.3153698175379232,0.0204081632653061,0.0,0.0,1,0.009523845854259694,0,0,0,0,0,0,0,0,0,1,0,0,0,0
2026-03-31,BH,-0.00911854103343468,0.005491066392129618,0.03603928915908774,0.08,0.5733025950300475,0.4693877551020408,0.0,0.0,1,0.027607361963190247,0,0,0,0,0,0,1,0,0,0,0,0,0,0
2026-03-31,BJC,0.06293703375398318,0.02278673820045727,0.02737336875004588,0.98,0.3859487784668349,0.1020408163265306,0.0,0.0,0,-0.006578894439113525,0,0,0,0,0,0,0,0,0,1,0,0,0,0
2026-03-31,BTS,0.048543760111089185,0.013726631402853351,0.02438081243671577,0.96,0.3820598396963626,0.0816326530612244,1.0,0.0,0,0.0,0,0,0,0,0,0,0,0,0,1,0,0,0,0
2026-03-31,CBG,0.04081632653061229,0.019612829059375135,0.02427619801677551,0.94,0.4037334379706352,0.1428571428571428,0.0,0.0,1,0.013071895424836555,0,0,0,0,0,0,0,0,0,1,0,0,0,0
2026-03-31,CCET,0.0125522887334657,0.013418793726416878,0.03732913073282117,0.6,0.2944691120222417,0.0408163265306122,0.0,0.0,1,0.06404957293519664,0,0,0,0,0,0,0,0,0,0,0,1,0,0
2026-03-31,CENTEL,0.007751943141893092,0.005202947668321567,0.03648173560729746,0.38,0.2958173008031775,0.0,0.0,0.0,1,0.03846156385332611,0,0,0,0,0,0,0,0,0,0,0,0,1,0
2026-03-31,COM7,-0.009090943769975102,0.0001370407589767142,0.01845431591148939,0.1,0.5390811125917591,0.3469387755102041,0.0,0.0,1,0.036697301486559475,0,0,0,0,0,0,1,0,0,0,0,0,0,0
2026-03-31,CPALL,0.022471938096365163,0.004637048074177264,0.021320510024023926,0.82,0.4825031688955927,0.183673469387755,1.0,0.0,1,0.016483493061992593,0,0,0,0,0,0,0,0,0,1,0,0,0,0
2026-03-31,CPF,0.0,0.01723173235640276,0.017443053419567787,0.21,0.7091921123853364,0.4897959183673469,2.0,0.0,0,0.0,0,0,0,0,0,0,1,0,0,0,0,0,0,0
2026-03-31,CPN,0.012195121951219523,0.0001972853251399398,0.02219933283910822,0.58,0.2998494178860543,0.0204081632653061,0.0,0.0,1,0.02008032128514059,0,0,0,0,0,0,0,0,0,0,0,1,0,0
2026-03-31,CRC,0.005376385579677345,0.01129171847896917,0.024665934385640853,0.36,0.1885120701342117,0.1224489795918367,0.0,0.0,1,0.021390322294998043,0,0,0,0,0,0,0,0,0,1,0,0,0,0
2026-03-31,DELTA,-0.040740740740740744,-0.0025137155279638,0.058232451821366216,0.02,0.7549857549857552,0.5102040816326531,2.0,0.0,1,0.054054054054053946,0,0,0,0,0,0,0,0,0,0,0,1,0,0
2026-03-31,EGCO,0.018099547511312153,0.0063883226417620785,0.010886857497767822,0.7,0.2641362307564376,0.0,1.0,0.0,1,0.004444444444444473,0,0,0,0,0,0,0,0,0,0,0,0,0,1
2026-03-31,GPSC,0.014925373134328401,0.014290096532022244,0.03551165394306809,0.62,0.3084218345695337,0.0408163265306122,5.0,0.0,1,0.03676470588235303,0,0,0,0,0,0,1,0,0,0,0,0,0,0
2026-03-31,GULF,0.004237288135593209,0.014166557182093942,0.015011705498920832,0.28,0.824860649548974,0.5306122448979591,1.0,0.0,1,0.021097046413502074,1,0,0,0,0,0,0,0,0,0,0,0,0,0
2026-03-31,HMPRO,0.008196742550944602,0.0033857551913359708,0.015970340510818182,0.42,0.3412017927251844,0.0816326530612244,0.0,0.0,1,0.02439022627184806,0,0,0,0,0,0,0,0,0,1,0,0,0,0
2026-03-31,IVL,0.01814512622511688,0.024595022411588684,0.030426299177385298,0.72,0.6190346064901138,0.4489795918367346,2.0,0.0,0,0.0,0,0,0,0,0,0,1,0,0,0,0,0,0,0
2026-03-31,KBANK,0.0052631705367451875,0.0021315454430118176,0.00776701791343414,0.34,0.8492309488143115,0.5510204081632653,4.0,0.0,1,0.007853379238368374,0,0,0,0,0,0,0,0,1,0,0,0,0,0
2026-03-31,KKP,0.010000008577348174,0.008201545545151045,0.01480284891642956,0.56,0.6442502814112808,0.4081632653061224,3.0,0.0,1,0.036303625808518536,0,0,0,0,0,0,0,0,1,0,0,0,0,0
2026-03-31,KTB,0.0,0.0014388620770095617,0.003217393414439917,0.21,0.750245974679521,0.3673469387755101,0.0,0.0,1,0.0142857275871211,0,0,0,0,0,0,0,0,1,0,0,0,0,0
2026-03-31,KTC,0.017093994006972757,0.008786661387228301,0.020237733235617426,0.64,0.3257950366470686,0.0408163265306122,1.0,0.0,1,0.033613468840171246,1,0,0,0,0,0,0,0,0,0,0,0,0,0
2026-03-31,LH,0.02173916680625787,0.006587075573422396,0.014079068886462357,0.8,0.2735033172691258,0.0,2.0,0.0,1,0.015957407439065596,0,1,0,0,0,0,0,0,0,0,0,0,0,0
2026-03-31,MINT,0.009345852151003697,-0.0034604291217577242,0.022327104466567105,0.48,0.4943019943019943,0.2040816326530612,0.0,0.0,1,0.03703699368293356,1,0,0,0,0,0,0,0,0,0,0,0,0,0
2026-03-31,MTC,0.026785716742505628,0.003982184487706842,0.03391984516602542,0.84,0.2887361173649064,0.0,0.0,0.0,1,0.043478220089617325,0,0,1,0,0,0,0,0,0,0,0,0,0,0
2026-03-31,OR,0.06504066490482452,0.03236904245847412,0.03722595136307288,1.0,0.6153782616814699,0.2857142857142857,5.0,0.0,0,-0.022900777251825155,0,0,0,0,0,0,0,0,0,0,0,1,0,0
2026-03-31,OSP,0.02068966169786224,0.008449652479202863,0.018600586953571075,0.76,0.338970421015203,0.0612244897959183,0.0,0.0,1,0.02702699123511576,0,0,0,0,0,0,0,0,0,1,0,0,0,0
2026-03-31,PTT,-0.007092198581560294,0.00735220334820601,0.01146050483191806,0.12,0.7728921116235123,0.4285714285714285,7.0,0.0,0,-0.0071428571428571175,0,0,0,0,0,0,1,0,0,0,0,0,0,0
2026-03-31,PTTEP,0.0031055900621117516,0.009098092872761754,0.022316793199802423,0.26,0.6813255353395934,0.4489795918367346,1.0,0.0,0,-0.03095975232198145,0,0,0,0,0,0,1,0,0,0,0,0,0,0
2026-03-31,PTTGC,0.028169014084507005,0.025560284603848293,0.03553657516841355,0.86,0.6382595769495901,0.4693877551020408,4.0,0.0,0,-0.020547945205479423,0,0,0,0,0,0,1,0,0,0,0,0,0,0
2026-03-31,RATCH,0.008403361344537785,0.010348147127283403,0.009651247467936707,0.44,0.2677087625191304,0.0,0.0,0.0,1,0.008333333333333304,0,0,0,1,0,0,0,0,0,0,0,0,0,0
2026-03-31,SAWAD,-0.004484231301751906,-0.0032046569386502853,0.02970771241854814,0.16,0.3498375384972611,0.0816326530612244,0.0,0.0,1,0.05855855266206533,0,0,0,0,0,0,0,0,0,1,0,0,0,0
2026-03-31,SCB,-0.006896585840356573,-0.0020642520399678952,0.00392440728263129,0.14,0.7988495394135452,0.4693877551020408,19.0,0.0,1,0.006944479036145923,0,0,0,0,0,0,0,0,1,0,0,0,0,0
2026-03-31,SCC,0.004854331079415353,0.025157464097774928,0.022982612893938784,0.32,0.6673911126530135,0.4489795918367346,0.0,0.0,1,0.017114914425427896,0,0,0,0,0,0,1,0,0,0,0,0,0,0
2026-03-31,SCGP,0.01763226069237045,0.024996872102343692,0.03012334248007385,0.66,0.5128534376254641,0.3469387755102041,0.0,0.0,1,0.04455443487811572,0,0,0,0,0,0,1,0,0,0,0,0,0,0
2026-03-31,TCAP,0.008888938075679365,0.004496039979309674,0.008889599114535598,0.46,0.3602260403234661,0.1020408163265306,0.0,0.0,1,0.013215826712319467,0,0,0,0,0,0,0,0,1,0,0,0,0,0
2026-03-31,TIDLOR,0.03496505192745447,0.002002693517382004,0.03992782093457159,0.9,0.2781370028253271,0.0,0.0,0.0,1,0.04729725250497441,0,0,0,0,1,0,0,0,0,0,0,0,0,0
2026-03-31,TISCO,0.004444430167214852,0.0008928191449059763,0.0037114293320757038,0.3,0.6406867342025374,0.4081632653061224,0.0,0.0,1,0.004424764609899823,0,0,0,0,0,0,0,0,1,0,0,0,0,0
2026-03-31,TLI,0.009708665404911665,0.0059969472451292475,0.017766813126263294,0.52,0.299872962494744,0.0,0.0,0.0,1,0.028846232399886595,0,0,0,0,0,1,0,0,0,0,0,0,0,0
2026-03-31,TOP,-0.02985074626865669,0.008654930725687815,0.024558671886340273,0.04,0.7386039040525615,0.5102040816326531,2.0,0.0,0,-0.01538461538461533,0,0,0,0,0,0,1,0,0,0,0,0,0,0
2026-03-31,TRUE,0.028571377049016577,0.010229098798296588,0.023100967677526608,0.88,0.7259234069997916,0.5510204081632653,2.0,0.0,1,0.006944465984746406,1,0,0,0,0,0,0,0,0,0,0,0,0,0
2026-03-31,TTB,0.017699106378941565,0.00904065906902447,0.01668987633815758,0.68,0.389142793520201,0.2448979591836734,12.0,0.0,0,0.0,0,0,0,0,0,0,0,0,1,0,0,0,0,0
2026-03-31,TU,0.0,0.011200503916028249,0.01800844387116032,0.21,0.2779194133981291,0.0,0.0,0.0,1,0.008928605640421639,0,0,0,0,0,0,0,0,0,0,1,0,0,0
2026-03-31,WHA,0.009615441462512031,0.008954213407003687,0.01984932000995611,0.5,0.2667685974671863,0.0204081632653061,1.0,0.0,1,0.01904773058657505,1,0,0,0,0,0,0,0,0,0,0,0,0,0
2026-04-01,ADVANC,-0.02144772117962468,-0.0031937741648311534,0.012392916367817643,0.06,0.8340338761433772,0.5306122448979591,0.0,0.0,0,-0.002739726027397249,1,0,0,0,0,0,0,0,0,0,0,0,0,0
2026-04-01,AOT,0.033653846153846256,0.01073264129885394,0.02094371646790861,0.78,0.5714144407022494,0.3877551020408163,0.0,0.0,0,-0.0046511627906976605,0,0,0,0,0,0,1,0,0,0,0,0,0,0
2026-04-01,AWC,0.01869166990923654,0.009600931406402679,0.02046836761192489,0.58,0.26474316484215,0.0,0.0,0.0,0,0.0,0,0,0,0,0,0,0,1,0,0,0,0,0,0
2026-04-01,BANPU,-0.016528971991344177,0.001871122198706132,0.021313954630625086,0.1,0.5168610876183813,0.3469387755102041,2.0,0.0,1,0.008403426658620816,0,0,0,0,0,0,1,0,0,0,0,0,0,0
2026-04-01,BBL,0.012012027040630757,3.543425381677956e-05,0.00941239437845015,0.42,0.8021884428957072,0.4897959183673469,0.0,0.0,0,-0.0059347254378768755,0,0,0,0,0,0,0,0,1,0,0,0,0,0
2026-04-01,BDMS,0.015957508328925174,0.005406405395036696,0.014757145074978818,0.52,0.6121736045413307,0.4081632653061224,2.0,0.0,0,-0.005235621961910741,0,0,0,0,0,0,1,0,0,0,0,0,0,0
2026-04-01,BEM,0.009523845854259694,0.003902902051917345,0.014641699613246599,0.4,0.3153698175379232,0.0204081632653061,0.0,0.0,0,0.0,0,0,0,0,0,0,0,0,0,1,0,0,0,0
2026-04-01,BH,0.027607361963190247,-0.001566077567433588,0.02313246749385549,0.72,0.5733025950300475,0.4693877551020408,0.0,0.0,1,0.005970149253731405,0,0,0,0,0,0,1,0,0,0,0,0,0,0
2026-04-01,BJC,-0.006578894439113525,0.017059216081177796,0.030393227382908245,0.16,0.3859487784668349,0.1020408163265306,0.0,0.0,0,-0.013245055423776186,0,0,0,0,0,0,0,0,0,1,0,0,0,0
2026-04-01,BTS,0.0,0.00976623910278207,0.024752693279323723,0.21,0.3820598396963626,0.0816326530612244,1.0,0.0,0,-0.009259250061012025,0,0,0,0,0,0,0,0,0,1,0,0,0,0
2026-04-01,CBG,0.013071895424836555,0.0150329635400259,0.02251469564257315,0.44,0.4037334379706352,0.1428571428571428,0.0,0.0,0,0.0,0,0,0,0,0,0,0,0,0,1,0,0,0,0
2026-04-01,CCET,0.06404957293519664,0.011250727897389545,0.03292086002410367,1.0,0.2944691120222417,0.0408163265306122,0.0,0.0,0,-0.03689321431107728,0,0,0,0,0,0,0,0,0,0,0,1,0,0
2026-04-01,CENTEL,0.03846156385332611,0.0002968267283544268,0.027248208740941537,0.88,0.2958173008031775,0.0,0.0,0.0,0,-0.014814824233112756,0,0,0,0,0,0,0,0,0,0,0,0,1,0
2026-04-01,COM7,0.036697301486559475,0.0038067621583266708,0.0239786423727295,0.82,0.5390811125917591,0.3469387755102041,0.0,0.0,0,-0.02654868899744267,0,0,0,0,0,0,1,0,0,0,0,0,0,0
2026-04-01,CPALL,0.016483493061992593,0.0034393590673027497,0.020207296038175643,0.54,0.4825031688955927,0.183673469387755,1.0,0.0,0,-0.016216193548149627,0,0,0,0,0,0,0,0,0,1,0,0,0,0
2026-04-01,CPF,0.0,0.010981732985432525,0.016749245133439436,0.21,0.7091921123853364,0.4897959183673469,2.0,0.0,1,0.009569439039483596,0,0,0,0,0,0,1,0,0,0,0,0,0,0
2026-04-01,CPN,0.02008032128514059,-0.0014091403776712807,0.01983946324680818,0.62,0.2998494178860543,0.0204081632653061,0.0,0.0,0,-0.019685039370078705,0,0,0,0,0,0,0,0,0,0,0,1,0,0
2026-04-01,CRC,0.021390322294998043,0.006530257115786387,0.017837087263293357,0.66,0.1885120701342117,0.1224489795918367,0.0,0.0,1,0.005235642552330333,0,0,0,0,0,0,0,0,0,1,0,0,0,0
2026-04-01,DELTA,0.054054054054053946,-0.01139987441412269,0.03926976351022111,0.96,0.7549857549857552,0.5102040816326531,2.0,0.0,0,-0.0073260073260073,0,0,0,0,0,0,0,0,0,0,0,1,0,0
2026-04-01,EGCO,0.004444444444444473,0.0054423491453298835,0.010789314871410946,0.28,0.2641362307564376,0.0,1.0,0.0,0,-0.004424778761061954,0,0,0,0,0,0,0,0,0,0,0,0,0,1
2026-04-01,GPSC,0.03676470588235303,0.012194218810855074,0.03332224793637657,0.84,0.3084218345695337,0.0408163265306122,5.0,0.0,0,-0.028368794326241176,0,0,0,0,0,0,1,0,0,0,0,0,0,0
2026-04-01,GULF,0.021097046413502074,0.012051124835835059,0.012455358050274713,0.64,0.824860649548974,0.5306122448979591,1.0,0.0,0,-0.012396694214875992,1,0,0,0,0,0,0,0,0,0,0,0,0,0
2026-04-01,HMPRO,0.02439022627184806,0.003305142867290334,0.01583571881405124,0.68,0.3412017927251844,0.0816326530612244,0.0,0.0,0,-0.007936528471105153,0,0,0,0,0,0,0,0,0,1,0,0,0,0
2026-04-01,IVL,0.0,0.023702157327714968,0.031219876890656518,0.21,0.6190346064901138,0.4489795918367346,2.0,0.0,0,-0.009900962795112433,0,0,0,0,0,0,1,0,0,0,0,0,0,0
2026-04-01,KBANK,0.007853379238368374,0.0010567208810073891,0.006023893235861349,0.34,0.8492309488143115,0.5510204081632653,4.0,0.0,0,-0.002597366529770606,0,0,0,0,0,0,0,0,1,0,0,0,0,0
2026-04-01,KKP,0.036303625808518536,0.01202584892016878,0.01944509744773444,0.8,0.6442502814112808,0.4081632653061224,3.0,0.0,0,0.0,0,0,0,0,0,0,0,0,1,0,0,0,0,0
2026-04-01,KTB,0.0142857275871211,0.00285714551742422,0.006388771598569366,0.48,0.750245974679521,0.3673469387755101,0.0,0.0,0,0.0,0,0,0,0,0,0,0,0,1,0,0,0,0,0
2026-04-01,KTC,0.033613468840171246,0.010246197260525692,0.022004046207862372,0.76,0.3257950366470686,0.0408163265306122,4.0,0.0,0,-0.024390243902439046,1,0,0,0,0,0,0,0,0,0,0,0,0,0
2026-04-01,LH,0.015957407439065596,0.006481861943084732,0.013988296530208874,0.5,0.2735033172691258,0.0,2.0,0.0,0,-0.010471221740746994,0,1,0,0,0,0,0,0,0,0,0,0,0,0
2026-04-01,MINT,0.03703699368293356,0.0003106191589944407,0.027814346962477535,0.86,0.4943019943019943,0.2040816326530612,0.0,0.0,0,-0.013392852879015815,1,0,0,0,0,0,0,0,0,0,0,0,0,0
2026-04-01,MTC,0.043478220089617325,0.005598186228857193,0.03592400436525263,0.9,0.2887361173649064,0.0,0.0,0.0,0,-0.008333313002020226,0,0,1,0,0,0,0,0,0,0,0,0,0,0
2026-04-01,OR,-0.022900777251825155,0.02421746178183921,0.04487483074405002,0.04,0.6153782616814699,0.2857142857142857,3.0,0.0,1,0.007812455180101763,0,0,0,0,0,0,0,0,0,0,0,1,0,0
2026-04-01,OSP,0.02702699123511576,0.008221227302667788,0.018302504469214515,0.7,0.338970421015203,0.0612244897959183,0.0,0.0,0,-0.013157877770384907,0,0,0,0,0,0,0,0,0,1,0,0,0,0
2026-04-01,PTT,-0.0071428571428571175,0.002960668956671619,0.01207643388160946,0.14,0.7728921116235123,0.4285714285714285,7.0,0.0,1,0.021582733812949728,0,0,0,0,0,0,1,0,0,0,0,0,0,0
2026-04-01,PTTEP,-0.03095975232198145,0.00678963755399653,0.0262535974397306,0.02,0.6813255353395934,0.4489795918367346,2.0,0.0,1,0.019169329073482455,0,0,0,0,0,0,1,0,0,0,0,0,0,0
2026-04-01,PTTGC,-0.020547945205479423,0.02610185835345009,0.0346153274069454,0.08,0.6382595769495901,0.4693877551020408,4.0,0.0,0,0.0,0,0,0,0,0,0,1,0,0,0,0,0,0,0
2026-04-01,RATCH,0.008333333333333304,0.006751655899213204,0.0037751303786493925,0.36,0.2677087625191304,0.0,0.0,0.0,0,0.0,0,0,0,1,0,0,0,0,0,0,0,0,0,0
2026-04-01,SAWAD,0.05855855266206533,0.004967220267744543,0.04054016231954282,0.98,0.3498375384972611,0.0816326530612244,0.0,0.0,0,-0.025531988563853414,0,0,0,0,0,0,0,0,0,1,0,0,0,0
2026-04-01,SCB,0.006944479036145923,-0.001362644844320915,0.005245050424849832,0.32,0.7988495394135452,0.4693877551020408,20.0,0.0,1,0.003448292920178231,0,0,0,0,0,0,0,0,1,0,0,0,0,0
2026-04-01,SCC,0.017114914425427896,0.017105024970957318,0.014275592120883144,0.56,0.6673911126530135,0.4489795918367346,0.0,0.0,0,-0.019230769230769273,0,0,0,0,0,0,1,0,0,0,0,0,0,0
2026-04-01,SCGP,0.04455443487811572,0.01962206612169539,0.02068710839543352,0.92,0.5128534376254641,0.3469387755102041,0.0,0.0,0,-0.018957327549697922,0,0,0,0,0,0,1,0,0,0,0,0,0,0
2026-04-01,TCAP,0.013215826712319467,0.005337407896672119,0.009594638848486887,0.46,0.3602260403234661,0.1020408163265306,0.0,0.0,0,-0.004347815593314763,0,0,0,0,0,0,0,0,1,0,0,0,0,0
2026-04-01,TIDLOR,0.04729725250497441,0.003298860825901806,0.04157407639899526,0.94,0.2781370028253271,0.0,0.0,0.0,0,-0.006451616203259958,0,0,0,0,1,0,0,0,0,0,0,0,0,0
2026-04-01,TISCO,0.004424764609899823,0.0008888860334429705,0.0037067320956282847,0.26,0.6406867342025374,0.4081632653061224,0.0,0.0,0,0.0,0,0,0,0,0,0,0,0,1,0,0,0,0,0
2026-04-01,TLI,0.028846232399886595,0.005825624255959472,0.0174829343169607,0.74,0.299872962494744,0.0,0.0,0.0,0,-0.018691638258777066,0,0,0,0,0,1,0,0,0,0,0,0,0,0
2026-04-01,TOP,-0.01538461538461533,0.0012999327824545714,0.02528706061857589,0.12,0.7386039040525615,0.5102040816326531,2.0,0.0,0,-0.04166666666666663,0,0,0,0,0,0,1,0,0,0,0,0,0,0
2026-04-01,TRUE,0.006944465984746406,0.005778572315457331,0.020534037015100006,0.3,0.7259234069997916,0.5510204081632653,2.0,0.0,0,-0.02068965193959793,1,0,0,0,0,0,0,0,0,0,0,0,0,0
2026-04-01,TTB,0.0,0.003586127839107234,0.013367648754530288,0.21,0.389142793520201,0.2448979591836734,12.0,0.0,1,0.008695594537850848,0,0,0,0,0,0,0,0,1,0,0,0,0,0
2026-04-01,TU,0.008928605640421639,0.005439062701938902,0.010395721960663571,0.38,0.2779194133981291,0.0,0.0,0.0,0,0.0,0,0,0,0,0,0,0,0,0,0,1,0,0,0
2026-04-01,WHA,0.01904773058657505,0.004803562710864217,0.012651070530896273,0.6,0.2667685974671863,0.0204081632653061,1.0,0.0,0,-0.023364620241599132,1,0,0,0,0,0,0,0,0,0,0,0,0,0
2026-04-02,ADVANC,-0.002739726027397249,-0.0021244686964561497,0.012092252069203493,0.62,0.8340338761433772,0.5306122448979591,0.0,0.0,1,0.0027472527472527375,1,0,0,0,0,0,0,0,0,0,0,0,0,0
2026-04-02,AOT,-0.0046511627906976605,0.01078280089757715,0.020897159519852087,0.56,0.5714144407022494,0.3877551020408163,0.0,0.0,0,-0.009345794392523366,0,0,0,0,0,0,1,0,0,0,0,0,0,0
2026-04-02,AWC,0.0,0.01152400489460197,0.018575770341094904,0.74,0.26474316484215,0.0,0.0,0.0,0,-0.009174294207060951,0,0,0,0,0,0,0,1,0,0,0,0,0,0
2026-04-02,BANPU,0.008403426658620816,0.0018568958094797416,0.021308468182995612,0.92,0.5168610876183813,0.3469387755102041,1.0,0.0,0,-0.01666671313095569,0,0,0,0,0,0,1,0,0,0,0,0,0,0
2026-04-02,BBL,-0.0059347254378768755,-0.0023384559213339927,0.009042083128260965,0.52,0.8021884428957072,0.4897959183673469,1.0,0.0,0,-0.011940313357170829,0,0,0,0,0,0,0,0,1,0,0,0,0,0
2026-04-02,BDMS,-0.005235621961910741,0.0075850996935837856,0.011144895853984045,0.54,0.6121736045413307,0.4081632653061224,2.0,0.0,0,0.0,0,0,0,0,0,0,1,0,0,0,0,0,0,0
2026-04-02,BEM,0.0,0.007749052371169007,0.0081181867153308,0.74,0.3153698175379232,0.0204081632653061,0.0,0.0,0,-0.018867995824705996,0,0,0,0,0,0,0,0,0,1,0,0,0,0
2026-04-02,BH,0.005970149253731405,0.006728543999289016,0.013243142532915059,0.88,0.5733025950300475,0.4693877551020408,1.0,0.0,0,-0.005934718100890191,0,0,0,0,0,0,1,0,0,0,0,0,0,0
2026-04-02,BJC,-0.013245055423776186,0.017287893825265077,0.030100353624325647,0.32,0.3859487784668349,0.1020408163265306,0.0,0.0,0,-0.013422841706118294,0,0,0,0,0,0,0,0,0,1,0,0,0,0
2026-04-02,BTS,-0.009259250061012025,0.011797880640492586,0.022025136421736043,0.42,0.3820598396963626,0.0816326530612244,1.0,0.0,0,-0.018691681453631315,0,0,0,0,0,0,0,0,0,1,0,0,0,0
2026-04-02,CBG,0.0,0.019199630206692575,0.014836098420264173,0.74,0.4037334379706352,0.1428571428571428,0.0,0.0,0,-0.01935483870967747,0,0,0,0,0,0,0,0,0,1,0,0,0,0
2026-04-02,CCET,-0.03689321431107728,0.0071507703560747425,0.038094368786446835,0.04,0.2944691120222417,0.0408163265306122,0.0,0.0,0,-0.016129016752173708,0,0,0,0,0,0,0,0,0,0,0,1,0,0
2026-04-02,CENTEL,-0.014814824233112756,-0.002666138118268124,0.0280812998435909,0.28,0.2958173008031775,0.0,0.0,0.0,0,0.0,0,0,0,0,0,0,0,0,0,0,0,0,1,0
2026-04-02,COM7,-0.02654868899744267,0.003902433015141993,0.02382532923466557,0.08,0.5390811125917591,0.3469387755102041,0.0,0.0,0,-0.013636328957297605,0,0,0,0,0,0,1,0,0,0,0,0,0,0
2026-04-02,CPALL,-0.016216193548149627,0.005690623844619114,0.016115170856616387,0.26,0.4825031688955927,0.183673469387755,0.0,0.0,0,0.0,0,0,0,0,0,0,0,0,0,1,0,0,0,0
2026-04-02,CPF,0.009569439039483596,0.010875425476616662,0.016757917427878345,0.96,0.7091921123853364,0.4897959183673469,2.0,0.0,0,-0.014218099324482258,0,0,0,0,0,0,1,0,0,0,0,0,0,0
2026-04-02,CPN,-0.019685039370078705,-0.002221148251687022,0.020633941958139116,0.18,0.2998494178860543,0.0204081632653061,0.0,0.0,0,0.0,0,0,0,0,0,0,0,0,0,0,0,1,0,0
2026-04-02,CRC,0.005235642552330333,0.009739542707940396,0.01518316031936555,0.86,0.1885120701342117,0.1224489795918367,0.0,0.0,1,0.01041664143740162,0,0,0,0,0,0,0,0,0,1,0,0,0,0
2026-04-02,DELTA,-0.0073260073260073,-0.004589213810358639,0.03554701685663948,0.48,0.7549857549857552,0.5102040816326531,2.0,0.0,0,-0.0036900369003689537,0,0,0,0,0,0,0,0,0,0,0,1,0,0
2026-04-02,EGCO,-0.004424778761061954,0.0018301206658447589,0.010375628032553083,0.58,0.2641362307564376,0.0,1.0,0.0,0,-0.004444444444444473,0,0,0,0,0,0,0,0,0,0,0,0,0,1
2026-04-02,GPSC,-0.028368794326241176,0.014039256938088052,0.029962313000964903,0.06,0.3084218345695337,0.0408163265306122,3.0,0.0,0,-0.021897810218978075,0,0,0,0,0,0,1,0,0,0,0,0,0,0
2026-04-02,GULF,-0.012396694214875992,0.010448978975316003,0.015290743579033185,0.36,0.824860649548974,0.5306122448979591,1.0,0.0,0,-0.008368200836820106,1,0,0,0,0,0,0,0,0,0,0,0,0,0
2026-04-02,HMPRO,-0.007936528471105153,0.004943636171736187,0.013586262546980591,0.46,0.3412017927251844,0.0816326530612244,0.0,0.0,0,-0.008000020864465385,0,0,0,0,0,0,0,0,0,1,0,0,0,0
2026-04-02,IVL,-0.009900962795112433,0.01994418844277044,0.03441601279437758,0.4,0.6190346064901138,0.4489795918367346,2.0,0.0,0,-0.016000063751747007,0,0,0,0,0,0,1,0,0,0,0,0,0,0
2026-04-02,KBANK,-0.002597366529770606,1.5044585557344448e-05,0.006137186572572307,0.64,0.8492309488143115,0.5510204081632653,5.0,0.0,0,-0.007812561015736463,0,0,0,0,0,0,0,0,1,0,0,0,0,0
2026-04-02,KKP,0.0,0.006620445864292756,0.017930012535823665,0.74,0.6442502814112808,0.4081632653061224,4.0,0.0,0,-0.006369500479761259,0,0,0,0,0,0,0,0,1,0,0,0,0,0
2026-04-02,KTB,0.0,0.00285714551742422,0.006388771598569366,0.74,0.750245974679521,0.3673469387755101,1.0,0.0,0,-0.007042317359830963,0,0,0,0,0,0,0,0,1,0,0,0,0,0
2026-04-02,KTC,-0.024390243902439046,0.010496353608243015,0.021495287832042045,0.12,0.3257950366470686,0.0408163265306122,4.0,0.0,1,0.008333288313596698,1,0,0,0,0,0,0,0,0,0,0,0,0,0
2026-04-02,LH,-0.010471221740746994,0.006549770042677694,0.013883793582955004,0.38,0.2735033172691258,0.0,2.0,0.0,0,-0.010581963354665547,0,1,0,0,0,0,0,0,0,0,0,0,0,0
2026-04-02,MINT,-0.013392852879015815,0.005667760310600745,0.01936148501860208,0.3,0.4943019943019943,0.2040816326530612,0.0,0.0,0,-0.013574656253096729,1,0,0,0,0,0,0,0,0,0,0,0,0,0
2026-04-02,MTC,-0.008333313002020226,0.014187922065559588,0.020928154028630193,0.44,0.2887361173649064,0.0,0.0,0.0,0,-0.02521008675393599,0,0,1,0,0,0,0,0,0,0,0,0,0,0
2026-04-02,OR,0.007812455180101763,0.009990468566620225,0.032850878355979114,0.9,0.6153782616814699,0.2857142857142857,2.0,0.0,0,-0.04651158492543972,0,0,0,0,0,0,0,0,0,0,0,1,0,0
2026-04-02,OSP,-0.013157877770384907,0.009699255409429597,0.015479021972473533,0.34,0.338970421015203,0.0612244897959183,0.0,0.0,0,-0.013333315911421284,0,0,0,0,0,0,0,0,0,1,0,0,0,0
2026-04-02,PTT,0.021582733812949728,0.005817361704663004,0.014752248928301506,1.0,0.7728921116235123,0.4285714285714285,6.0,0.0,0,-0.035211267605633756,0,0,0,0,0,0,1,0,0,0,0,0,0,0
2026-04-02,PTTEP,0.019169329073482455,0.0020426452828844477,0.019321778165015416,0.98,0.6813255353395934,0.4489795918367346,2.0,0.0,0,-0.01567398119122254,0,0,0,0,0,0,1,0,0,0,0,0,0,0
2026-04-02,PTTGC,0.0,0.01975265200424372,0.036196587462957515,0.74,0.6382595769495901,0.4693877551020408,3.0,0.0,0,-0.013986013986013957,0,0,0,0,0,0,1,0,0,0,0,0,0,0
2026-04-02,RATCH,0.0,0.005042254189811501,0.004603198147324139,0.74,0.2677087625191304,0.0,0.0,0.0,0,-0.008264462809917328,0,0,0,1,0,0,0,0,0,0,0,0,0,0
2026-04-02,SAWAD,-0.025531988563853414,0.01029561820142435,0.0320044727117112,0.1,0.3498375384972611,0.0816326530612244,0.0,0.0,0,-0.02183404118590304,0,0,0,0,0,0,0,0,0,1,0,0,0,0
2026-04-02,SCB,0.003448292920178231,-0.0006729862602852688,0.00567786034141227,0.84,0.7988495394135452,0.4693877551020408,22.0,0.0,0,-0.006872886115822152,0,0,0,0,0,0,0,0,1,0,0,0,0,0
2026-04-02,SCC,-0.019230769230769273,0.011708495655716545,0.02180806071227692,0.2,0.6673911126530135,0.4489795918367346,0.0,0.0,0,-0.014705882352941124,0,0,0,0,0,0,1,0,0,0,0,0,0,0
2026-04-02,SCGP,-0.018957327549697922,0.01480494723326702,0.02680532616424341,0.22,0.5128534376254641,0.3469387755102041,0.0,0.0,0,-0.009661872249663306,0,0,0,0,0,0,1,0,0,0,0,0,0,0
2026-04-02,TCAP,-0.004347815593314763,0.004467844778009167,0.010365366725789502,0.6,0.3602260403234661,0.1020408163265306,0.0,0.0,1,0.004366801641584983,0,0,0,0,0,0,0,0,1,0,0,0,0,0
2026-04-02,TIDLOR,-0.006451616203259958,0.013773261756718114,0.02549960299314415,0.5,0.2781370028253271,0.0,0.0,0.0,0,-0.02597403934614939,0,0,0,0,1,0,0,0,0,0,0,0,0,0
2026-04-02,TISCO,0.0,0.0008888860334429705,0.0037067320956282847,0.74,0.6406867342025374,0.4081632653061224,1.0,0.0,1,0.00440527231685528,0,0,0,0,0,0,0,0,1,0,0,0,0,0
2026-04-02,TLI,-0.018691638258777066,0.0059334414727884475,0.017290383184528208,0.24,0.299872962494744,0.0,0.0,0.0,1,0.01904767042401523,0,0,0,0,0,1,0,0,0,0,0,0,0,0
2026-04-02,TOP,-0.04166666666666663,-0.00912764138857507,0.030724935608015185,0.02,0.7386039040525615,0.5102040816326531,2.0,0.0,0,-0.03804347826086951,0,0,0,0,0,0,1,0,0,0,0,0,0,0
2026-04-02,TRUE,-0.02068965193959793,0.0030590859418195616,0.02336941522812487,0.16,0.7259234069997916,0.5510204081632653,1.0,0.0,1,0.02112675719252377,1,0,0,0,0,0,0,0,0,0,0,0,0,0
2026-04-02,TTB,0.008695594537850848,0.0017854254708890905,0.011461827673665248,0.94,0.389142793520201,0.2448979591836734,15.0,0.0,0,0.0,0,0,0,0,0,0,0,0,1,0,0,0,0,0
2026-04-02,TU,0.0,0.007257251455933922,0.007652081475155658,0.74,0.2779194133981291,0.0,0.0,0.0,0,0.0,0,0,0,0,0,0,0,0,0,0,1,0,0,0
2026-04-02,WHA,-0.023364620241599132,0.00013063866254439115,0.018037388687322933,0.14,0.2667685974671863,0.0204081632653061,1.0,0.0,1,0.009569316618595947,1,0,0,0,0,0,0,0,0,0,0,0,0,0
2026-04-03,ADVANC,0.0027472527472527375,-0.0010315398861360458,0.012270899377232197,0.86,0.8340338761433772,0.5306122448979591,0.0,0.0,0,-0.002739726027397249,1,0,0,0,0,0,0,0,0,0,0,0,0,0
2026-04-03,AOT,-0.009345794392523366,0.0030023119698113997,0.019344172205092318,0.5,0.5714144407022494,0.3877551020408163,0.0,0.0,0,-0.004716981132075526,0,0,0,0,0,0,1,0,0,0,0,0,0,0
2026-04-03,AWC,-0.009174294207060951,0.007747401982272218,0.020820948915779524,0.52,0.26474316484215,0.0,0.0,0.0,0,-0.00925935587558191,0,0,0,0,0,0,0,1,0,0,0,0,0,0
2026-04-03,BANPU,-0.01666671313095569,-0.006518469737943988,0.017770908706158675,0.22,0.5168610876183813,0.3469387755102041,1.0,0.0,1,0.008474558604752769,0,0,0,0,0,0,1,0,0,0,0,0,0,0
2026-04-03,BBL,-0.011940313357170829,-0.0023666336866004834,0.009079080879270725,0.44,0.8021884428957072,0.4897959183673469,1.0,0.0,1,0.003021151838949354,0,0,0,0,0,0,0,0,1,0,0,0,0,0
2026-04-03,BDMS,0.0,0.006492199304088597,0.011660826092505372,0.79,0.6121736045413307,0.4081632653061224,2.0,0.0,0,-0.00526317797209086,0,0,0,0,0,0,1,0,0,0,0,0,0,0
2026-04-03,BEM,-0.018867995824705996,0.003975453206227808,0.014498612096525672,0.18,0.3153698175379232,0.0204081632653061,0.0,0.0,1,0.019230843295715117,0,0,0,0,0,0,0,0,0,1,0,0,0,0
2026-04-03,BH,-0.005934718100890191,0.00431460651408031,0.014425616986805077,0.68,0.5733025950300475,0.4693877551020408,1.0,0.0,0,-0.014925373134328401,0,0,0,0,0,0,1,0,0,0,0,0,0,0
2026-04-03,BJC,-0.013422841706118294,0.010223755934484968,0.0327738940860286,0.4,0.3859487784668349,0.1020408163265306,0.0,0.0,1,0.013605465718799836,0,0,0,0,0,0,0,0,0,1,0,0,0,0
2026-04-03,BTS,-0.018691681453631315,0.006079348199730683,0.025994872757438465,0.2,0.3820598396963626,0.0816326530612244,1.0,0.0,0,0.0,0,0,0,0,0,0,0,0,0,1,0,0,0,0
2026-04-03,CBG,-0.01935483870967747,0.011073343315820928,0.02254101738917662,0.16,0.4037334379706352,0.1428571428571428,0.0,0.0,0,0.0,0,0,0,0,0,0,0,0,0,1,0,0,0,0
2026-04-03,CCET,-0.016129016752173708,0.007258316895818439,0.03801098571370622,0.24,0.2944691120222417,0.0408163265306122,0.0,0.0,1,0.004098356651125901,0,0,0,0,0,0,0,0,0,0,0,1,0,0
2026-04-03,CENTEL,0.0,0.004741273998288253,0.020649678046546917,0.79,0.2958173008031775,0.0,0.0,0.0,0,-0.01503760368864726,0,0,0,0,0,0,0,0,0,0,0,0,1,0
2026-04-03,COM7,-0.013636328957297605,0.00024923778198195914,0.025054617371583387,0.36,0.5390811125917591,0.3469387755102041,0.0,0.0,0,-0.013824937044312868,0,0,0,0,0,0,1,0,0,0,0,0,0,0
2026-04-03,CPALL,0.0,0.006820577657130867,0.01529860808465496,0.79,0.4825031688955927,0.183673469387755,0.0,0.0,0,-0.005494555683485447,0,0,0,0,0,0,0,0,0,1,0,0,0,0
2026-04-03,CPF,-0.014218099324482258,3.181256828632684e-05,0.008899967041991553,0.32,0.7091921123853364,0.4897959183673469,3.0,0.0,0,0.0,0,0,0,0,0,0,1,0,0,0,0,0,0,0
2026-04-03,CPN,0.0,0.0033344073038685364,0.015004244750196625,0.79,0.2998494178860543,0.0204081632653061,0.0,0.0,1,0.004016064257028162,0,0,0,0,0,0,0,0,0,0,0,1,0,0
2026-04-03,CRC,0.01041664143740162,0.014008658153017972,0.010053098466021338,0.96,0.1885120701342117,0.1224489795918367,0.0,0.0,0,0.0,0,0,0,0,0,0,0,0,0,1,0,0,0,0
2026-04-03,DELTA,-0.0036900369003689537,-0.0038883722695691294,0.0355173481167174,0.72,0.7549857549857552,0.5102040816326531,2.0,0.0,1,0.022222222222222143,0,0,0,0,0,0,0,0,0,0,0,1,0,0
2026-04-03,EGCO,-0.004444444444444473,0.00273495375005004,0.009344498380912879,0.7,0.2641362307564376,0.0,1.0,0.0,1,0.0044642857142858094,0,0,0,0,0,0,0,0,0,0,0,0,0,1
2026-04-03,GPSC,-0.021897810218978075,0.00028469489429243654,0.026731571642028593,0.12,0.3084218345695337,0.0408163265306122,3.0,0.0,1,0.014925373134328401,0,0,0,0,0,0,1,0,0,0,0,0,0,0
2026-04-03,GULF,-0.008368200836820106,0.003488995195617184,0.014068215888220263,0.54,0.824860649548974,0.5306122448979591,1.0,0.0,1,0.00421940928270037,1,0,0,0,0,0,0,0,0,0,0,0,0,0
2026-04-03,HMPRO,-0.008000020864465385,0.004982964313936833,0.013538918153361813,0.58,0.3412017927251844,0.0816326530612244,0.0,0.0,1,0.01612907466275737,0,0,0,0,0,0,0,0,0,1,0,0,0,0
2026-04-03,IVL,-0.016000063751747007,0.014100997505057245,0.038124311874028156,0.26,0.6190346064901138,0.4489795918367346,2.0,0.0,1,0.056910602985469794,0,0,0,0,0,0,1,0,0,0,0,0,0,0
2026-04-03,KBANK,-0.007812561015736463,-0.000505798474922381,0.006769258671981957,0.6,0.8492309488143115,0.5510204081632653,6.0,0.0,1,0.005249356632321289,0,0,0,0,0,0,0,0,1,0,0,0,0,0
2026-04-03,KKP,-0.006369500479761259,0.006662329394844946,0.017891674901259976,0.66,0.6442502814112808,0.4081632653061224,4.0,0.0,1,0.00961539353690588,0,0,0,0,0,0,0,0,1,0,0,0,0,0
2026-04-03,KTB,-0.007042317359830963,0.0014486820454580273,0.0077971605111387685,0.62,0.750245974679521,0.3673469387755101,1.0,0.0,0,0.0,0,0,0,0,0,0,0,0,1,0,0,0,0,0
2026-04-03,KTC,0.008333288313596698,0.008654244080057438,0.021131934379085674,0.92,0.3257950366470686,0.0408163265306122,4.0,0.0,0,0.0,1,0,0,0,0,0,0,0,0,0,0,0,0,0
2026-04-03,LH,-0.010581963354665547,0.0022475949499344726,0.015433848744994545,0.46,0.2735033172691258,0.0,1.0,0.0,1,0.010695138922819813,0,1,0,0,0,0,0,0,0,0,0,0,0,0
2026-04-03,MINT,-0.013574656253096729,0.002952829059981399,0.021217688601121835,0.38,0.4943019943019943,0.2040816326530612,0.0,0.0,0,0.0,1,0,0,0,0,0,0,0,0,0,0,0,0,0
2026-04-03,MTC,-0.02521008675393599,0.00914590471477239,0.027275203004554997,0.1,0.2887361173649064,0.0,0.0,0.0,1,0.008620668470094683,0,0,1,0,0,0,0,0,0,0,0,0,0,0
2026-04-03,OR,-0.04651158492543972,0.0006881515815322814,0.04176340477984598,0.02,0.6153782616814699,0.2857142857142857,1.0,0.0,1,0.016260146842582035,0,0,0,0,0,0,0,0,0,0,0,1,0,0
2026-04-03,OSP,-0.013333315911421284,0.005633985748679171,0.01870123055079526,0.42,0.338970421015203,0.0612244897959183,0.0,0.0,1,0.020270276533854714,0,0,0,0,0,0,0,0,0,1,0,0,0,0
2026-04-03,PTT,-0.035211267605633756,-0.0012248918164637467,0.02383304138360253,0.06,0.7728921116235123,0.4285714285714285,5.0,0.0,1,0.014598540145985384,0,0,0,0,0,0,1,0,0,0,0,0,0,0
2026-04-03,PTTEP,-0.01567398119122254,-0.0029908851325752606,0.020155665299730795,0.28,0.6813255353395934,0.4489795918367346,2.0,0.0,1,0.019108280254777066,0,0,0,0,0,0,1,0,0,0,0,0,0,0
2026-04-03,PTTGC,-0.013986013986013957,0.013878526130117863,0.03933021370657842,0.34,0.6382595769495901,0.4693877551020408,2.0,0.0,1,0.049645390070921946,0,0,0,0,0,0,1,0,0,0,0,0,0,0
2026-04-03,RATCH,-0.008264462809917328,0.0033893616278280357,0.0074622693201031815,0.56,0.2677087625191304,0.0,0.0,0.0,1,0.008333333333333304,0,0,0,1,0,0,0,0,0,0,0,0,0,0
2026-04-03,SAWAD,-0.02183404118590304,0.0013416583221113943,0.03379652341406394,0.14,0.3498375384972611,0.0816326530612244,0.0,0.0,1,0.004464298842068892,0,0,0,0,0,0,0,0,0,1,0,0,0,0
2026-04-03,SCB,-0.006872886115822152,-0.0013626286115531404,0.00627378135948406,0.64,0.7988495394135452,0.4693877551020408,23.0,0.0,0,0.0,0,0,0,0,0,0,0,0,1,0,0,0,0,0
2026-04-03,SCC,-0.014705882352941124,0.0005621913049510985,0.016728643048162066,0.3,0.6673911126530135,0.4489795918367346,0.0,0.0,1,0.02487562189054726,0,0,0,0,0,0,1,0,0,0,0,0,0,0
2026-04-03,SCGP,-0.009661872249663306,0.013892993173718792,0.027714068586193793,0.48,0.5128534376254641,0.3469387755102041,0.0,0.0,1,0.009756134777534342,0,0,0,0,0,0,1,0,0,0,0,0,0,0
2026-04-03,TCAP,0.004366801641584983,0.00266262596503315,0.009135410640287207,0.88,0.3602260403234661,0.1020408163265306,0.0,0.0,0,0.0,0,0,0,0,0,0,0,0,1,0,0,0,0,0
2026-04-03,TIDLOR,-0.02597403934614939,0.009967329776603907,0.030327877884961323,0.08,0.2781370028253271,0.0,0.0,0.0,0,-0.0400000211422189,0,0,0,0,1,0,0,0,0,0,0,0,0,0
2026-04-03,TISCO,0.00440527231685528,0.002654893418793991,0.002423614564248234,0.9,0.6406867342025374,0.4081632653061224,1.0,0.0,1,0.00877197246344985,0,0,0,0,0,0,0,0,1,0,0,0,0,0
2026-04-03,TLI,0.01904767042401523,0.007782185994007285,0.018273904226827547,0.98,0.299872962494744,0.0,0.0,0.0,0,0.0,0,0,0,0,0,1,0,0,0,0,0,0,0,0
2026-04-03,TOP,-0.03804347826086951,-0.01777260647080079,0.03175605467907995,0.04,0.7386039040525615,0.5102040816326531,2.0,0.0,1,0.05084745762711873,0,0,0,0,0,0,1,0,0,0,0,0,0,0
2026-04-03,TRUE,0.02112675719252377,0.01157015087338611,0.019679448138268635,1.0,0.7259234069997916,0.5510204081632653,1.0,0.0,0,-0.006896572968356329,1,0,0,0,0,0,0,0,0,0,0,0,0,0
2026-04-03,TTB,0.0,0.0035245657595791126,0.010046201427431215,0.79,0.389142793520201,0.2448979591836734,15.0,0.0,0,0.0,0,0,0,0,0,0,0,0,1,0,0,0,0,0
2026-04-03,TU,0.0,0.0035875125579719835,0.004912486026304572,0.79,0.2779194133981291,0.0,0.0,0.0,1,0.017699097866309854,0,0,0,0,0,0,0,0,0,0,1,0,0,0
2026-04-03,WHA,0.009569316618595947,0.0049153087394693705,0.016326413645532625,0.94,0.2667685974671863,0.0204081632653061,1.0,0.0,0,0.0,1,0,0,0,0,0,0,0,0,0,0,0,0,0
2026-04-07,ADVANC,-0.002739726027397249,-0.0032143624758116827,0.01114276811804231,0.2,0.8340338761433772,0.5306122448979591,1.0,0.0,0,-0.0027472527472527375,1,0,0,0,0,0,0,0,0,0,0,0,0,0
2026-04-07,AOT,-0.004716981132075526,0.004929729140525474,0.017582355530464666,0.18,0.5714144407022494,0.3877551020408163,0.0,0.0,1,0.033175355450236976,0,0,0,0,0,0,1,0,0,0,0,0,0,0
2026-04-07,AWC,-0.00925935587558191,0.007818604295355126,0.020747206781619728,0.1,0.26474316484215,0.0,0.0,0.0,1,0.06542055533938429,0,0,0,0,0,0,0,1,0,0,0,0,0,0
2026-04-07,BANPU,0.008474558604752769,-0.008102239666364097,0.015415218901578518,0.62,0.5168610876183813,0.3469387755102041,1.0,0.0,0,-0.03361345857993403,0,0,0,0,0,0,1,0,0,0,0,0,0,0
2026-04-07,BBL,0.003021151838949354,-0.0005683719830935185,0.009077347734793163,0.46,0.8021884428957072,0.4897959183673469,1.0,0.0,1,0.0060241039451867096,0,0,0,0,0,0,0,0,1,0,0,0,0,0
2026-04-07,BDMS,-0.00526317797209086,0.005439563709670425,0.012593644183344467,0.16,0.6121736045413307,0.4081632653061224,1.0,0.0,1,0.01058205116276123,0,0,0,0,0,0,1,0,0,0,0,0,0,0
2026-04-07,BEM,0.019230843295715117,0.005860830035180964,0.01598296927358218,0.88,0.3153698175379232,0.0204081632653061,0.0,0.0,1,0.018867905855434186,0,0,0,0,0,0,0,0,0,1,0,0,0,0
2026-04-07,BH,-0.014925373134328401,0.0007197757896536761,0.01685492630847116,0.06,0.5733025950300475,0.4693877551020408,1.0,0.0,1,0.051515151515151514,0,0,0,0,0,0,1,0,0,0,0,0,0,0
2026-04-07,BJC,0.013605465718799836,0.008659141580755004,0.032288392942685554,0.74,0.3859487784668349,0.1020408163265306,0.0,0.0,1,0.020134196901261614,0,0,0,0,0,0,0,0,0,1,0,0,0,0
2026-04-07,BTS,0.0,0.004118565719289169,0.02601344073291166,0.33,0.3820598396963626,0.0816326530612244,1.0,0.0,1,0.02857151615376763,0,0,0,0,0,0,0,0,0,1,0,0,0,0
2026-04-07,CBG,0.0,0.006906676649154275,0.022208927434982043,0.33,0.4037334379706352,0.1428571428571428,0.0,0.0,1,0.026315789473684292,0,0,0,0,0,0,0,0,0,1,0,0,0,0
2026-04-07,CCET,0.004098356651125901,0.00553559745130745,0.03789704645730839,0.5,0.2944691120222417,0.0408163265306122,0.0,0.0,1,0.04081628681073313,0,0,0,0,0,0,0,0,0,0,0,1,0,0
2026-04-07,CENTEL,-0.01503760368864726,0.0032722158146918368,0.021974167086512463,0.04,0.2958173008031775,0.0,0.0,0.0,1,0.09160299433095442,0,0,0,0,0,0,0,0,0,0,0,0,1,0
2026-04-07,COM7,-0.013824937044312868,-0.005280719456493754,0.024350659356201797,0.08,0.5390811125917591,0.3469387755102041,0.0,0.0,1,0.032710316608292045,0,0,0,0,0,0,1,0,0,0,0,0,0,0
2026-04-07,CPALL,-0.005494555683485447,0.0034489363853445363,0.015893181004213965,0.14,0.4825031688955927,0.183673469387755,0.0,0.0,1,0.04419895108886518,0,0,0,0,0,0,0,0,0,1,0,0,0,0
2026-04-07,CPF,0.0,-0.0009297320569997325,0.008505975891133404,0.33,0.7091921123853364,0.4897959183673469,2.0,0.0,0,0.0,0,0,0,0,0,0,1,0,0,0,0,0,0,0
2026-04-07,CPN,0.004016064257028162,0.003321293624661914,0.015003457041059029,0.48,0.2998494178860543,0.0204081632653061,0.0,0.0,1,0.03600000000000003,0,0,0,0,0,0,0,0,0,0,0,1,0,0
2026-04-07,CRC,0.0,0.008483798372881468,0.008100858093404151,0.33,0.1885120701342117,0.1224489795918367,0.0,0.0,1,0.020618507277518683,0,0,0,0,0,0,0,0,0,1,0,0,0,0
2026-04-07,DELTA,0.022222222222222143,0.004903898261831819,0.03543487526834077,0.92,0.7549857549857552,0.5102040816326531,2.0,0.0,1,0.02898550724637672,0,0,0,0,0,0,0,0,0,0,0,1,0,0
2026-04-07,EGCO,0.0044642857142858094,0.0036278108929072017,0.009230428587061834,0.54,0.2641362307564376,0.0,1.0,0.0,1,0.01333333333333342,0,0,0,0,0,0,0,0,0,0,0,0,0,1
2026-04-07,GPSC,0.014925373134328401,0.0032697695211581167,0.027513736320778342,0.78,0.3084218345695337,0.0408163265306122,3.0,0.0,1,0.06617647058823528,0,0,0,0,0,0,1,0,0,0,0,0,0,0
2026-04-07,GULF,0.00421940928270037,0.0017577697560199113,0.013125351737563481,0.52,0.824860649548974,0.5306122448979591,2.0,0.0,1,0.021008403361344463,1,0,0,0,0,0,0,0,0,0,0,0,0,0
2026-04-07,HMPRO,0.01612907466275737,0.0065558988299958985,0.014442182540859702,0.8,0.3412017927251844,0.0816326530612244,0.0,0.0,1,0.015873056942210306,0,0,0,0,0,0,0,0,0,1,0,0,0,0
2026-04-07,IVL,0.056910602985469794,0.009830940532745447,0.029320881993186488,1.0,0.6190346064901138,0.4489795918367346,2.0,0.0,0,-0.07307690047292315,0,0,0,0,0,0,1,0,0,0,0,0,0,0
2026-04-07,KBANK,0.005249356632321289,0.0015911957723855562,0.006558490245439171,0.58,0.8492309488143115,0.5510204081632653,7.0,0.0,1,0.007832874616214403,0,0,0,0,0,0,0,0,1,0,0,0,0,0
2026-04-07,KKP,0.00961539353690588,0.009909905488602266,0.01627842601158105,0.68,0.6442502814112808,0.4081632653061224,4.0,0.0,1,0.022222276681578945,0,0,0,0,0,0,0,0,1,0,0,0,0,0
2026-04-07,KTB,0.0,0.0014486820454580273,0.007797160511138769,0.33,0.750245974679521,0.3673469387755101,1.0,0.0,1,0.007092263328993154,0,0,0,0,0,0,0,0,1,0,0,0,0,0
2026-04-07,KTC,0.0,0.006930101451660331,0.02148409923446904,0.33,0.3257950366470686,0.0408163265306122,4.0,0.0,1,0.024793389536719168,1,0,0,0,0,0,0,0,0,0,0,0,0,0
2026-04-07,LH,0.010695138922819813,0.005467705614546148,0.015114245200569438,0.72,0.2735033172691258,0.0,0.0,0.0,1,0.021164057015436333,0,1,0,0,0,0,0,0,0,0,0,0,0,0
2026-04-07,MINT,0.0,0.003883067340364943,0.020900553786190313,0.33,0.4943019943019943,0.2040816326530612,0.0,0.0,1,0.05045875856784865,1,0,0,0,0,0,0,0,0,0,0,0,0,0
2026-04-07,MTC,0.008620668470094683,0.009068241109252284,0.027276243161839513,0.64,0.2887361173649064,0.0,0.0,0.0,1,0.08547014062683655,0,0,1,0,0,0,0,0,0,0,0,0,0,0
2026-04-07,OR,0.016260146842582035,0.003940180950048689,0.042325710047096586,0.82,0.6153782616814699,0.2857142857142857,2.0,0.0,1,0.015999984741210893,0,0,0,0,0,0,0,0,0,0,0,1,0,0
2026-04-07,OSP,0.020270276533854714,0.008299147157005304,0.019849006965714656,0.9,0.338970421015203,0.0612244897959183,0.0,0.0,1,0.013245015490862766,0,0,0,0,0,0,0,0,0,1,0,0,0,0
2026-04-07,PTT,0.014598540145985384,-0.002653009874223211,0.02227606631314237,0.76,0.7728921116235123,0.4285714285714285,6.0,0.0,1,0.007194244604316502,0,0,0,0,0,0,1,0,0,0,0,0,0,0
2026-04-07,PTTEP,0.019108280254777066,-0.0010501068245665434,0.02202782654713509,0.86,0.6813255353395934,0.4489795918367346,2.0,0.0,0,-0.05625000000000002,0,0,0,0,0,0,1,0,0,0,0,0,0,0
2026-04-07,PTTGC,0.049645390070921946,0.008656088992787114,0.029586083577909823,0.96,0.6382595769495901,0.4693877551020408,3.0,0.0,0,-0.03378378378378377,0,0,0,0,0,0,1,0,0,0,0,0,0,0
2026-04-07,RATCH,0.008333333333333304,0.003361113040257413,0.007438435856504448,0.6,0.2677087625191304,0.0,0.0,0.0,1,0.008264462809917328,0,0,0,1,0,0,0,0,0,0,0,0,0,0
2026-04-07,SAWAD,0.004464298842068892,0.002234518090525173,0.03381118462669867,0.56,0.3498375384972611,0.0816326530612244,0.0,0.0,1,0.07999997589073193,0,0,0,0,0,0,0,0,0,1,0,0,0,0
2026-04-07,SCB,0.0,-0.0006753399999709142,0.006177288085873234,0.33,0.7988495394135452,0.4693877551020408,23.0,0.0,1,0.010380674366459397,0,0,0,0,0,0,0,0,1,0,0,0,0,0
2026-04-07,SCC,0.02487562189054726,0.0025816431623360224,0.01928757659970037,0.94,0.6673911126530135,0.4489795918367346,0.0,0.0,1,0.014563106796116498,0,0,0,0,0,0,1,0,0,0,0,0,0,0
2026-04-07,SCGP,0.009756134777534342,0.008664726109731857,0.024842106898577396,0.7,0.5128534376254641,0.3469387755102041,0.0,0.0,1,0.02415458848171559,0,0,0,0,0,0,1,0,0,0,0,0,0,0
2026-04-07,TCAP,0.0,0.0044247501672538105,0.006959735673872183,0.33,0.3602260403234661,0.1020408163265306,0.0,0.0,1,0.01739133133147619,0,0,0,0,0,0,0,0,1,0,0,0,0,0
2026-04-07,TIDLOR,-0.0400000211422189,0.001967325548160126,0.037935830242378114,0.02,0.2781370028253271,0.0,0.0,0.0,1,0.06250010323349331,0,0,0,0,1,0,0,0,0,0,0,0,0,0
2026-04-07,TISCO,0.00877197246344985,0.004409287911483961,0.003101464453191925,0.66,0.6406867342025374,0.4081632653061224,1.0,0.0,0,0.0,0,0,0,0,0,0,0,0,1,0,0,0,0,0
2026-04-07,TLI,0.0,0.007782185994007285,0.018273904226827547,0.33,0.299872962494744,0.0,0.0,0.0,1,0.009345819129388477,0,0,0,0,0,1,0,0,0,0,0,0,0,0
2026-04-07,TOP,0.05084745762711873,-0.014819609790737886,0.03807404157696418,0.98,0.7386039040525615,0.5102040816326531,3.0,0.0,1,0.010752688172043001,0,0,0,0,0,0,1,0,0,0,0,0,0,0
2026-04-07,TRUE,-0.006896572968356329,0.005811275063666499,0.020110065207029026,0.12,0.7259234069997916,0.5510204081632653,1.0,0.0,0,0.0,1,0,0,0,0,0,0,0,0,0,0,0,0,0
2026-04-07,TTB,0.0,0.005278940183358482,0.007898349252888338,0.33,0.389142793520201,0.2448979591836734,12.0,0.0,1,0.008620738992554111,0,0,0,0,0,0,0,0,1,0,0,0,0,0
2026-04-07,TU,0.017699097866309854,0.005325540701346299,0.007924189945270478,0.84,0.2779194133981291,0.0,0.0,0.0,0,-0.008695685345193604,0,0,0,0,0,0,0,0,0,0,1,0,0,0
2026-04-07,WHA,0.0,0.0029735736852167793,0.016190578682460318,0.33,0.2667685974671863,0.0204081632653061,1.0,0.0,1,0.018957458665478377,1,0,0,0,0,0,0,0,0,0,0,0,0,0
2026-04-08,ADVANC,-0.0027472527472527375,-0.005385434646883835,0.009288396051587811,0.12,0.8340338761433772,0.5306122448979591,1.0,0.0,0,-0.0027548209366391463,1,0,0,0,0,0,0,0,0,0,0,0,0,0
2026-04-08,AOT,0.033175355450236976,0.009623052657757336,0.021802505343765634,0.78,0.5714144407022494,0.3877551020408163,0.0,0.0,1,0.004587155963302836,0,0,0,0,0,0,1,0,0,0,0,0,0,0
2026-04-08,AWC,0.06542055533938429,0.013135715033195595,0.03137035177986965,0.92,0.26474316484215,0.0,0.0,0.0,0,-0.026315740875824778,0,0,0,0,0,0,0,1,0,0,0,0,0,0
2026-04-08,BANPU,-0.03361345857993403,-0.009986231687772063,0.01819795624464493,0.08,0.5168610876183813,0.3469387755102041,0.0,0.0,1,0.02608698851405533,0,0,0,0,0,0,1,0,0,0,0,0,0,0
2026-04-08,BBL,0.0060241039451867096,0.0006364488059438234,0.009558670070657372,0.2,0.8021884428957072,0.4897959183673469,2.0,0.0,0,-0.005988031421476636,0,0,0,0,0,0,0,0,1,0,0,0,0,0
2026-04-08,BDMS,0.01058205116276123,0.0032081519115369607,0.009621245568213425,0.36,0.6121736045413307,0.4081632653061224,1.0,0.0,0,-0.015706865885732224,0,0,0,0,0,0,1,0,0,0,0,0,0,0
2026-04-08,BEM,0.018867905855434186,0.0057509198361406,0.01586791351062045,0.52,0.3153698175379232,0.0204081632653061,0.0,0.0,0,-0.027777794947839718,0,0,0,0,0,0,0,0,0,1,0,0,0,0
2026-04-08,BH,0.051515151515151514,0.012846514299370915,0.026853505107451565,0.88,0.5733025950300475,0.4693877551020408,2.0,0.0,0,-0.02017291066282423,0,0,0,0,0,0,1,0,0,0,0,0,0,0
2026-04-08,BJC,0.020134196901261614,9.857421021068902e-05,0.01572682439811855,0.56,0.3859487784668349,0.1020408163265306,0.0,0.0,0,-0.006578894439113525,0,0,0,0,0,0,0,0,0,1,0,0,0,0
2026-04-08,BTS,0.02857151615376763,0.00012411692782485773,0.017687334292669128,0.72,0.3820598396963626,0.0816326530612244,1.0,0.0,0,-0.01851861050099135,0,0,0,0,0,0,0,0,0,1,0,0,0,0
2026-04-08,CBG,0.026315789473684292,0.004006569237768676,0.01701280416196573,0.7,0.4037334379706352,0.1428571428571428,0.0,0.0,0,-0.02564102564102566,0,0,0,0,0,0,0,0,0,1,0,0,0,0
2026-04-08,CCET,0.04081628681073313,0.011188397066760936,0.04117179522565898,0.82,0.2944691120222417,0.0408163265306122,0.0,0.0,0,-0.009803865653465582,0,0,0,0,0,0,0,0,0,0,0,1,0,0
2026-04-08,CENTEL,0.09160299433095442,0.020042426052504104,0.045572784630316145,1.0,0.2958173008031775,0.0,0.0,0.0,0,-0.027971938690606768,0,0,0,0,0,0,0,0,0,0,0,0,1,0
2026-04-08,COM7,0.032710316608292045,0.003079532619159675,0.029373246255911114,0.76,0.5390811125917591,0.3469387755102041,0.0,0.0,0,-0.03167424212021219,0,0,0,0,0,0,1,0,0,0,0,0,0,0
2026-04-08,CPALL,0.04419895108886518,0.00779433898384454,0.02353003025526759,0.84,0.4825031688955927,0.183673469387755,1.0,0.0,0,0.0,0,0,0,0,0,0,0,0,0,1,0,0,0,0
2026-04-08,CPF,0.0,-0.0009297320569997325,0.008505975891133404,0.16,0.7091921123853364,0.4897959183673469,2.0,0.0,0,-0.009615260447135898,0,0,0,0,0,0,1,0,0,0,0,0,0,0
2026-04-08,CPN,0.03600000000000003,0.008082269234418016,0.02107269246053112,0.8,0.2998494178860543,0.0204081632653061,0.0,0.0,0,-0.01158301158301156,0,0,0,0,0,0,0,0,0,0,0,1,0,0
2026-04-08,CRC,0.020618507277518683,0.011532222712449736,0.009402477048103309,0.58,0.1885120701342117,0.1224489795918367,0.0,0.0,0,-0.015151428509576848,0,0,0,0,0,0,0,0,0,1,0,0,0,0
2026-04-08,DELTA,0.02898550724637672,0.01884914785925531,0.02523223350730479,0.74,0.7549857549857552,0.5102040816326531,2.0,0.0,1,0.04929577464788726,0,0,0,0,0,0,0,0,0,0,0,1,0,0
2026-04-08,EGCO,0.01333333333333342,0.002674568057311455,0.007433469801755675,0.42,0.2641362307564376,0.0,0.0,0.0,0,-0.013157894736842146,0,0,0,0,0,0,0,0,0,0,0,0,0,1
2026-04-08,GPSC,0.06617647058823528,0.013519989011939492,0.039762066378731364,0.94,0.3084218345695337,0.0408163265306122,2.0,0.0,0,-0.03448275862068961,0,0,0,0,0,0,1,0,0,0,0,0,0,0
2026-04-08,GULF,0.021008403361344463,0.005111992801170162,0.015789903851573694,0.6,0.824860649548974,0.5306122448979591,3.0,0.0,0,-0.028806584362139898,1,0,0,0,0,0,0,0,0,0,0,0,0,0
2026-04-08,HMPRO,0.015873056942210306,0.008091161708249039,0.015055218802949747,0.46,0.3412017927251844,0.0816326530612244,0.0,0.0,0,-0.015625039795807094,0,0,0,0,0,0,0,0,0,1,0,0,0,0
2026-04-08,IVL,-0.07307690047292315,-0.008413464806862558,0.046311848562079316,0.02,0.6190346064901138,0.4489795918367346,2.0,0.0,1,0.01244808216098603,0,0,0,0,0,0,1,0,0,0,0,0,0,0
2026-04-08,KBANK,0.007832874616214403,0.0021051365882793992,0.007003742883385309,0.26,0.8492309488143115,0.5510204081632653,8.0,0.0,0,-0.010362635228146067,0,0,0,0,0,0,0,0,1,0,0,0,0,0
2026-04-08,KKP,0.022222276681578945,0.012354359109448421,0.017187627904707903,0.64,0.6442502814112808,0.4081632653061224,2.0,0.0,0,-0.003105626047861576,0,0,0,0,0,0,0,0,1,0,0,0,0,0
2026-04-08,KTB,0.007092263328993154,0.002867134711256658,0.008106696897555232,0.22,0.750245974679521,0.3673469387755101,1.0,0.0,0,-0.007042317359830963,0,0,0,0,0,0,0,0,1,0,0,0,0,0
2026-04-08,KTC,0.024793389536719168,0.008469980557609613,0.02263957978129909,0.68,0.3257950366470686,0.0408163265306122,5.0,0.0,0,-0.02419354944114893,1,0,0,0,0,0,0,0,0,0,0,0,0,0
2026-04-08,LH,0.021164057015436333,0.00535268365638184,0.014960869624325754,0.62,0.2735033172691258,0.0,0.0,0.0,0,-0.020725422981780928,0,1,0,0,0,0,0,0,0,0,0,0,0,0
2026-04-08,MINT,0.05045875856784865,0.012105648623733933,0.029785614711216907,0.86,0.4943019943019943,0.2040816326530612,0.0,0.0,0,-0.02620094865108369,1,0,0,0,0,0,0,0,0,0,0,0,0,0
2026-04-08,MTC,0.08547014062683655,0.02080512588611847,0.044188637537969366,0.98,0.2887361173649064,0.0,0.0,0.0,0,-0.03937010214646686,0,0,1,0,0,0,0,0,0,0,0,0,0,0
2026-04-08,OR,0.015999984741210893,-0.005867955082674037,0.027825505340223,0.48,0.6153782616814699,0.2857142857142857,2.0,0.0,0,-0.047244050142243865,0,0,0,0,0,0,0,0,0,0,0,1,0,0
2026-04-08,OSP,0.013245015490862766,0.0068102179156054096,0.01894587370418124,0.4,0.338970421015203,0.0612244897959183,0.0,0.0,0,-0.019607849416779066,0,0,0,0,0,0,0,0,0,1,0,0,0,0
2026-04-08,PTT,0.007194244604316502,0.00020427876295214809,0.022479624408312405,0.24,0.7728921116235123,0.4285714285714285,6.0,0.0,1,0.014285714285714235,0,0,0,0,0,0,1,0,0,0,0,0,0,0
2026-04-08,PTTEP,-0.05625000000000002,-0.012921224836988899,0.03265747137028411,0.04,0.6813255353395934,0.4489795918367346,3.0,0.0,1,0.0033112582781456013,0,0,0,0,0,0,1,0,0,0,0,0,0,0
2026-04-08,PTTGC,-0.03378378378378377,-0.003734470580871041,0.03222616983458806,0.06,0.6382595769495901,0.4693877551020408,3.0,0.0,1,0.006993006993007089,0,0,0,0,0,0,1,0,0,0,0,0,0,0
2026-04-08,RATCH,0.008264462809917328,0.0033333333333333214,0.007415120100280675,0.28,0.2677087625191304,0.0,0.0,0.0,0,-0.008196721311475419,0,0,0,1,0,0,0,0,0,0,0,0,0,0
2026-04-08,SAWAD,0.07999997589073193,0.01913135952902194,0.047821526021065625,0.96,0.3498375384972611,0.0816326530612244,0.0,0.0,0,-0.03292174836206063,0,0,0,0,0,0,0,0,0,1,0,0,0,0
2026-04-08,SCB,0.010380674366459397,0.0027801120413922797,0.006642032109920839,0.34,0.7988495394135452,0.4693877551020408,22.0,0.0,0,-0.010274023078448491,0,0,0,0,0,0,0,0,1,0,0,0,0,0
2026-04-08,SCC,0.014563106796116498,0.004523398305676251,0.020047323634421643,0.44,0.6673911126530135,0.4489795918367346,0.0,0.0,1,0.004784688995215225,0,0,0,0,0,0,1,0,0,0,0,0,0,0
2026-04-08,SCGP,0.02415458848171559,0.009969191667600885,0.025590682427864407,0.66,0.5128534376254641,0.3469387755102041,0.0,0.0,0,-0.05188680857939776,0,0,0,0,0,0,1,0,0,0,0,0,0,0
2026-04-08,TCAP,0.01739133133147619,0.006125228818413176,0.00904843629850023,0.5,0.3602260403234661,0.1020408163265306,0.0,0.0,0,-0.008547055471237908,0,0,0,0,0,0,0,0,1,0,0,0,0,0
2026-04-08,TIDLOR,0.06250010323349331,0.007474335809367893,0.04522234039368174,0.9,0.2781370028253271,0.0,0.0,0.0,0,-0.019607916801747338,0,0,0,0,1,0,0,0,0,0,0,0,0,0
2026-04-08,TISCO,0.0,0.003520401878040991,0.0036730886193918322,0.16,0.6406867342025374,0.4081632653061224,2.0,0.0,0,0.0,0,0,0,0,0,0,0,0,1,0,0,0,0,0
2026-04-08,TLI,0.009345819129388477,0.007709616738902647,0.01826505951908284,0.32,0.299872962494744,0.0,0.0,0.0,0,-0.009259283540154484,0,0,0,0,0,1,0,0,0,0,0,0,0,0
2026-04-08,TOP,0.010752688172043001,-0.006698922902597948,0.038395345257013165,0.38,0.7386039040525615,0.5102040816326531,3.0,0.0,1,0.02127659574468077,0,0,0,0,0,0,1,0,0,0,0,0,0,0
2026-04-08,TRUE,0.0,9.699965386318343e-05,0.015573558109103379,0.16,0.7259234069997916,0.5510204081632653,1.0,0.0,0,0.0,1,0,0,0,0,0,0,0,0,0,0,0,0,0
2026-04-08,TTB,0.008620738992554111,0.003463266706080992,0.004742347091820647,0.3,0.389142793520201,0.2448979591836734,12.0,0.0,1,0.008546951966464045,0,0,0,0,0,0,0,0,1,0,0,0,0,0
2026-04-08,TU,-0.008695685345193604,0.0035864036323075776,0.010053376951513022,0.1,0.2779194133981291,0.0,0.0,0.0,0,0.0,0,0,0,0,0,0,0,0,0,0,1,0,0,0
2026-04-08,WHA,0.018957458665478377,0.004841977125810049,0.017624236626722373,0.54,0.2667685974671863,0.0204081632653061,1.0,0.0,0,-0.009302265458943526,1,0,0,0,0,0,0,0,0,0,0,0,0,0
2026-04-09,ADVANC,-0.0027548209366391463,-0.0016468545982867289,0.002456388648932917,0.72,0.8340338761433772,0.5306122448979591,1.0,0.0,1,0.0027624309392264568,1,0,0,0,0,0,0,0,0,0,0,0,0,0
2026-04-09,AOT,0.004587155963302836,0.003809714619648652,0.017177774017597985,0.84,0.5714144407022494,0.3877551020408163,0.0,0.0,0,-0.013698630136986356,0,0,0,0,0,0,1,0,0,0,0,0,0,0
2026-04-09,AWC,-0.026315740875824778,0.004134232876183331,0.03555562971180797,0.2,0.26474316484215,0.0,0.0,0.0,0,0.0,0,0,0,0,0,0,0,1,0,0,0,0,0,0
2026-04-09,BANPU,0.02608698851405533,-0.0014630395866921607,0.023557950850074123,0.98,0.5168610876183813,0.3469387755102041,0.0,0.0,0,-0.008474558604752658,0,0,0,0,0,0,1,0,0,0,0,0,0,0
2026-04-09,BBL,-0.005988031421476636,-0.0029635628864776555,0.007334034211483963,0.68,0.8021884428957072,0.4897959183673469,2.0,0.0,0,0.0,0,0,0,0,0,0,0,0,1,0,0,0,0,0
2026-04-09,BDMS,-0.015706865885732224,-0.003124722931394519,0.009552208585815453,0.38,0.6121736045413307,0.4081632653061224,1.0,0.0,0,-0.01063823743123149,0,0,0,0,0,0,1,0,0,0,0,0,0,0
2026-04-09,BEM,-0.027777794947839718,-0.0017094083242792824,0.02144073214551951,0.18,0.3153698175379232,0.0204081632653061,0.0,0.0,1,0.009523845854259694,0,0,0,0,0,0,0,0,0,1,0,0,0,0
2026-04-09,BH,-0.02017291066282423,0.0032904597741680195,0.0287239092780736,0.3,0.5733025950300475,0.4693877551020408,2.0,0.0,1,0.014705882352941124,0,0,0,0,0,0,1,0,0,0,0,0,0,0
2026-04-09,BJC,-0.006578894439113525,9.857421021068902e-05,0.01572682439811855,0.66,0.3859487784668349,0.1020408163265306,0.0,0.0,0,0.0,0,0,0,0,0,0,0,0,0,1,0,0,0,0
2026-04-09,BTS,-0.01851861050099135,-0.0035796051723734124,0.01955962213028664,0.36,0.3820598396963626,0.0816326530612244,1.0,0.0,1,0.009434066238082961,0,0,0,0,0,0,0,0,0,1,0,0,0,0
2026-04-09,CBG,-0.02564102564102566,-0.0037360149754037675,0.020339639337648242,0.24,0.4037334379706352,0.1428571428571428,0.0,0.0,0,0.0,0,0,0,0,0,0,0,0,0,1,0,0,0,0
2026-04-09,CCET,-0.009803865653465582,-0.003582290650971509,0.02887893691802836,0.52,0.2944691120222417,0.0408163265306122,0.0,0.0,1,0.01980196056547401,0,0,0,0,0,0,0,0,0,0,0,1,0,0
2026-04-09,CENTEL,-0.027971938690606768,0.006755725543717528,0.0484534501561875,0.16,0.2958173008031775,0.0,0.0,0.0,0,0.0,0,0,0,0,0,0,0,0,0,0,0,0,1,0
2026-04-09,COM7,-0.03167424212021219,-0.01059477610219466,0.025465109770135178,0.12,0.5390811125917591,0.3469387755102041,0.0,0.0,1,0.037383231713539855,0,0,0,0,0,0,1,0,0,0,0,0,0,0
2026-04-09,CPALL,0.0,0.004497640371446021,0.02316008693934223,0.77,0.4825031688955927,0.183673469387755,1.0,0.0,1,0.010582023435949495,0,0,0,0,0,0,0,0,0,1,0,0,0,0
2026-04-09,CPF,-0.009615260447135898,-0.002852784146426912,0.009293678745079475,0.54,0.7091921123853364,0.4897959183673469,2.0,0.0,1,0.009708611273106849,0,0,0,0,0,0,1,0,0,0,0,0,0,0
2026-04-09,CPN,-0.01158301158301156,0.001749602660787586,0.0213218793560578,0.46,0.2998494178860543,0.0204081632653061,0.0,0.0,0,-0.0078125,0,0,0,0,0,0,0,0,0,0,0,1,0,0
2026-04-09,CRC,-0.015151428509576848,0.004223872551534757,0.013241992895208691,0.42,0.1885120701342117,0.1224489795918367,0.0,0.0,1,0.015384526056272163,0,0,0,0,0,0,0,0,0,1,0,0,0,0
2026-04-09,DELTA,0.04929577464788726,0.017897491978021974,0.02361009238180178,1.0,0.7549857549857552,0.5102040816326531,3.0,0.0,1,0.06375838926174504,0,0,0,0,0,0,0,0,0,0,0,1,0,0
2026-04-09,EGCO,-0.013157894736842146,-0.0008458997789458689,0.010082061296510372,0.44,0.2641362307564376,0.0,0.0,0.0,0,-0.008888888888888835,0,0,0,0,0,0,0,0,0,0,0,0,0,1
2026-04-09,GPSC,-0.03448275862068961,-0.0007295038886690364,0.04204995353475519,0.08,0.3084218345695337,0.0408163265306122,2.0,0.0,0,-0.0071428571428571175,0,0,0,0,0,0,1,0,0,0,0,0,0,0
2026-04-09,GULF,-0.028806584362139898,-0.004868733353958233,0.018669210745527916,0.14,0.824860649548974,0.5306122448979591,2.0,0.0,1,0.008474576271186418,1,0,0,0,0,0,0,0,0,0,0,0,0,0
2026-04-09,HMPRO,-0.015625039795807094,8.810849471800886e-05,0.014859280410389536,0.4,0.3412017927251844,0.0816326530612244,0.0,0.0,0,0.0,0,0,0,0,0,0,0,0,0,1,0,0,0,0
2026-04-09,IVL,0.01244808216098603,-0.005923848374665352,0.04720322041684757,0.92,0.6190346064901138,0.4489795918367346,2.0,0.0,1,0.004098317771352278,0,0,0,0,0,0,1,0,0,0,0,0,0,0
2026-04-09,KBANK,-0.010362635228146067,-0.001538066305023489,0.00794115957212138,0.48,0.8492309488143115,0.5510204081632653,8.0,0.0,1,0.005235614604218508,0,0,0,0,0,0,0,0,1,0,0,0,0,0
2026-04-09,KKP,-0.003105626047861576,0.004472508738172398,0.011581063759732,0.7,0.6442502814112808,0.4081632653061224,2.0,0.0,0,-0.0031153010078184273,0,0,0,0,0,0,0,0,1,0,0,0,0,0
2026-04-09,KTB,-0.007042317359830963,-0.0013984742781337546,0.005909949559597051,0.64,0.750245974679521,0.3673469387755101,1.0,0.0,0,-0.0003028876716628659,0,0,0,0,0,0,0,0,1,0,0,0,0,0
2026-04-09,KTC,-0.02419354944114893,-0.003091423098654422,0.021310696886448453,0.26,0.3257950366470686,0.0408163265306122,5.0,0.0,1,0.01825844333292559,1,0,0,0,0,0,0,0,0,0,0,0,0,0
2026-04-09,LH,-0.020725422981780928,-0.0019838824277874645,0.01727564723426988,0.28,0.2735033172691258,0.0,0.0,0.0,1,0.005291014253859139,0,1,0,0,0,0,0,0,0,0,0,0,0,0
2026-04-09,MINT,-0.02620094865108369,-0.0005419398430695166,0.029978105898665165,0.22,0.4943019943019943,0.2040816326530612,0.0,0.0,1,0.008968665402548037,1,0,0,0,0,0,0,0,0,0,0,0,0,0
2026-04-09,MTC,-0.03937010214646686,0.004235461438901633,0.04884865074491372,0.06,0.2887361173649064,0.0,0.0,0.0,0,0.0,0,0,1,0,0,0,0,0,0,0,0,0,0,0
2026-04-09,OR,-0.047244050142243865,-0.01073660966075778,0.033167680858345636,0.04,0.6153782616814699,0.2857142857142857,2.0,0.0,1,0.008264415259734426,0,0,0,0,0,0,0,0,0,0,0,1,0,0
2026-04-09,OSP,-0.019607849416779066,-0.0025167502147735556,0.01795841868915213,0.34,0.338970421015203,0.0612244897959183,0.0,0.0,1,0.00666669062179559,0,0,0,0,0,0,0,0,0,1,0,0,0,0
2026-04-09,PTT,0.014285714285714235,0.004489993048666418,0.022769517670696144,0.94,0.7728921116235123,0.4285714285714285,5.0,0.0,0,-0.021126760563380254,0,0,0,0,0,0,1,0,0,0,0,0,0,0
2026-04-09,PTTEP,0.0033112582781456013,-0.006067022716963489,0.0315009775481222,0.82,0.6813255353395934,0.4489795918367346,3.0,0.0,0,0.0,0,0,0,0,0,0,1,0,0,0,0,0,0,0
2026-04-09,PTTGC,0.006993006993007089,0.0017737198588262614,0.03096283710101796,0.88,0.6382595769495901,0.4693877551020408,3.0,0.0,1,0.01388888888888884,0,0,0,0,0,0,1,0,0,0,0,0,0,0
2026-04-09,RATCH,-0.008196721311475419,2.7322404371576958e-05,0.008264829750311698,0.62,0.2677087625191304,0.0,0.0,0.0,0,-0.008264462809917328,0,0,0,1,0,0,0,0,0,0,0,0,0,0
2026-04-09,SAWAD,-0.03292174836206063,0.0008352993241967476,0.04644590076532929,0.1,0.3498375384972611,0.0816326530612244,0.0,0.0,1,0.008510662854617879,0,0,0,0,0,0,0,0,0,1,0,0,0,0
2026-04-09,SCB,-0.010274023078448491,-0.0006635883815266031,0.008219481285988888,0.5,0.7988495394135452,0.4693877551020408,22.0,0.0,1,0.006920449577639598,0,0,0,0,0,0,0,0,1,0,0,0,0,0
2026-04-09,SCC,0.004784688995215225,0.0020573532196337175,0.018832789506678663,0.86,0.6673911126530135,0.4489795918367346,0.0,0.0,1,0.01904761904761898,0,0,0,0,0,0,1,0,0,0,0,0,0,0
2026-04-09,SCGP,-0.05188680857939776,-0.009319057023901811,0.029109170115254008,0.02,0.5128534376254641,0.3469387755102041,0.0,0.0,1,0.03980095631232272,0,0,0,0,0,0,1,0,0,0,0,0,0,0
2026-04-09,TCAP,-0.008547055471237908,0.0017726523817017004,0.009972105311671402,0.6,0.3602260403234661,0.1020408163265306,0.0,0.0,0,0.0,0,0,0,0,0,0,0,0,1,0,0,0,0,0
2026-04-09,TIDLOR,-0.019607916801747338,-0.005906698051976455,0.04010163232052685,0.32,0.2781370028253271,0.0,0.0,0.0,0,0.0,0,0,0,0,1,0,0,0,0,0,0,0,0,0
2026-04-09,TISCO,0.0,0.0026354489560610262,0.003925110478864199,0.77,0.6406867342025374,0.4081632653061224,2.0,0.0,0,0.0,0,0,0,0,0,0,0,0,1,0,0,0,0,0
2026-04-09,TLI,-0.009259283540154484,8.851355089443125e-05,0.014876412395228585,0.58,0.299872962494744,0.0,0.0,0.0,1,0.009345819129388477,0,0,0,0,0,1,0,0,0,0,0,0,0,0
2026-04-09,TOP,0.02127659574468077,0.0006333193232612722,0.03979695232998274,0.96,0.7386039040525615,0.5102040816326531,3.0,0.0,0,-0.02083333333333337,0,0,0,0,0,0,1,0,0,0,0,0,0,0
2026-04-09,TRUE,0.0,-0.001291893543086098,0.015113068359271793,0.77,0.7259234069997916,0.5510204081632653,1.0,0.0,0,-0.006944398554235898,1,0,0,0,0,0,0,0,0,0,0,0,0,0
2026-04-09,TTB,0.008546951966464045,0.005172657099373801,0.004722260733032883,0.9,0.389142793520201,0.2448979591836734,11.0,0.0,1,0.008474729020901517,0,0,0,0,0,0,0,0,1,0,0,0,0,0
2026-04-09,TU,0.0,0.00180068250422325,0.009652211165048533,0.77,0.2779194133981291,0.0,0.0,0.0,0,0.0,0,0,0,0,0,0,0,0,0,0,1,0,0,0
2026-04-09,WHA,-0.009302265458943526,-0.0008280220832936669,0.016431422476850154,0.56,0.2667685974671863,0.0204081632653061,0.0,0.0,1,0.004694862785533882,1,0,0,0,0,0,0,0,0,0,0,0,0,0
2026-04-10,ADVANC,0.0027624309392264568,-0.0005464232049619877,0.003013638395366539,0.5,0.8340338761433772,0.5306122448979591,1.0,0.0,1,0.01377410468319562,1,0,0,0,0,0,0,0,0,0,0,0,0,0
2026-04-10,AOT,-0.013698630136986356,0.0020002211503909128,0.01870085584462985,0.06,0.5714144407022494,0.3877551020408163,0.0,0.0,1,0.02314814814814814,0,0,0,0,0,0,1,0,0,0,0,0,0,0
2026-04-10,AWC,0.0,0.004134232876183331,0.03555562971180797,0.37,0.26474316484215,0.0,0.0,0.0,1,0.018017983844506702,0,0,0,0,0,0,0,1,0,0,0,0,0,0
2026-04-10,BANPU,-0.008474558604752658,-0.004838636639366856,0.022993200943314883,0.12,0.5168610876183813,0.3469387755102041,0.0,0.0,1,0.005290958124783751,0,0,0,0,0,0,1,0,0,0,0,0,0,0
2026-04-10,BBL,0.0,-0.0017766177989022801,0.007212193427306682,0.37,0.8021884428957072,0.4897959183673469,4.0,0.0,0,-0.012048207890373419,0,0,0,0,0,0,0,0,1,0,0,0,0,0
2026-04-10,BDMS,-0.01063823743123149,-0.004205246025258669,0.010138270440613417,0.08,0.6121736045413307,0.4081632653061224,1.0,0.0,0,0.0,0,0,0,0,0,0,1,0,0,0,0,0,0,0
2026-04-10,BEM,0.009523845854259694,0.0001953608465726564,0.022045085474959397,0.78,0.3153698175379232,0.0204081632653061,0.0,0.0,0,-0.009433997912352998,0,0,0,0,0,0,0,0,0,1,0,0,0,0
2026-04-10,BH,0.014705882352941124,0.005037606394009964,0.029189554583998727,0.86,0.5733025950300475,0.4693877551020408,2.0,0.0,1,0.026086956521739202,0,0,0,0,0,0,1,0,0,0,0,0,0,0
2026-04-10,BJC,0.0,0.002747585294965926,0.013930209878418495,0.37,0.3859487784668349,0.1020408163265306,0.0,0.0,1,0.006622462923614902,0,0,0,0,0,0,0,0,0,1,0,0,0,0
2026-04-10,BTS,0.009434066238082961,0.0001590580874455849,0.019984522349715317,0.76,0.3820598396963626,0.0816326530612244,0.0,0.0,0,0.0,0,0,0,0,0,0,0,0,0,1,0,0,0,0
2026-04-10,CBG,0.0,-0.0037360149754037675,0.020339639337648242,0.37,0.4037334379706352,0.1428571428571428,0.0,0.0,1,0.006578947368421018,0,0,0,0,0,0,0,0,0,1,0,0,0,0
2026-04-10,CCET,0.01980196056547401,0.007756744324338749,0.023077635218267806,0.94,0.2944691120222417,0.0408163265306122,0.0,0.0,1,0.029126231570822947,0,0,0,0,0,0,0,0,0,0,0,1,0,0
2026-04-10,CENTEL,0.0,0.009718690390340078,0.04724246695159003,0.37,0.2958173008031775,0.0,0.0,0.0,1,0.014388385830749417,0,0,0,0,0,0,0,0,0,0,0,0,1,0
2026-04-10,COM7,0.037383231713539855,0.0021916080400018467,0.030918404965968836,0.96,0.5390811125917591,0.3469387755102041,0.0,0.0,1,0.004504435616418112,0,0,0,0,0,0,1,0,0,0,0,0,0,0
2026-04-10,CPALL,0.010582023435949495,0.009857283768265845,0.020061694987420782,0.82,0.4825031688955927,0.183673469387755,1.0,0.0,0,0.0,0,0,0,0,0,0,0,0,0,1,0,0,0,0
2026-04-10,CPF,0.009708611273106849,-0.0028249496997022616,0.009340275834927959,0.8,0.7091921123853364,0.4897959183673469,2.0,0.0,0,-0.01923070669999649,0,0,0,0,0,0,1,0,0,0,0,0,0,0
2026-04-10,CPN,-0.0078125,0.004124110534803327,0.018856621165935207,0.16,0.2998494178860543,0.0204081632653061,1.0,0.0,1,0.03149606299212593,0,0,0,0,0,0,0,0,0,0,0,1,0,0
2026-04-10,CRC,0.015384526056272163,0.006253649252323123,0.014180427040378675,0.88,0.1885120701342117,0.1224489795918367,0.0,0.0,1,0.010101088491335286,0,0,0,0,0,0,0,0,0,1,0,0,0,0
2026-04-10,DELTA,0.06375838926174504,0.032114371295572444,0.025914014277933276,1.0,0.7549857549857552,0.5102040816326531,5.0,0.0,0,-0.056782334384858024,0,0,0,0,0,0,0,0,0,0,0,1,0,0
2026-04-10,EGCO,-0.008888888888888835,-0.001738721804511245,0.010659356021281553,0.1,0.2641362307564376,0.0,0.0,0.0,0,-0.004484304932735439,0,0,0,0,0,0,0,0,0,0,0,0,0,1
2026-04-10,GPSC,-0.0071428571428571175,0.0035156835480077754,0.03955972387197688,0.18,0.3084218345695337,0.0408163265306122,2.0,0.0,1,0.021582733812949728,0,0,0,0,0,0,1,0,0,0,0,0,0,0
2026-04-10,GULF,0.008474576271186418,-0.0006944792567457503,0.0188971522334202,0.66,0.824860649548974,0.5306122448979591,4.0,0.0,0,-0.012605042016806678,1,0,0,0,0,0,0,0,0,0,0,0,0,0
2026-04-10,HMPRO,0.0,0.0016754141889390394,0.014196902171753862,0.37,0.3412017927251844,0.0816326530612244,0.0,0.0,1,0.007936450066279521,0,0,0,0,0,0,0,0,0,1,0,0,0,0
2026-04-10,IVL,0.004098317771352278,-0.00312399226137241,0.04732337285833321,0.52,0.6190346064901138,0.4489795918367346,2.0,0.0,1,0.012245007196861835,0,0,0,0,0,0,1,0,0,0,0,0,0,0
2026-04-10,KBANK,0.005235614604218508,2.8529921774334e-05,0.008437084490577512,0.56,0.8492309488143115,0.5510204081632653,9.0,0.0,0,-0.01562503714001351,0,0,0,0,0,0,0,0,1,0,0,0,0,0
2026-04-10,KKP,-0.0031153010078184273,0.003849448536608713,0.011959459158782782,0.22,0.6442502814112808,0.4081632653061224,2.0,0.0,0,-0.006249972358153055,0,0,0,0,0,0,0,0,1,0,0,0,0,0
2026-04-10,KTB,-0.0003028876716628659,-0.0014590518124663276,0.005893561035258588,0.24,0.750245974679521,0.3673469387755101,2.0,0.0,0,-0.030303030303030276,0,0,0,0,0,0,0,0,1,0,0,0,0,0
2026-04-10,KTC,0.01825844333292559,0.005438314348418505,0.019072087795905582,0.9,0.3257950366470686,0.0408163265306122,4.0,0.0,1,0.008620689655172376,1,0,0,0,0,0,0,0,0,0,0,0,0,0
2026-04-10,LH,0.005291014253859139,0.001168564771133762,0.01677044666859785,0.58,0.2735033172691258,0.0,0.0,0.0,0,-0.005263166763493032,0,1,0,0,0,0,0,0,0,0,0,0,0,0
2026-04-10,MINT,0.008968665402548037,0.003930363813243254,0.029240577454094096,0.72,0.4943019943019943,0.2040816326530612,0.0,0.0,1,0.013333328723124538,1,0,0,0,0,0,0,0,0,0,0,0,0,0
2026-04-10,MTC,0.0,0.005902124039305678,0.0484531705359153,0.37,0.2887361173649064,0.0,0.0,0.0,0,0.0,0,0,1,0,0,0,0,0,0,0,0,0,0,0
2026-04-10,OR,0.008264415259734426,-0.010646217644831247,0.03323142527059405,0.64,0.6153782616814699,0.2857142857142857,2.0,0.0,0,-0.008196674537606752,0,0,0,0,0,0,0,0,0,0,0,1,0,0
2026-04-10,OSP,0.00666669062179559,0.001448163463662544,0.017193883322393175,0.6,0.338970421015203,0.0612244897959183,0.0,0.0,1,0.006622475295678942,0,0,0,0,0,0,0,0,0,1,0,0,0,0
2026-04-10,PTT,-0.021126760563380254,-0.004051905826599578,0.02276532361198462,0.02,0.7728921116235123,0.4285714285714285,4.0,0.0,0,0.0,0,0,0,0,0,0,1,0,0,0,0,0,0,0
2026-04-10,PTTEP,0.0,-0.00990088853165998,0.028704045984323842,0.37,0.6813255353395934,0.4489795918367346,3.0,0.0,0,-0.04950495049504955,0,0,0,0,0,0,1,0,0,0,0,0,0,0
2026-04-10,PTTGC,0.01388888888888884,0.00455149763660403,0.031384072859304404,0.84,0.6382595769495901,0.4693877551020408,2.0,0.0,1,0.006849315068493178,0,0,0,0,0,0,1,0,0,0,0,0,0,0
2026-04-10,RATCH,-0.008264462809917328,-0.0016255701576118886,0.009059833464603081,0.14,0.2677087625191304,0.0,0.0,0.0,0,-0.01666666666666672,0,0,0,1,0,0,0,0,0,0,0,0,0,0
2026-04-10,SAWAD,0.008510662854617879,0.007643829607891006,0.04404765516813624,0.7,0.3498375384972611,0.0816326530612244,0.0,0.0,0,0.0,0,0,0,0,0,0,0,0,0,1,0,0,0,0
2026-04-10,SCB,0.006920449577639598,3.0842949965670384e-05,0.008781206921586284,0.62,0.7988495394135452,0.4693877551020408,22.0,0.0,0,-0.0034364430579111316,0,0,0,0,0,0,0,0,1,0,0,0,0,0
2026-04-10,SCC,0.01904761904761898,0.009713030875311368,0.015501079123850584,0.92,0.6673911126530135,0.4489795918367346,0.0,0.0,1,0.051401869158878455,0,0,0,0,0,0,1,0,0,0,0,0,0,0
2026-04-10,SCGP,0.03980095631232272,0.0024325997485023176,0.035421559134712274,0.98,0.5128534376254641,0.3469387755102041,0.0,0.0,1,0.019138738078044115,0,0,0,0,0,0,1,0,0,0,0,0,0,0
2026-04-10,TCAP,0.0,0.002642215500364653,0.009482523471295976,0.37,0.3602260403234661,0.1020408163265306,0.0,0.0,1,0.0035842431124375462,0,0,0,0,0,0,0,0,1,0,0,0,0,0
2026-04-10,TIDLOR,0.0,-0.004616374811324464,0.04018342672931742,0.37,0.2781370028253271,0.0,0.0,0.0,0,0.0,0,0,0,0,1,0,0,0,0,0,0,0,0,0
2026-04-10,TISCO,0.0,0.0026354489560610262,0.003925110478864199,0.37,0.6406867342025374,0.4081632653061224,2.0,0.0,0,0.0,0,0,0,0,0,0,0,0,1,0,0,0,0,0
2026-04-10,TLI,0.009345819129388477,0.00569600502852754,0.0107356227606077,0.74,0.299872962494744,0.0,0.0,0.0,0,-0.009259283540154484,0,0,0,0,0,1,0,0,0,0,0,0,0,0
2026-04-10,TOP,-0.02083333333333337,0.004799985989927924,0.03507104384315822,0.04,0.7386039040525615,0.5102040816326531,2.0,0.0,0,-0.021276595744680882,0,0,0,0,0,0,1,0,0,0,0,0,0,0
2026-04-10,TRUE,-0.006944398554235898,0.0014571571339863088,0.011527258183260187,0.2,0.7259234069997916,0.5510204081632653,1.0,0.0,1,0.00699296045873532,1,0,0,0,0,0,0,0,0,0,0,0,0,0
2026-04-10,TTB,0.008474729020901517,0.005128483995983935,0.004681928560624888,0.68,0.389142793520201,0.2448979591836734,11.0,0.0,0,-0.025210224677010173,0,0,0,0,0,0,0,0,1,0,0,0,0,0
2026-04-10,TU,0.0,0.00180068250422325,0.009652211165048533,0.37,0.2779194133981291,0.0,0.0,0.0,0,0.0,0,0,0,0,0,0,0,0,0,0,1,0,0,0
2026-04-10,WHA,0.004694862785533882,0.004783874522132936,0.010548739991420059,0.54,0.2667685974671863,0.0204081632653061,0.0,0.0,1,0.04672889570277161,1,0,0,0,0,0,0,0,0,0,0,0,0,0
2026-04-16,ADVANC,0.01377410468319562,0.0016589471822265889,0.0071805116549235265,0.8,0.8340338761433772,0.5306122448979591,1.0,0.0,0,-0.040760869565217406,1,0,0,0,0,0,0,0,0,0,0,0,0,0
2026-04-16,AOT,0.02314814814814814,0.008499009658525214,0.019405022059518703,0.9,0.5714144407022494,0.3877551020408163,0.0,0.0,0,-0.009049773755656076,0,0,0,0,0,0,1,0,0,0,0,0,0,0
2026-04-16,AWC,0.018017983844506702,0.009572688486496861,0.03508763623953253,0.84,0.26474316484215,0.0,0.0,0.0,0,-0.017699082069712047,0,0,0,0,0,0,0,1,0,0,0,0,0,0
2026-04-16,BANPU,0.005290958124783751,-0.0004471023882189673,0.022254362435703657,0.58,0.5168610876183813,0.3469387755102041,0.0,0.0,0,-0.052631530515153124,0,0,0,0,0,0,1,0,0,0,0,0,0,0
2026-04-16,BBL,-0.012048207890373419,-0.0017981967055427984,0.007250266607020809,0.2,0.8021884428957072,0.4897959183673469,6.0,0.0,1,0.0030487843603801412,0,0,0,0,0,0,0,0,1,0,0,0,0,0
2026-04-16,BDMS,0.0,-0.004205246025258669,0.010138270440613417,0.44,0.6121736045413307,0.4081632653061224,0.0,0.0,1,0.005376364484882101,0,0,0,0,0,0,1,0,0,0,0,0,0,0
2026-04-16,BEM,-0.009433997912352998,0.0020821604290432562,0.020343648232327458,0.22,0.3153698175379232,0.0204081632653061,0.0,0.0,1,0.028571446736653572,0,0,0,0,0,0,0,0,0,1,0,0,0,0
2026-04-16,BH,0.026086956521739202,0.011441941318535842,0.02968891246787176,0.92,0.5733025950300475,0.4693877551020408,3.0,0.0,1,0.005649717514124353,0,0,0,0,0,0,1,0,0,0,0,0,0,0
2026-04-16,BJC,0.006622462923614902,0.006756646220912566,0.010599199365128988,0.62,0.3859487784668349,0.1020408163265306,0.0,0.0,0,-0.013157853240264972,0,0,0,0,0,0,0,0,0,1,0,0,0,0
2026-04-16,BTS,0.0,0.0038973943781718478,0.01711960616735926,0.44,0.3820598396963626,0.0816326530612244,0.0,0.0,0,-0.028037466475174244,0,0,0,0,0,0,0,0,0,1,0,0,0,0
2026-04-16,CBG,0.006578947368421018,0.0014507422402159297,0.01859262121639744,0.6,0.4037334379706352,0.1428571428571428,0.0,0.0,0,-0.019607843137254943,0,0,0,0,0,0,0,0,0,1,0,0,0,0
2026-04-16,CCET,0.029126231570822947,0.01680779398893808,0.02004262265702728,0.94,0.2944691120222417,0.0408163265306122,0.0,0.0,0,0.0,0,0,0,0,0,0,0,0,0,0,0,1,0,0
2026-04-16,CENTEL,0.014388385830749417,0.012596367556489962,0.04693972389652579,0.82,0.2958173008031775,0.0,0.0,0.0,0,-0.02836870406383063,0,0,0,0,0,0,0,0,0,0,0,0,1,0
2026-04-16,COM7,0.004504435616418112,0.00581976095474499,0.029634435950860197,0.56,0.5390811125917591,0.3469387755102041,0.0,0.0,0,-0.031390084284284914,0,0,0,0,0,0,1,0,0,0,0,0,0,0
2026-04-16,CPALL,0.0,0.009857283768265845,0.020061694987420782,0.44,0.4825031688955927,0.183673469387755,1.0,0.0,0,-0.005235649834831713,0,0,0,0,0,0,0,0,0,1,0,0,0,0
2026-04-16,CPF,-0.01923070669999649,-0.003827471174805108,0.010991846620677795,0.12,0.7091921123853364,0.4897959183673469,1.0,0.0,0,-0.014705880959934081,0,0,0,0,0,0,1,0,0,0,0,0,0,0
2026-04-16,CPN,0.03149606299212593,0.010423323133228513,0.02211393081297535,0.96,0.2998494178860543,0.0204081632653061,1.0,0.0,0,-0.011450381679389277,0,0,0,0,0,0,0,0,0,0,0,1,0,0
2026-04-16,CRC,0.010101088491335286,0.006190538663109857,0.014157951954842572,0.74,0.1885120701342117,0.1224489795918367,0.0,0.0,0,-0.005000038415175823,0,0,0,0,0,0,0,0,0,1,0,0,0,0
2026-04-16,DELTA,-0.056782334384858024,0.021495911798674626,0.046752151736906465,0.02,0.7549857549857552,0.5102040816326531,6.0,0.0,1,0.006688963210702337,0,0,0,0,0,0,0,0,0,0,0,1,0,0
2026-04-16,EGCO,-0.004484304932735439,-0.0017466939021694382,0.010661900124881142,0.32,0.2641362307564376,0.0,0.0,0.0,0,-0.009009009009009028,0,0,0,0,0,0,0,0,0,0,0,0,0,1
2026-04-16,GPSC,0.021582733812949728,0.012211792354393337,0.03729057558310496,0.88,0.3084218345695337,0.0408163265306122,1.0,0.0,0,-0.007042253521126751,0,0,0,0,0,0,1,0,0,0,0,0,0,0
2026-04-16,GULF,-0.012605042016806678,-0.0015418474927430647,0.01941516667368708,0.18,0.824860649548974,0.5306122448979591,4.0,0.0,0,-0.017021276595744705,1,0,0,0,0,0,0,0,0,0,0,0,0,0
2026-04-16,HMPRO,0.007936450066279521,0.004862708375088021,0.013238206362049207,0.7,0.3412017927251844,0.0816326530612244,0.0,0.0,0,-0.00787395878555408,0,0,0,0,0,0,0,0,0,1,0,0,0,0
2026-04-16,IVL,0.012245007196861835,0.002525021928349358,0.047087319406340415,0.76,0.6190346064901138,0.4489795918367346,2.0,0.0,1,0.008064509210337079,0,0,0,0,0,0,1,0,0,0,0,0,0,0
2026-04-16,KBANK,-0.01562503714001351,-0.0015339653030810752,0.010678039108769806,0.16,0.8492309488143115,0.5510204081632653,11.0,0.0,0,0.0,0,0,0,0,0,0,0,0,1,0,0,0,0,0
2026-04-16,KKP,-0.006249972358153055,0.0038733541609303535,0.011934018387558991,0.28,0.6442502814112808,0.4081632653061224,3.0,0.0,0,-0.00943397085218689,0,0,0,0,0,0,0,0,1,0,0,0,0,0
2026-04-16,KTB,-0.030303030303030276,-0.00611119440110619,0.014418099167121648,0.06,0.750245974679521,0.3673469387755101,4.0,0.0,0,-0.0234375,0,0,0,0,0,0,0,0,1,0,0,0,0,0
2026-04-16,KTC,0.008620689655172376,0.00549579461673364,0.01908342376256598,0.72,0.3257950366470686,0.0408163265306122,4.0,0.0,0,0.0,1,0,0,0,0,0,0,0,0,0,0,0,0,0
2026-04-16,LH,-0.005263166763493032,0.002232324089368265,0.015989260971975828,0.3,0.2735033172691258,0.0,0.0,0.0,0,-0.005290949100806408,0,1,0,0,0,0,0,0,0,0,0,0,0,0
2026-04-16,MINT,0.013333328723124538,0.009311960808487507,0.027646100854699596,0.78,0.4943019943019943,0.2040816326530612,0.0,0.0,0,-0.013157890247156523,1,0,0,0,0,0,0,0,0,0,0,0,0,0
2026-04-16,MTC,0.0,0.010944141390092876,0.045636045657007844,0.44,0.2887361173649064,0.0,0.0,0.0,0,-0.016393465398944262,0,0,1,0,0,0,0,0,0,0,0,0,0,0
2026-04-16,OR,-0.008196674537606752,-0.0029832355672646527,0.02666167531174655,0.26,0.6153782616814699,0.2857142857142857,1.0,0.0,0,-0.008264494075791107,0,0,0,0,0,0,0,0,0,0,0,1,0,0
2026-04-16,OSP,0.006622475295678942,0.005439321705082589,0.015092656697007665,0.64,0.338970421015203,0.0612244897959183,0.0,0.0,0,-0.006578906648923799,0,0,0,0,0,0,0,0,0,1,0,0,0,0
2026-04-16,PTT,0.0,0.0029903476945271736,0.014752841062870933,0.44,0.7728921116235123,0.4285714285714285,5.0,0.0,0,0.0,0,0,0,0,0,0,1,0,0,0,0,0,0,0
2026-04-16,PTTEP,-0.04950495049504955,-0.01666708239242538,0.03391878259835367,0.04,0.6813255353395934,0.4489795918367346,3.0,0.0,1,0.00694444444444442,0,0,0,0,0,0,1,0,0,0,0,0,0,0
2026-04-16,PTTGC,0.006849315068493178,0.008718563447505457,0.029642277904127868,0.66,0.6382595769495901,0.4693877551020408,2.0,0.0,0,0.0,0,0,0,0,0,0,1,0,0,0,0,0,0,0
2026-04-16,RATCH,-0.01666666666666672,-0.0033060109289617667,0.011139598424552373,0.14,0.2677087625191304,0.0,0.0,0.0,0,-0.008474576271186418,0,0,0,1,0,0,0,0,0,0,0,0,0,0
2026-04-16,SAWAD,0.0,0.012010637845071614,0.04139722785671002,0.44,0.3498375384972611,0.0816326530612244,0.0,0.0,0,-0.01687768541886936,0,0,0,0,0,0,0,0,0,1,0,0,0,0
2026-04-16,SCB,-0.0034364430579111316,0.0007181315615478745,0.008222486683896501,0.34,0.7988495394135452,0.4693877551020408,22.0,0.0,0,0.0,0,0,0,0,0,0,0,0,1,0,0,0,0,0
2026-04-16,SCC,0.051401869158878455,0.022934581177675283,0.017526856308322184,1.0,0.6673911126530135,0.4489795918367346,2.0,0.0,1,0.022222222222222143,0,0,0,0,0,0,1,0,0,0,0,0,0,0
2026-04-16,SCGP,0.019138738078044115,0.008192721814043801,0.035304642683566985,0.86,0.5128534376254641,0.3469387755102041,0.0,0.0,0,0.0,0,0,0,0,0,0,1,0,0,0,0,0,0,0
2026-04-16,TCAP,0.0035842431124375462,0.0024857037945351657,0.009453355814574876,0.54,0.3602260403234661,0.1020408163265306,1.0,0.0,0,-0.013392857142857095,0,0,0,0,0,0,0,0,1,0,0,0,0,0
2026-04-16,TIDLOR,0.0,0.0005784330579054142,0.03837011230393761,0.44,0.2781370028253271,0.0,0.0,0.0,0,-0.006666670190369817,0,0,0,0,1,0,0,0,0,0,0,0,0,0
2026-04-16,TISCO,0.0,0.0017543944926899703,0.003922945345006031,0.44,0.6406867342025374,0.4081632653061224,4.0,0.0,0,-0.013043506194579502,0,0,0,0,0,0,0,0,1,0,0,0,0,0
2026-04-16,TLI,-0.009259283540154484,3.461423569359745e-05,0.009302571459358366,0.24,0.299872962494744,0.0,0.0,0.0,0,0.0,0,0,0,0,0,1,0,0,0,0,0,0,0,0
2026-04-16,TOP,-0.021276595744680882,0.00815336249316565,0.03044713648721726,0.1,0.7386039040525615,0.5102040816326531,2.0,0.0,0,0.0,0,0,0,0,0,0,1,0,0,0,0,0,0,0
2026-04-16,TRUE,0.00699296045873532,-0.0013696022127713814,0.00581613778334109,0.68,0.7259234069997916,0.5510204081632653,2.0,0.0,0,-0.0208332630932182,1,0,0,0,0,0,0,0,0,0,0,0,0,0
2026-04-16,TTB,-0.025210224677010173,8.643906058189988e-05,0.014617683044705291,0.08,0.389142793520201,0.2448979591836734,14.0,0.0,0,-0.04310337701075506,0,0,0,0,0,0,0,0,1,0,0,0,0,0
2026-04-16,TU,0.0,0.00180068250422325,0.009652211165048533,0.44,0.2779194133981291,0.0,0.0,0.0,0,0.0,0,0,0,0,0,0,0,0,0,0,1,0,0,0
2026-04-16,WHA,0.04672889570277161,0.01221579033896807,0.021825564963302468,0.98,0.2667685974671863,0.0204081632653061,0.0,0.0,0,-0.017857136975205967,1,0,0,0,0,0,0,0,0,0,0,0,0,0
2026-04-17,ADVANC,-0.040760869565217406,-0.005945281525337442,0.020598604602029072,0.06,0.8340338761433772,0.5306122448979591,2.0,0.0,0,0.0,1,0,0,0,0,0,0,0,0,0,0,0,0,0
2026-04-17,AOT,-0.009049773755656076,0.007632451133809104,0.02022227913019722,0.44,0.5714144407022494,0.3877551020408163,0.0,0.0,0,-0.004566210045662156,0,0,0,0,0,0,1,0,0,0,0,0,0,0
2026-04-17,AWC,-0.017699082069712047,0.007884743247670833,0.03639858048839216,0.22,0.26474316484215,0.0,0.0,0.0,0,0.0,0,0,0,0,0,0,0,1,0,0,0,0,0,0
2026-04-17,BANPU,-0.052631530515153124,-0.012668320212200147,0.031136209901954582,0.02,0.5168610876183813,0.3469387755102041,0.0,0.0,0,-0.018518500530834592,0,0,0,0,0,0,1,0,0,0,0,0,0,0
2026-04-17,BBL,0.0030487843603801412,-0.0017926702012566408,0.007254867604587847,0.86,0.8021884428957072,0.4897959183673469,7.0,0.0,0,0.0,0,0,0,0,0,0,0,0,1,0,0,0,0,0
2026-04-17,BDMS,0.005376364484882101,-0.0020773375338640765,0.010945160772382799,0.88,0.6121736045413307,0.4081632653061224,0.0,0.0,0,-0.005347613764161596,0,0,0,0,0,0,1,0,0,0,0,0,0,0
2026-04-17,BEM,0.028571446736653572,0.003950281117230947,0.022614219443192224,1.0,0.3153698175379232,0.0204081632653061,0.0,0.0,0,0.0,0,0,0,0,0,0,0,0,0,1,0,0,0,0
2026-04-17,BH,0.005649717514124353,0.015556959448226392,0.026359883384631858,0.9,0.5733025950300475,0.4693877551020408,3.0,0.0,0,-0.016853932584269704,0,0,0,0,0,0,1,0,0,0,0,0,0,0
2026-04-17,BJC,-0.013157853240264972,0.001403982429099604,0.012804276831011142,0.36,0.3859487784668349,0.1020408163265306,0.0,0.0,0,0.0,0,0,0,0,0,0,0,0,0,1,0,0,0,0
2026-04-17,BTS,-0.028037466475174244,-0.001710098916863001,0.022470811126972075,0.12,0.3820598396963626,0.0816326530612244,0.0,0.0,0,-0.0096153757981291,0,0,0,0,0,0,0,0,0,1,0,0,0,0
2026-04-17,CBG,-0.019607843137254943,-0.002470826387235059,0.020899809313360808,0.18,0.4037334379706352,0.1428571428571428,0.0,0.0,0,0.0,0,0,0,0,0,0,0,0,0,1,0,0,0,0
2026-04-17,CCET,0.0,0.0159881226587129,0.020763186940898404,0.75,0.2944691120222417,0.0408163265306122,0.0,0.0,0,-0.018867995824705996,0,0,0,0,0,0,0,0,0,0,0,1,0,0
2026-04-17,CENTEL,-0.02836870406383063,0.009930147481453289,0.049224759513294164,0.1,0.2958173008031775,0.0,0.0,0.0,0,-0.029197098582607328,0,0,0,0,0,0,0,0,0,0,0,0,1,0
2026-04-17,COM7,-0.031390084284284914,0.002306731506750581,0.033353225931791554,0.08,0.5390811125917591,0.3469387755102041,0.0,0.0,1,0.013888853322332029,0,0,0,0,0,0,1,0,0,0,0,0,0,0
2026-04-17,CPALL,-0.005235649834831713,0.009909064937996592,0.020012437925079785,0.62,0.4825031688955927,0.183673469387755,2.0,0.0,0,-0.026315780701966385,0,0,0,0,0,0,0,0,0,1,0,0,0,0
2026-04-17,CPF,-0.014705880959934081,-0.006768647366791924,0.011658906953781075,0.3,0.7091921123853364,0.4897959183673469,2.0,0.0,0,-0.00995021575352606,0,0,0,0,0,0,1,0,0,0,0,0,0,0
2026-04-17,CPN,-0.011450381679389277,0.007330033945945025,0.024216046074588167,0.4,0.2998494178860543,0.0204081632653061,1.0,0.0,0,-0.01158301158301156,0,0,0,0,0,0,0,0,0,0,0,1,0,0
2026-04-17,CRC,-0.005000038415175823,0.005190530980074692,0.014863517280555355,0.64,0.1885120701342117,0.1224489795918367,0.0,0.0,0,-0.015075391690536066,0,0,0,0,0,0,0,0,0,1,0,0,0,0
2026-04-17,DELTA,0.006688963210702337,0.018389259996370665,0.04720571083215095,0.92,0.7549857549857552,0.5102040816326531,7.0,0.0,1,0.019933554817275656,0,0,0,0,0,0,0,0,0,0,0,1,0,0
2026-04-17,EGCO,-0.009009009009009028,-0.004441352846828406,0.01039908019810667,0.46,0.2641362307564376,0.0,0.0,0.0,1,0.00454545454545463,0,0,0,0,0,0,0,0,0,0,0,0,0,1
2026-04-17,GPSC,-0.007042253521126751,0.007818267023302305,0.038174558108214435,0.54,0.3084218345695337,0.0408163265306122,0.0,0.0,1,0.02127659574468077,0,0,0,0,0,0,1,0,0,0,0,0,0,0
2026-04-17,GULF,-0.017021276595744705,-0.00578998466843208,0.02014933054888613,0.24,0.824860649548974,0.5306122448979591,4.0,0.0,1,0.008658008658008587,1,0,0,0,0,0,0,0,0,0,0,0,0,0
2026-04-17,HMPRO,-0.00787395878555408,6.210168542573058e-05,0.01246056769198032,0.52,0.3412017927251844,0.0816326530612244,0.0,0.0,0,0.0,0,0,0,0,0,0,0,0,0,1,0,0,0,0
2026-04-17,IVL,0.008064509210337079,-0.007244196826677185,0.0369613612861721,0.96,0.6190346064901138,0.4489795918367346,2.0,0.0,0,-0.02800009222340094,0,0,0,0,0,0,1,0,0,0,0,0,0,0
2026-04-17,KBANK,0.0,-0.002583836629545333,0.01008601161132036,0.75,0.8492309488143115,0.5510204081632653,11.0,0.0,0,-0.005291018067145492,0,0,0,0,0,0,0,0,1,0,0,0,0,0
2026-04-17,KKP,-0.00943397085218689,6.348128311179923e-05,0.012661174961098394,0.42,0.6442502814112808,0.4081632653061224,3.0,0.0,1,0.022222276681578945,0,0,0,0,0,0,0,0,1,0,0,0,0,0
2026-04-17,KTB,-0.0234375,-0.010798694401106191,0.015688508707171336,0.14,0.750245974679521,0.3673469387755101,4.0,0.0,0,-0.008000000000000007,0,0,0,0,0,0,0,0,1,0,0,0,0,0
2026-04-17,KTC,0.0,0.00549579461673364,0.01908342376256598,0.75,0.3257950366470686,0.0408163265306122,5.0,0.0,1,0.03418803418803429,1,0,0,0,0,0,0,0,0,0,0,0,0,0
2026-04-17,LH,-0.005290949100806408,-0.0009648935153569793,0.01546362884520226,0.6,0.2735033172691258,0.0,0.0,0.0,1,0.010638249792841226,0,1,0,0,0,0,0,0,0,0,0,0,0,0
2026-04-17,MINT,-0.013157890247156523,0.006680382759056203,0.029329094544008956,0.34,0.4943019943019943,0.2040816326530612,0.0,0.0,0,-0.008888943443025488,1,0,0,0,0,0,0,0,0,0,0,0,0,0
2026-04-17,MTC,-0.016393465398944262,0.005941314616285087,0.04729534726781383,0.28,0.2887361173649064,0.0,0.0,0.0,1,0.033333380416374236,0,0,1,0,0,0,0,0,0,0,0,0,0,0
2026-04-17,OR,-0.008264494075791107,-0.007888163750939281,0.024396065482692287,0.5,0.6153782616814699,0.2857142857142857,1.0,0.0,1,0.025000015894572014,0,0,0,0,0,0,0,0,0,0,0,1,0,0
2026-04-17,OSP,-0.006578906648923799,6.948506852688663e-05,0.01314779457565418,0.58,0.338970421015203,0.0612244897959183,0.0,0.0,0,0.0,0,0,0,0,0,0,0,0,0,1,0,0,0,0
2026-04-17,PTT,0.0,7.063966533009669e-05,0.013249092895087253,0.75,0.7728921116235123,0.4285714285714285,5.0,0.0,0,-0.007194244604316502,0,0,0,0,0,0,1,0,0,0,0,0,0,0
2026-04-17,PTTEP,0.00694444444444442,-0.01909984955449191,0.031024067667388282,0.94,0.6813255353395934,0.4489795918367346,3.0,0.0,0,-0.020689655172413834,0,0,0,0,0,0,1,0,0,0,0,0,0,0
2026-04-17,PTTGC,0.0,-0.001210514566678933,0.018859571955961617,0.75,0.6382595769495901,0.4693877551020408,1.0,0.0,0,-0.04761904761904767,0,0,0,0,0,0,1,0,0,0,0,0,0,0
2026-04-17,RATCH,-0.008474576271186418,-0.006667592849865711,0.009098092932409547,0.48,0.2677087625191304,0.0,0.0,0.0,1,0.008547008547008517,0,0,0,1,0,0,0,0,0,0,0,0,0,0
2026-04-17,SAWAD,-0.01687768541886936,0.007742240992883964,0.04342065702835563,0.26,0.3498375384972611,0.0816326530612244,0.0,0.0,1,0.030042922737243627,0,0,0,0,0,0,0,0,0,1,0,0,0,0
2026-04-17,SCB,0.0,0.0007181315615478745,0.008222486683896501,0.75,0.7988495394135452,0.4693877551020408,23.0,0.0,1,0.002063062015756678,0,0,0,0,0,0,0,0,1,0,0,0,0,0
2026-04-17,SCC,0.022222222222222143,0.02240390124401026,0.0174935307934298,0.98,0.6673911126530135,0.4489795918367346,2.0,0.0,0,-0.004347826086956497,0,0,0,0,0,0,1,0,0,0,0,0,0,0
2026-04-17,SCGP,0.0,0.006241494858536934,0.03546586801956839,0.75,0.5128534376254641,0.3469387755102041,0.0,0.0,1,0.004694853758291817,0,0,0,0,0,0,1,0,0,0,0,0,0,0
2026-04-17,TCAP,-0.013392857142857095,-0.0001928676340362534,0.011911548957066245,0.32,0.3602260403234661,0.1020408163265306,1.0,0.0,1,0.009049773755656076,0,0,0,0,0,0,0,0,1,0,0,0,0,0
2026-04-17,TIDLOR,-0.006666670190369817,0.007245103248275231,0.03190893366887199,0.56,0.2781370028253271,0.0,0.0,0.0,1,0.03355706483566534,0,0,0,0,1,0,0,0,0,0,0,0,0,0
2026-04-17,TISCO,-0.013043506194579502,-0.0026087012389159002,0.005833233303203873,0.38,0.6406867342025374,0.4081632653061224,4.0,0.0,0,0.0,0,0,0,0,0,0,0,0,1,0,0,0,0,0
2026-04-17,TLI,0.0,3.461423569359745e-05,0.009302571459358366,0.75,0.299872962494744,0.0,0.0,0.0,0,0.0,0,0,0,0,0,1,0,0,0,0,0,0,0,0
2026-04-17,TOP,0.0,-0.002016129032258096,0.018938791225250776,0.75,0.7386039040525615,0.5102040816326531,2.0,0.0,0,-0.03260869565217395,0,0,0,0,0,0,1,0,0,0,0,0,0,0
2026-04-17,TRUE,-0.0208332630932182,-0.004156940237743756,0.010544551408996633,0.16,0.7259234069997916,0.5510204081632653,2.0,0.0,1,0.007092151206211872,1,0,0,0,0,0,0,0,0,0,0,0,0,0
2026-04-17,TTB,-0.04310337701075506,-0.008534236341569112,0.02423055482753296,0.04,0.389142793520201,0.2448979591836734,12.0,0.0,1,0.018018009037635396,0,0,0,0,0,0,0,0,1,0,0,0,0,0
2026-04-17,TU,0.0,-0.001739137069038721,0.003888828708560325,0.75,0.2779194133981291,0.0,0.0,0.0,1,0.008771963580347819,0,0,0,0,0,0,0,0,0,0,1,0,0,0
2026-04-17,WHA,-0.017857136975205967,0.008644362943926875,0.025479408839870387,0.2,0.2667685974671863,0.0204081632653061,0.0,0.0,0,0.0,1,0,0,0,0,0,0,0,0,0,0,0,0,0
2026-04-20,ADVANC,0.0,-0.005395830975886895,0.020741381047446772,0.52,0.8340338761433772,0.5306122448979591,2.0,0.0,0,-0.005665722379603388,1,0,0,0,0,0,0,0,0,0,0,0,0,0
2026-04-20,AOT,-0.004566210045662156,8.413803462927749e-05,0.014553732453528381,0.38,0.5714144407022494,0.3877551020408163,0.0,0.0,1,0.004587155963302836,0,0,0,0,0,0,1,0,0,0,0,0,0,0
2026-04-20,AWC,0.0,-0.0051993678202060245,0.01728623973805388,0.52,0.26474316484215,0.0,0.0,0.0,0,-0.009008991922253351,0,0,0,0,0,0,0,1,0,0,0,0,0,0
2026-04-20,BANPU,-0.018518500530834592,-0.009649328602380259,0.029273744657331183,0.16,0.5168610876183813,0.3469387755102041,0.0,0.0,1,0.018867905855434186,0,0,0,0,0,0,1,0,0,0,0,0,0,0
2026-04-20,BBL,0.0,-0.002997490990293983,0.00602880913957886,0.52,0.8021884428957072,0.4897959183673469,7.0,0.0,1,0.018237105161286404,0,0,0,0,0,0,0,0,1,0,0,0,0,0
2026-04-20,BDMS,-0.005347613764161596,-0.005263270519248642,0.00834969934857876,0.34,0.6121736045413307,0.4081632653061224,0.0,0.0,0,0.0,0,0,0,0,0,0,1,0,0,0,0,0,0,0
2026-04-20,BEM,0.0,0.0001766999461441099,0.021020711827271724,0.52,0.3153698175379232,0.0204081632653061,0.0,0.0,0,0.0,0,0,0,0,0,0,0,0,0,1,0,0,0,0
2026-04-20,BH,-0.016853932584269704,0.0018831426283421493,0.020012382552478968,0.18,0.5733025950300475,0.4693877551020408,3.0,0.0,0,-0.008571428571428563,0,0,0,0,0,0,1,0,0,0,0,0,0,0
2026-04-20,BJC,0.0,-0.002622856951152719,0.007514503912051574,0.52,0.3859487784668349,0.1020408163265306,0.0,0.0,0,-0.006666677971500556,0,0,0,0,0,0,0,0,0,1,0,0,0,0
2026-04-20,BTS,-0.0096153757981291,-0.009347477307242346,0.014778522073525124,0.26,0.3820598396963626,0.0816326530612244,0.0,0.0,1,0.009708728874782357,0,0,0,0,0,0,0,0,0,1,0,0,0,0
2026-04-20,CBG,0.0,-0.007733984281971917,0.014019091380385906,0.52,0.4037334379706352,0.1428571428571428,0.0,0.0,0,-0.00666666666666671,0,0,0,0,0,0,0,0,0,1,0,0,0,0
2026-04-20,CCET,-0.018867995824705996,0.004051266131625075,0.020065569201992838,0.14,0.2944691120222417,0.0408163265306122,0.0,0.0,1,0.04807692484037407,0,0,0,0,0,0,0,0,0,0,0,1,0,0
2026-04-20,CENTEL,-0.029197098582607328,-0.014229871101259062,0.020213008058160387,0.06,0.2958173008031775,0.0,0.0,0.0,0,-0.007518860507509273,0,0,0,0,0,0,0,0,0,0,0,0,1,0
2026-04-20,COM7,0.013888853322332029,-0.0014575611504414221,0.029952749385106017,0.82,0.5390811125917591,0.3469387755102041,0.0,0.0,1,0.018264823082088988,0,0,0,0,0,0,1,0,0,0,0,0,0,0
2026-04-20,CPALL,-0.026315780701966385,-0.00419388142016972,0.01363789166544558,0.1,0.4825031688955927,0.183673469387755,2.0,0.0,0,-0.00540536932154434,0,0,0,0,0,0,0,0,0,1,0,0,0,0
2026-04-20,CPF,-0.00995021575352606,-0.008758690517497137,0.011047928277994497,0.24,0.7091921123853364,0.4897959183673469,2.0,0.0,0,0.0,0,0,0,0,0,0,1,0,0,0,0,0,0,0
2026-04-20,CPN,-0.01158301158301156,-0.0021865683706572938,0.01889824918692353,0.22,0.2998494178860543,0.0204081632653061,1.0,0.0,1,0.01171875,0,0,0,0,0,0,0,0,0,0,0,1,0,0
2026-04-20,CRC,-0.015075391690536066,-0.0019482488135362575,0.014156013458472446,0.2,0.1885120701342117,0.1224489795918367,0.0,0.0,1,0.03299083925919777,0,0,0,0,0,0,0,0,0,1,0,0,0,0
2026-04-20,DELTA,0.019933554817275656,0.016578869510550452,0.04687012204707143,0.86,0.7549857549857552,0.5102040816326531,8.0,0.0,0,-0.006514657980456029,0,0,0,0,0,0,0,0,0,0,0,1,0,0
2026-04-20,EGCO,0.00454545454545463,-0.006198928604404163,0.006744281864129128,0.66,0.2641362307564376,0.0,0.0,0.0,0,0.0,0,0,0,0,0,0,0,0,0,0,0,0,0,1
2026-04-20,GPSC,0.02127659574468077,-0.0011617079454085966,0.023459723375835632,0.88,0.3084218345695337,0.0408163265306122,0.0,0.0,0,-0.00694444444444442,0,0,0,0,0,0,1,0,0,0,0,0,0,0
2026-04-20,GULF,0.008658008658008587,-0.008260063609099255,0.016462582927459085,0.74,0.824860649548974,0.5306122448979591,4.0,0.0,1,0.008583690987124415,1,0,0,0,0,0,0,0,0,0,0,0,0,0
2026-04-20,HMPRO,0.0,-0.0031125097030163308,0.008953906298019511,0.52,0.3412017927251844,0.0816326530612244,0.0,0.0,1,0.007936450066279521,0,0,0,0,0,0,0,0,0,1,0,0,0,0
2026-04-20,IVL,-0.02800009222340094,0.0017711648232272559,0.016992994942477177,0.08,0.6190346064901138,0.4489795918367346,0.0,0.0,0,-0.01646089290247066,0,0,0,0,0,0,1,0,0,0,0,0,0,0
2026-04-20,KBANK,-0.005291018067145492,-0.005208615166217312,0.008235353168207733,0.36,0.8492309488143115,0.5510204081632653,12.0,0.0,1,0.042613636363636465,0,0,0,0,0,0,0,0,1,0,0,0,0,0
2026-04-20,KKP,0.022222276681578945,6.348128311179923e-05,0.012661174961098394,0.9,0.6442502814112808,0.4081632653061224,4.0,0.0,1,0.003105526156383709,0,0,0,0,0,0,0,0,1,0,0,0,0,0
2026-04-20,KTB,-0.008000000000000007,-0.013817147066904822,0.012517070955221617,0.3,0.750245974679521,0.3673469387755101,4.0,0.0,1,0.056451612903225756,0,0,0,0,0,0,0,0,1,0,0,0,0,0
2026-04-20,KTC,0.03418803418803429,0.007374723546996665,0.02173651203794456,1.0,0.3257950366470686,0.0408163265306122,7.0,0.0,0,0.0,1,0,0,0,0,0,0,0,0,0,0,0,0,0
2026-04-20,LH,0.010638249792841226,-0.0030700549598760007,0.012034110143125724,0.8,0.2735033172691258,0.0,1.0,0.0,1,0.010526333526986065,0,1,0,0,0,0,0,0,0,0,0,0,0,0
2026-04-20,MINT,-0.008888943443025488,-0.005189157643118625,0.016295788798201243,0.28,0.4943019943019943,0.2040816326530612,0.0,0.0,0,-0.01345282367046674,1,0,0,0,0,0,0,0,0,0,0,0,0,0
2026-04-20,MTC,0.033333380416374236,-0.004486037425807376,0.02659531087364658,0.96,0.2887361173649064,0.0,0.0,0.0,1,0.024193550391388374,0,0,1,0,0,0,0,0,0,0,0,0,0,0
2026-04-20,OR,0.025000015894572014,-0.006088157520267057,0.02681166096124666,0.92,0.6153782616814699,0.2857142857142857,1.0,0.0,0,-0.008130112188539096,0,0,0,0,0,0,0,0,0,0,0,1,0,0
2026-04-20,OSP,0.0,-0.0025795180296456664,0.010986152056209408,0.52,0.338970421015203,0.0612244897959183,0.0,0.0,1,0.006622475295678942,0,0,0,0,0,0,0,0,0,1,0,0,0,0
2026-04-20,PTT,-0.007194244604316502,-0.002807058176396504,0.012872265942267348,0.32,0.7728921116235123,0.4285714285714285,4.0,0.0,0,-0.007246376811594235,0,0,0,0,0,0,1,0,0,0,0,0,0,0
2026-04-20,PTTEP,-0.020689655172413834,-0.011987780588974673,0.02355555814160572,0.12,0.6813255353395934,0.4489795918367346,2.0,0.0,1,0.007042253521126751,0,0,0,0,0,0,1,0,0,0,0,0,0,0
2026-04-20,PTTGC,-0.04761904761904767,-0.003977567333731713,0.024885663467913186,0.02,0.6382595769495901,0.4693877551020408,1.0,0.0,0,-0.0071428571428571175,0,0,0,0,0,0,1,0,0,0,0,0,0,0
2026-04-20,RATCH,0.008547008547008517,-0.006611083702447474,0.00921416061081042,0.72,0.2677087625191304,0.0,0.0,0.0,0,0.0,0,0,0,1,0,0,0,0,0,0,0,0,0,0
2026-04-20,SAWAD,0.030042922737243627,-0.0022491696378136973,0.024074948332425374,0.94,0.3498375384972611,0.0816326530612244,0.0,0.0,1,0.004166678775115784,0,0,0,0,0,0,0,0,0,1,0,0,0,0
2026-04-20,SCB,0.002063062015756678,-0.0009453909085926693,0.006423486562880387,0.64,0.7988495394135452,0.4693877551020408,22.0,0.0,0,-0.007352941176470562,0,0,0,0,0,0,0,0,1,0,0,0,0,0
2026-04-20,SCC,-0.004347826086956497,0.01862171466739566,0.02125292132623984,0.4,0.6673911126530135,0.4489795918367346,2.0,0.0,0,-0.004366812227074246,0,0,0,0,0,0,1,0,0,0,0,0,0,0
2026-04-20,SCGP,0.004694853758291817,0.0023495479138521793,0.034048084006169765,0.68,0.5128534376254641,0.3469387755102041,0.0,0.0,0,-0.014018656187300915,0,0,0,0,0,0,1,0,0,0,0,0,0,0
2026-04-20,TCAP,0.009049773755656076,-0.001861179149200276,0.009080832069088222,0.78,0.3602260403234661,0.1020408163265306,1.0,0.0,1,0.017937219730941756,0,0,0,0,0,0,0,0,1,0,0,0,0,0
2026-04-20,TIDLOR,0.03355706483566534,0.001456495568709637,0.019649329482250177,0.98,0.2781370028253271,0.0,0.0,0.0,1,0.0779221180384484,0,0,0,0,1,0,0,0,0,0,0,0,0,0
2026-04-20,TISCO,0.0,-0.0026087012389159002,0.005833233303203873,0.52,0.6406867342025374,0.4081632653061224,4.0,0.0,1,0.008810615390907328,0,0,0,0,0,0,0,0,1,0,0,0,0,0
2026-04-20,TLI,0.0,-0.001834549590184098,0.007777935740911142,0.52,0.299872962494744,0.0,0.0,0.0,0,0.0,0,0,0,0,0,1,0,0,0,0,0,0,0,0
2026-04-20,TOP,-0.03260869565217395,-0.010688405797101485,0.02139819951807549,0.04,0.7386039040525615,0.5102040816326531,2.0,0.0,1,0.00561797752808979,0,0,0,0,0,0,1,0,0,0,0,0,0,0
2026-04-20,TRUE,0.007092151206211872,-0.0027385099965013815,0.011661394021469297,0.7,0.7259234069997916,0.5510204081632653,2.0,0.0,0,-0.014084482001604393,1,0,0,0,0,0,0,0,0,0,0,0,0,0
2026-04-20,TTB,0.018018009037635396,-0.006654782332552856,0.02617988716602593,0.84,0.389142793520201,0.2448979591836734,13.0,0.0,1,0.008849498790604482,0,0,0,0,0,0,0,0,1,0,0,0,0,0
2026-04-20,TU,0.008771963580347819,0.001754392716069564,0.003922941372362033,0.76,0.2779194133981291,0.0,0.0,0.0,0,0.0,0,0,0,0,0,0,0,0,0,0,1,0,0,0
2026-04-20,WHA,0.0,0.0048528712108312,0.02496642304601747,0.52,0.2667685974671863,0.0204081632653061,0.0,0.0,1,0.02272729305317256,1,0,0,0,0,0,0,0,0,0,0,0,0,0
2026-04-21,ADVANC,-0.005665722379603388,-0.005978011264479744,0.02068950693541172,0.32,0.8340338761433772,0.5306122448979591,2.0,0.0,0,-0.005698005698005715,1,0,0,0,0,0,0,0,0,0,0,0,0,0
2026-04-21,AOT,0.004587155963302836,8.413803462927749e-05,0.014553732453528381,0.58,0.5714144407022494,0.3877551020408163,0.0,0.0,0,0.0,0,0,0,0,0,0,1,0,0,0,0,0,0,0
2026-04-21,AWC,-0.009008991922253351,-0.0017380180294917392,0.013266156659262144,0.1,0.26474316484215,0.0,0.0,0.0,0,-0.009090891692073333,0,0,0,0,0,0,0,1,0,0,0,0,0,0
2026-04-21,BANPU,0.018867905855434186,-0.011093145134104487,0.027173211874195215,0.86,0.5168610876183813,0.3469387755102041,0.0,0.0,1,0.009259206113829244,0,0,0,0,0,0,1,0,0,0,0,0,0,0
2026-04-21,BBL,0.018237105161286404,0.0018475363262586253,0.010839504736441467,0.82,0.8021884428957072,0.4897959183673469,8.0,0.0,1,0.021943573667711602,0,0,0,0,0,0,0,0,1,0,0,0,0,0
2026-04-21,BDMS,0.0,-0.002121897342102197,0.006086093205745889,0.45,0.6121736045413307,0.4081632653061224,1.0,0.0,0,0.0,0,0,0,0,0,0,1,0,0,0,0,0,0,0
2026-04-21,BEM,0.0,0.0057322589357120535,0.01441993032716489,0.45,0.3153698175379232,0.0204081632653061,0.0,0.0,0,0.0,0,0,0,0,0,0,0,0,0,1,0,0,0,0
2026-04-21,BH,-0.008571428571428563,0.004203439046621282,0.01730528471704502,0.12,0.5733025950300475,0.4693877551020408,3.0,0.0,0,-0.02017291066282423,0,0,0,0,0,0,1,0,0,0,0,0,0,0
2026-04-21,BJC,-0.006666677971500556,-0.002640413657630125,0.007526150922378878,0.26,0.3859487784668349,0.1020408163265306,0.0,0.0,1,0.006711420853059202,0,0,0,0,0,0,0,0,0,1,0,0,0,0
2026-04-21,BTS,0.009708728874782357,-0.0037020094320876053,0.015758264744714184,0.74,0.3820598396963626,0.0816326530612244,0.0,0.0,1,0.03846161781683777,0,0,0,0,0,0,0,0,0,1,0,0,0,0
2026-04-21,CBG,-0.00666666666666671,-0.003939112487100127,0.009932414981840445,0.28,0.4037334379706352,0.1428571428571428,0.0,0.0,0,0.0,0,0,0,0,0,0,0,0,0,1,0,0,0,0
2026-04-21,CCET,0.04807692484037407,0.015627424230393004,0.02591700713777788,0.96,0.2944691120222417,0.0408163265306122,0.0,0.0,1,0.11009181696661918,0,0,0,0,0,0,0,0,0,0,0,1,0,0
2026-04-21,CENTEL,-0.007518860507509273,-0.010139255464639563,0.018753601915121987,0.16,0.2958173008031775,0.0,0.0,0.0,0,-0.007575703841568915,0,0,0,0,0,0,0,0,0,0,0,0,1,0
2026-04-21,COM7,0.018264823082088988,0.008530251890018815,0.02532691931146875,0.84,0.5390811125917591,0.3469387755102041,0.0,0.0,1,0.022421525430774247,0,0,0,0,0,0,1,0,0,0,0,0,0,0
2026-04-21,CPALL,-0.00540536932154434,-0.005274955284478589,0.013435064331647187,0.34,0.4825031688955927,0.183673469387755,3.0,0.0,0,-0.00543483218019547,0,0,0,0,0,0,0,0,0,1,0,0,0,0
2026-04-21,CPF,0.0,-0.006835638428069957,0.011680295135253685,0.45,0.7091921123853364,0.4897959183673469,2.0,0.0,0,-0.015075374932573049,0,0,0,0,0,0,1,0,0,0,0,0,0,0
2026-04-21,CPN,0.01171875,0.0024737839459450183,0.01887488811023963,0.78,0.2998494178860543,0.0204081632653061,1.0,0.0,0,-0.01158301158301156,0,0,0,0,0,0,0,0,0,0,0,1,0,0
2026-04-21,CRC,0.03299083925919777,0.007680204740218665,0.018604107074985214,0.92,0.1885120701342117,0.1224489795918367,0.0,0.0,0,-0.005235621961910741,0,0,0,0,0,0,0,0,0,1,0,0,0,0
2026-04-21,DELTA,-0.006514657980456029,0.005416782984881796,0.043666885665826036,0.3,0.7549857549857552,0.5102040816326531,9.0,0.0,0,-0.013114754098360604,0,0,0,0,0,0,0,0,0,0,0,1,0,0
2026-04-21,EGCO,0.0,-0.0035673496570357345,0.005859070294854848,0.45,0.2641362307564376,0.0,0.0,0.0,0,0.0,0,0,0,0,0,0,0,0,0,0,0,0,0,1
2026-04-21,GPSC,-0.00694444444444442,0.004345954889840442,0.015595755490370072,0.24,0.3084218345695337,0.0408163265306122,0.0,0.0,0,-0.013986013986013957,0,0,0,0,0,0,1,0,0,0,0,0,0,0
2026-04-21,GULF,0.008583690987124415,-0.0007820085392463927,0.012903609594584234,0.68,0.824860649548974,0.5306122448979591,4.0,0.0,0,-0.008510638297872353,1,0,0,0,0,0,0,0,0,0,0,0,0,0
2026-04-21,HMPRO,0.007936450066279521,0.0015997882694009924,0.006617724188328183,0.66,0.3412017927251844,0.0816326530612244,0.0,0.0,1,0.01141927827074718,0,0,0,0,0,0,0,0,0,1,0,0,0,0
2026-04-21,IVL,-0.01646089290247066,-0.004010630189464082,0.017366009225583137,0.02,0.6190346064901138,0.4489795918367346,0.0,0.0,1,0.012552332069402983,0,0,0,0,0,0,1,0,0,0,0,0,0,0
2026-04-21,KBANK,0.042613636363636465,0.005386639152139194,0.02219454277211525,0.94,0.8492309488143115,0.5510204081632653,16.0,0.0,1,0.02997275204359684,0,0,0,0,0,0,0,0,1,0,0,0,0,0
2026-04-21,KKP,0.003105526156383709,0.0013057117239608563,0.01257692847018987,0.54,0.6442502814112808,0.4081632653061224,3.0,0.0,1,0.02167187996199549,0,0,0,0,0,0,0,0,1,0,0,0,0,0
2026-04-21,KTB,0.056451612903225756,-0.0011183610142934785,0.03432277937216844,0.98,0.750245974679521,0.3673469387755101,5.0,0.0,0,0.0,0,0,0,0,0,0,0,0,1,0,0,0,0,0
2026-04-21,KTC,0.0,0.012213433435226451,0.014410663962246113,0.45,0.3257950366470686,0.0408163265306122,4.0,0.0,0,-0.008264462809917328,1,0,0,0,0,0,0,0,0,0,0,0,0,0
2026-04-21,LH,0.010526333526986065,0.003180296341877398,0.00801708380066664,0.76,0.2735033172691258,0.0,1.0,0.0,0,-0.01041668403657181,0,1,0,0,0,0,0,0,0,0,0,0,0,0
2026-04-21,MINT,-0.01345282367046674,-0.002639532646995235,0.012811135849010271,0.08,0.4943019943019943,0.2040816326530612,1.0,0.0,0,0.0,1,0,0,0,0,0,0,0,0,0,0,0,0,0
2026-04-21,MTC,0.024193550391388374,0.008226693081763669,0.02016677616156126,0.9,0.2887361173649064,0.0,0.0,0.0,0,-0.015748052991653272,0,0,1,0,0,0,0,0,0,0,0,0,0,0
2026-04-21,OR,-0.008130112188539096,0.0017346300704738971,0.014831071327703305,0.14,0.6153782616814699,0.2857142857142857,1.0,0.0,0,-0.008196674537606752,0,0,0,0,0,0,0,0,0,0,0,1,0,0
2026-04-21,OSP,0.006622475295678942,0.0026665469128459352,0.005913729204861048,0.62,0.338970421015203,0.0612244897959183,0.0,0.0,0,0.0,0,0,0,0,0,0,0,0,0,1,0,0,0,0
2026-04-21,PTT,-0.007246376811594235,-0.007113476395858198,0.008625534940694811,0.2,0.7728921116235123,0.4285714285714285,3.0,0.0,1,0.014598540145985384,0,0,0,0,0,0,1,0,0,0,0,0,0,0
2026-04-21,PTTEP,0.007042253521126751,-0.011241581540378442,0.024211334227607156,0.64,0.6813255353395934,0.4489795918367346,1.0,0.0,1,0.006993006993007089,0,0,0,0,0,0,1,0,0,0,0,0,0,0
2026-04-21,PTTGC,-0.0071428571428571175,-0.0068047401609045545,0.0241189034395049,0.22,0.6382595769495901,0.4693877551020408,1.0,0.0,1,0.02877697841726623,0,0,0,0,0,0,1,0,0,0,0,0,0,0
2026-04-21,RATCH,0.0,-0.0049717394401523896,0.009583292180785848,0.45,0.2677087625191304,0.0,0.0,0.0,0,0.0,0,0,0,1,0,0,0,0,0,0,0,0,0,0
2026-04-21,SAWAD,0.004166678775115784,0.005168515789621586,0.016909008609291974,0.56,0.3498375384972611,0.0816326530612244,0.0,0.0,0,-0.01659747801809064,0,0,0,0,0,0,0,0,0,1,0,0,0,0
2026-04-21,SCB,-0.007352941176470562,-0.00036117452819708353,0.005416906332800117,0.18,0.7988495394135452,0.4693877551020408,24.0,0.0,0,-0.0037037037037036535,0,0,0,0,0,0,0,0,1,0,0,0,0,0
2026-04-21,SCC,-0.004366812227074246,0.016791414422937766,0.02305973630594154,0.36,0.6673911126530135,0.4489795918367346,3.0,0.0,1,0.021929824561403466,0,0,0,0,0,0,1,0,0,0,0,0,0,0
2026-04-21,SCGP,-0.014018656187300915,0.009923178392271548,0.020473302400203234,0.06,0.5128534376254641,0.3469387755102041,0.0,0.0,0,0.0,0,0,0,0,0,0,1,0,0,0,0,0,0,0
2026-04-21,TCAP,0.017937219730941756,0.0034356758912356565,0.01158488599096461,0.8,0.3602260403234661,0.1020408163265306,1.0,0.0,0,-0.013215859030836996,0,0,0,0,0,0,0,0,1,0,0,0,0,0
2026-04-21,TIDLOR,0.0779221180384484,0.020962502536748785,0.03551494406723071,1.0,0.2781370028253271,0.0,1.0,0.0,1,0.01807229778813868,0,0,0,0,1,0,0,0,0,0,0,0,0,0
2026-04-21,TISCO,0.008810615390907328,-0.0008465781607344347,0.007813074370940105,0.7,0.6406867342025374,0.4081632653061224,4.0,0.0,0,-0.004366868277198899,0,0,0,0,0,0,0,0,1,0,0,0,0,0
2026-04-21,TLI,0.0,1.7307117846798725e-05,0.006577939821756098,0.45,0.299872962494744,0.0,0.0,0.0,0,-0.009345724599225225,0,0,0,0,0,1,0,0,0,0,0,0,0,0
2026-04-21,TOP,0.00561797752808979,-0.013820129440419682,0.01602053462866336,0.6,0.7386039040525615,0.5102040816326531,2.0,0.0,1,0.011173184357541999,0,0,0,0,0,0,1,0,0,0,0,0,0,0
2026-04-21,TRUE,-0.014084482001604393,-0.00555540639682226,0.012505094553668708,0.04,0.7259234069997916,0.5510204081632653,2.0,0.0,0,-0.014285688524508289,1,0,0,0,0,0,0,0,0,0,0,0,0,0
2026-04-21,TTB,0.008849498790604482,-0.006594272967724768,0.026224118996809143,0.72,0.389142793520201,0.2448979591836734,13.0,0.0,0,-0.017543744237793812,0,0,0,0,0,0,0,0,1,0,0,0,0,0
2026-04-21,TU,0.0,0.001754392716069564,0.003922941372362033,0.45,0.2779194133981291,0.0,0.0,0.0,0,-0.008695685345193604,0,0,0,0,0,0,0,0,0,0,1,0,0,0
2026-04-21,WHA,0.02272729305317256,0.011258782913254417,0.02453180413877363,0.88,0.2667685974671863,0.0204081632653061,0.0,0.0,0,-0.017777771462194614,1,0,0,0,0,0,0,0,0,0,0,0,0,0
2026-04-22,ADVANC,-0.005698005698005715,-0.0076700985919261775,0.02013448574277602,0.4,0.8340338761433772,0.5306122448979591,2.0,0.0,0,-0.011461318051575908,1,0,0,0,0,0,0,0,0,0,0,0,0,0
2026-04-22,AOT,0.0,0.0028238640620265485,0.01244745356012547,0.59,0.5714144407022494,0.3877551020408163,0.0,0.0,1,0.009132420091324311,0,0,0,0,0,0,1,0,0,0,0,0,0,0
2026-04-22,AWC,-0.009090891692073333,-0.0035561963679064056,0.01358748350604323,0.28,0.26474316484215,0.0,0.0,0.0,0,-0.04587169826240567,0,0,0,0,0,0,0,1,0,0,0,0,0,0
2026-04-22,BANPU,0.009259206113829244,-0.007546392190388107,0.028714098009202632,0.74,0.5168610876183813,0.3469387755102041,0.0,0.0,1,0.009174347244904846,0,0,0,0,0,0,1,0,0,0,0,0,0,0
2026-04-22,BBL,0.021943573667711602,0.006236251059800945,0.013911440373084288,0.9,0.8021884428957072,0.4897959183673469,10.0,0.0,0,-0.012269938650306789,0,0,0,0,0,0,0,0,1,0,0,0,0,0
2026-04-22,BDMS,0.0,5.750144144101022e-06,0.0037915070461547263,0.59,0.6121736045413307,0.4081632653061224,1.0,0.0,0,-0.005376364484882101,0,0,0,0,0,0,1,0,0,0,0,0,0,0
2026-04-22,BEM,0.0,0.003827489764860115,0.014422894090084416,0.59,0.3153698175379232,0.0204081632653061,2.0,0.0,0,-0.018518500530834592,0,0,0,0,0,0,0,0,0,1,0,0,0,0
2026-04-22,BH,-0.02017291066282423,-0.002772319556531788,0.018963719214986345,0.02,0.5733025950300475,0.4693877551020408,2.0,0.0,1,0.002941176470588225,0,0,0,0,0,0,1,0,0,0,0,0,0,0
2026-04-22,BJC,0.006711420853059202,-0.0012981294870182847,0.008632035989328391,0.7,0.3859487784668349,0.1020408163265306,0.0,0.0,0,-0.013333355943001224,0,0,0,0,0,0,0,0,0,1,0,0,0,0
2026-04-22,BTS,0.03846161781683777,0.0021035008836633564,0.024647448446545275,0.98,0.3820598396963626,0.0816326530612244,3.0,0.0,0,-0.01851861050099135,0,0,0,0,0,0,0,0,0,1,0,0,0,0
2026-04-22,CBG,0.0,-0.003939112487100127,0.009932414981840445,0.59,0.4037334379706352,0.1428571428571428,0.0,0.0,0,-0.020134228187919434,0,0,0,0,0,0,0,0,0,1,0,0,0,0
2026-04-22,CCET,0.11009181696661918,0.03368539551062204,0.04990593187072481,1.0,0.2944691120222417,0.0408163265306122,0.0,0.0,0,-0.024793403411316528,0,0,0,0,0,0,0,0,0,0,0,1,0,0
2026-04-22,CENTEL,-0.007575703841568915,-0.011654396232953345,0.018021371874606004,0.38,0.2958173008031775,0.0,0.0,0.0,0,-0.04580155672428465,0,0,0,0,0,0,0,0,0,0,0,0,1,0
2026-04-22,COM7,0.022421525430774247,0.005537910633465692,0.02168821034656747,0.92,0.5390811125917591,0.3469387755102041,0.0,0.0,0,-0.03947366880027603,0,0,0,0,0,0,1,0,0,0,0,0,0,0
2026-04-22,CPALL,-0.00543483218019547,-0.00847832640770758,0.010238135427141774,0.42,0.4825031688955927,0.183673469387755,4.0,0.0,0,-0.010928975459272405,0,0,0,0,0,0,0,0,0,1,0,0,0,0
2026-04-22,CPF,-0.015075374932573049,-0.011792435669205936,0.007366292195307783,0.12,0.7091921123853364,0.4897959183673469,2.0,0.0,0,-0.01530621902770557,0,0,0,0,0,0,1,0,0,0,0,0,0,0
2026-04-22,CPN,-0.01158301158301156,0.0017196816293427065,0.019455000104748293,0.22,0.2998494178860543,0.0204081632653061,1.0,0.0,0,-0.02734375,0,0,0,0,0,0,0,0,0,0,0,1,0,0
2026-04-22,CRC,-0.005235621961910741,0.003556175136582085,0.01875416694917524,0.44,0.1885120701342117,0.1224489795918367,0.0,0.0,0,-0.01578943352950246,0,0,0,0,0,0,0,0,0,1,0,0,0,0
2026-04-22,DELTA,-0.013114754098360604,-0.009957845687139333,0.029090232143709687,0.2,0.7549857549857552,0.5102040816326531,9.0,0.0,0,-0.02657807308970095,0,0,0,0,0,0,0,0,0,0,0,1,0,0
2026-04-22,EGCO,0.0,-0.0017895718792579674,0.005145861286602101,0.59,0.2641362307564376,0.0,0.0,0.0,0,-0.004524886877828038,0,0,0,0,0,0,0,0,0,0,0,0,0,1
2026-04-22,GPSC,-0.013986013986013957,0.002977323521209074,0.01708517543872657,0.16,0.3084218345695337,0.0408163265306122,0.0,0.0,1,0.014184397163120588,0,0,0,0,0,0,1,0,0,0,0,0,0,0
2026-04-22,GULF,-0.008510638297872353,-0.004179051453058147,0.012066072425188482,0.32,0.824860649548974,0.5306122448979591,4.0,0.0,0,-0.03433476394849788,1,0,0,0,0,0,0,0,0,0,0,0,0,0
2026-04-22,HMPRO,0.01141927827074718,0.0038836439235504284,0.007793589863885073,0.78,0.3412017927251844,0.0816326530612244,0.0,0.0,0,0.0,0,0,0,0,0,0,0,0,0,1,0,0,0,0
2026-04-22,IVL,0.012552332069402983,-0.0023198273298539406,0.018712266804821194,0.8,0.6190346064901138,0.4489795918367346,0.0,0.0,0,-0.016528912408881102,0,0,0,0,0,0,1,0,0,0,0,0,0,0
2026-04-22,KBANK,0.02997275204359684,0.01033406664001486,0.024761158395819754,0.96,0.8492309488143115,0.5510204081632653,16.0,0.0,1,0.013227513227513255,0,0,0,0,0,0,0,0,1,0,0,0,0,0
2026-04-22,KKP,0.02167187996199549,0.006263147917923639,0.015042199855875514,0.86,0.6442502814112808,0.4081632653061224,3.0,0.0,0,-0.009090917065716408,0,0,0,0,0,0,0,0,1,0,0,0,0,0
2026-04-22,KTB,0.0,-0.0010577834799609053,0.034324845672339246,0.59,0.750245974679521,0.3673469387755101,5.0,0.0,0,0.0,0,0,0,0,0,0,0,0,1,0,0,0,0,0
2026-04-22,KTC,-0.008264462809917328,0.006908852206657867,0.01637664589623206,0.34,0.3257950366470686,0.0408163265306122,4.0,0.0,0,-0.01666666666666672,1,0,0,0,0,0,0,0,0,0,0,0,0,0
2026-04-22,LH,-0.01041668403657181,3.8756683791207894e-05,0.009851026835550909,0.24,0.2735033172691258,0.0,1.0,0.0,1,0.005263166763493032,0,1,0,0,0,0,0,0,0,0,0,0,0,0
2026-04-22,MINT,0.0,-0.004433265727504842,0.011320670097036497,0.59,0.4943019943019943,0.2040816326530612,1.0,0.0,0,-0.0181818406851606,1,0,0,0,0,0,0,0,0,0,0,0,0,0
2026-04-22,MTC,-0.015748052991653272,0.005077082483433015,0.022827095624606736,0.1,0.2887361173649064,0.0,0.0,0.0,0,-0.024000002465439207,0,0,1,0,0,0,0,0,0,0,0,0,0,0
2026-04-22,OR,-0.008196674537606752,-0.0015575878889943385,0.014846227871475166,0.36,0.6153782616814699,0.2857142857142857,1.0,0.0,0,-0.008264494075791107,0,0,0,0,0,0,0,0,0,0,0,1,0,0
2026-04-22,OSP,0.0,0.001333208788486817,0.005525150278737156,0.59,0.338970421015203,0.0612244897959183,0.0,0.0,0,0.0,0,0,0,0,0,0,0,0,0,1,0,0,0,0
2026-04-22,PTT,0.014598540145985384,3.15837460149293e-05,0.008907574291736681,0.82,0.7728921116235123,0.4285714285714285,3.0,0.0,1,0.007194244604316502,0,0,0,0,0,0,1,0,0,0,0,0,0,0
2026-04-22,PTTEP,0.006993006993007089,-0.009842980141777025,0.025204669480156136,0.72,0.6813255353395934,0.4489795918367346,1.0,0.0,1,0.02430555555555558,0,0,0,0,0,0,1,0,0,0,0,0,0,0
2026-04-22,PTTGC,0.02877697841726623,-0.0038271222552290762,0.02793021385641963,0.94,0.6382595769495901,0.4693877551020408,2.0,0.0,1,0.013986013986013957,0,0,0,0,0,0,1,0,0,0,0,0,0,0
2026-04-22,RATCH,0.0,-0.003318846878168924,0.009586107823993453,0.59,0.2677087625191304,0.0,0.0,0.0,0,-0.016949152542372836,0,0,0,1,0,0,0,0,0,0,0,0,0,0
2026-04-22,SAWAD,-0.01659747801809064,0.00014688761507988257,0.019236443800849653,0.08,0.3498375384972611,0.0816326530612244,0.0,0.0,0,-0.029535867738221144,0,0,0,0,0,0,0,0,0,1,0,0,0,0
2026-04-22,SCB,-0.0037037037037036535,-0.002486005184465734,0.0036382489591366457,0.48,0.7988495394135452,0.4693877551020408,23.0,0.0,0,-0.022304832713754608,0,0,0,0,0,0,0,0,1,0,0,0,0,0
2026-04-22,SCC,0.021929824561403466,0.017367855525694663,0.023166015689562103,0.88,0.6673911126530135,0.4489795918367346,5.0,0.0,0,-0.08154506437768239,0,0,0,0,0,0,1,0,0,0,0,0,0,0
2026-04-22,SCGP,0.0,0.0019629871298070035,0.011891058363015182,0.59,0.5128534376254641,0.3469387755102041,0.0,0.0,0,-0.042654009585737396,0,0,0,0,0,0,1,0,0,0,0,0,0,0
2026-04-22,TCAP,-0.013215859030836996,0.0007925040850682574,0.013850778806094158,0.18,0.3602260403234661,0.1020408163265306,1.0,0.0,0,-0.013392857142857095,0,0,0,0,0,0,0,0,1,0,0,0,0,0
2026-04-22,TIDLOR,0.01807229778813868,0.02457696209437652,0.03372258215873734,0.84,0.2781370028253271,0.0,1.0,0.0,1,0.011834325078485808,0,0,0,0,1,0,0,0,0,0,0,0,0,0
2026-04-22,TISCO,-0.004366868277198899,-0.0017199518161742145,0.00793785809767232,0.46,0.6406867342025374,0.4081632653061224,4.0,0.0,0,-0.004385951008295308,0,0,0,0,0,0,0,0,1,0,0,0,0,0
2026-04-22,TLI,-0.009345724599225225,-0.0037210016278759416,0.005095282975170814,0.26,0.299872962494744,0.0,0.0,0.0,0,-0.009434081991692711,0,0,0,0,0,1,0,0,0,0,0,0,0,0
2026-04-22,TOP,0.011173184357541999,-0.007418825902244608,0.01868975247276797,0.76,0.7386039040525615,0.5102040816326531,1.0,0.0,0,-0.016574585635359074,0,0,0,0,0,0,1,0,0,0,0,0,0,0
2026-04-22,TRUE,-0.014285688524508289,-0.007023664390876738,0.013124587406037688,0.14,0.7259234069997916,0.5510204081632653,2.0,0.0,0,0.0,1,0,0,0,0,0,0,0,0,0,0,0,0,0
2026-04-22,TTB,-0.017543744237793812,-0.011797967619463834,0.02504117398732226,0.06,0.389142793520201,0.2448979591836734,11.0,0.0,0,-0.008928621412730986,0,0,0,0,0,0,0,0,1,0,0,0,0,0
2026-04-22,TU,-0.008695685345193604,1.5255647030842923e-05,0.006175781833171645,0.3,0.2779194133981291,0.0,0.0,0.0,0,-0.008771879924703185,0,0,0,0,0,0,0,0,0,0,1,0,0,0
2026-04-22,WHA,-0.017777771462194614,0.006764256063708718,0.02786696180857128,0.04,0.2667685974671863,0.0204081632653061,0.0,0.0,0,-0.013574739188729645,1,0,0,0,0,0,0,0,0,0,0,0,0,0
2026-04-23,ADVANC,-0.011461318051575908,-0.012717183138880483,0.016192160474054723,0.54,0.8340338761433772,0.5306122448979591,2.0,0.0,1,0.011594202898550732,1,0,0,0,0,0,0,0,0,0,0,0,0,0
2026-04-23,AOT,0.009132420091324311,2.0718450661783018e-05,0.0071970415709298055,0.88,0.5714144407022494,0.3877551020408163,0.0,0.0,0,-0.013574660633484115,0,0,0,0,0,0,1,0,0,0,0,0,0,0
2026-04-23,AWC,-0.04587169826240567,-0.01633413278928888,0.017658262831527462,0.04,0.26474316484215,0.0,0.0,0.0,1,0.009615367440996447,0,0,0,0,0,0,0,1,0,0,0,0,0,0
2026-04-23,BANPU,0.009174347244904846,-0.0067697143663638885,0.029196605624050038,0.9,0.5168610876183813,0.3469387755102041,0.0,0.0,1,0.009090943769975102,0,0,0,0,0,0,1,0,0,0,0,0,0,0
2026-04-23,BBL,-0.012269938650306789,0.0061919049078142715,0.01398445993411458,0.52,0.8021884428957072,0.4897959183673469,12.0,0.0,0,-0.01552795031055898,0,0,0,0,0,0,0,0,1,0,0,0,0,0
2026-04-23,BDMS,-0.005376364484882101,-0.0010695227528323193,0.004491329661835223,0.68,0.6121736045413307,0.4081632653061224,1.0,0.0,0,0.0,0,0,0,0,0,0,1,0,0,0,0,0,0,0
2026-04-23,BEM,-0.018518500530834592,0.002010589241163796,0.016874908037175604,0.3,0.3153698175379232,0.0204081632653061,2.0,0.0,0,0.0,0,0,0,0,0,0,0,0,0,1,0,0,0,0
2026-04-23,BH,0.002941176470588225,-0.007401475566761984,0.01152314388648091,0.82,0.5733025950300475,0.4693877551020408,3.0,0.0,0,-0.0029325513196480912,0,0,0,0,0,0,1,0,0,0,0,0,0,0
2026-04-23,BJC,-0.013333355943001224,-0.00528929326034151,0.00866764286972265,0.5,0.3859487784668349,0.1020408163265306,0.0,0.0,0,-0.006756768369191479,0,0,0,0,0,0,0,0,0,1,0,0,0,0
2026-04-23,BTS,-0.01851861050099135,-0.001600221216534914,0.026373499173964747,0.28,0.3820598396963626,0.0816326530612244,3.0,0.0,0,0.0,0,0,0,0,0,0,0,0,0,1,0,0,0,0
2026-04-23,CBG,-0.020134228187919434,-0.009281747598368218,0.010044213623571776,0.26,0.4037334379706352,0.1428571428571428,0.0,0.0,0,-0.006849315068493178,0,0,0,0,0,0,0,0,0,1,0,0,0,0
2026-04-23,CCET,-0.024793403411316528,0.022901468514194147,0.05652416890973019,0.2,0.2944691120222417,0.0408163265306122,0.0,0.0,0,-0.016949136104436047,0,0,0,0,0,0,0,0,0,0,0,1,0,0
2026-04-23,CENTEL,-0.04580155672428465,-0.02369238474396016,0.01629659176038751,0.06,0.2958173008031775,0.0,0.0,0.0,0,-0.008000005492751594,0,0,0,0,0,0,0,0,0,0,0,0,1,0
2026-04-23,COM7,-0.03947366880027603,-0.0032577102498731357,0.02966341749967405,0.1,0.5390811125917591,0.3469387755102041,0.0,0.0,0,-0.009132367994271307,0,0,0,0,0,0,1,0,0,0,0,0,0,0
2026-04-23,CPALL,-0.010928975459272405,-0.010664121499562062,0.009076244119656683,0.56,0.4825031688955927,0.183673469387755,4.0,0.0,0,-0.011049650297348945,0,0,0,0,0,0,0,0,0,1,0,0,0,0
2026-04-23,CPF,-0.01530621902770557,-0.011007538134747752,0.0065381098126979275,0.44,0.7091921123853364,0.4897959183673469,1.0,0.0,0,-0.005181280228473306,0,0,0,0,0,0,1,0,0,0,0,0,0,0
2026-04-23,CPN,-0.02734375,-0.010048280969082479,0.013960780500431627,0.16,0.2998494178860543,0.0204081632653061,1.0,0.0,0,0.0,0,0,0,0,0,0,0,0,0,0,0,1,0,0
2026-04-23,CRC,-0.01578943352950246,-0.0016219292675854647,0.020026407376061674,0.42,0.1885120701342117,0.1224489795918367,0.0,0.0,0,-0.005347613764161596,0,0,0,0,0,0,0,0,0,1,0,0,0,0
2026-04-23,DELTA,-0.02657807308970095,-0.003916993428107918,0.017931858253765358,0.18,0.7549857549857552,0.5102040816326531,10.0,0.0,0,-0.010238907849829393,0,0,0,0,0,0,0,0,0,0,0,1,0,0
2026-04-23,EGCO,-0.004524886877828038,-0.0017976882682764872,0.005151203404468847,0.7,0.2641362307564376,0.0,0.0,0.0,0,0.0,0,0,0,0,0,0,0,0,0,0,0,0,0,1
2026-04-23,GPSC,0.014184397163120588,0.0014976561912432463,0.015297900260678262,0.98,0.3084218345695337,0.0408163265306122,0.0,0.0,0,-0.006993006993006978,0,0,0,0,0,0,1,0,0,0,0,0,0,0
2026-04-23,GULF,-0.03433476394849788,-0.008524995839396388,0.018209159310365566,0.12,0.824860649548974,0.5306122448979591,6.0,0.0,0,-0.004444444444444473,1,0,0,0,0,0,0,0,0,0,0,0,0,0
2026-04-23,HMPRO,0.0,0.002296353910294524,0.007566706291863165,0.77,0.3412017927251844,0.0816326530612244,0.0,0.0,0,-0.016129017372408794,0,0,0,0,0,0,0,0,0,1,0,0,0,0
2026-04-23,IVL,-0.016528912408881102,-0.008074611251002528,0.017498369352571982,0.4,0.6190346064901138,0.4489795918367346,0.0,0.0,1,0.004201636622797711,0,0,0,0,0,0,1,0,0,0,0,0,0,0
2026-04-23,KBANK,0.013227513227513255,0.016104576713520214,0.020127486752956697,0.94,0.8492309488143115,0.5510204081632653,18.0,0.0,0,-0.007832898172323799,0,0,0,0,0,0,0,0,1,0,0,0,0,0
2026-04-23,KKP,-0.009090917065716408,0.0056949589764109685,0.015673433295934226,0.6,0.6442502814112808,0.4081632653061224,3.0,0.0,1,0.003058041106745568,0,0,0,0,0,0,0,0,1,0,0,0,0,0
2026-04-23,KTB,0.0,0.00500282258064515,0.030310723501586777,0.77,0.750245974679521,0.3673469387755101,8.0,0.0,0,-0.01526717557251911,0,0,0,0,0,0,0,0,1,0,0,0,0,0
2026-04-23,KTC,-0.01666666666666672,0.0018513809422900484,0.019350469942543472,0.36,0.3257950366470686,0.0408163265306122,4.0,0.0,0,-0.008474576271186418,1,0,0,0,0,0,0,0,0,0,0,0,0,0
2026-04-23,LH,0.005263166763493032,0.0021440233891884207,0.009555028097744323,0.84,0.2735033172691258,0.0,1.0,0.0,0,-0.010471221740746994,0,1,0,0,0,0,0,0,0,0,0,0,0,0
2026-04-23,MINT,-0.0181818406851606,-0.01073629960916187,0.006843985319430255,0.32,0.4943019943019943,0.2040816326530612,1.0,0.0,0,0.0,1,0,0,0,0,0,0,0,0,0,0,0,0,0
2026-04-23,MTC,-0.024000002465439207,0.0002770819903451738,0.02640456995262322,0.22,0.2887361173649064,0.0,0.0,0.0,0,-0.016393465398944262,0,0,1,0,0,0,0,0,0,0,0,0,0,0
2026-04-23,OR,-0.008264494075791107,-0.0015711517966312094,0.014853838958496735,0.66,0.6153782616814699,0.2857142857142857,1.0,0.0,0,-0.008333365122477177,0,0,0,0,0,0,0,0,0,0,0,1,0,0
2026-04-23,OSP,0.0,8.713729351028655e-06,0.0046674085982409885,0.77,0.338970421015203,0.0612244897959183,0.0,0.0,0,0.0,0,0,0,0,0,0,0,0,0,1,0,0,0,0
2026-04-23,PTT,0.007194244604316502,0.0014704326668782298,0.009464813799065445,0.86,0.7728921116235123,0.4285714285714285,4.0,0.0,0,-0.0071428571428571175,0,0,0,0,0,0,1,0,0,0,0,0,0,0
2026-04-23,PTTEP,0.02430555555555558,0.004919121068344001,0.0161597794825185,1.0,0.6813255353395934,0.4489795918367346,1.0,0.0,1,0.013559322033898313,0,0,0,0,0,0,1,0,0,0,0,0,0,0
2026-04-23,PTTGC,0.013986013986013957,-0.0023997824717249205,0.02878160175700437,0.96,0.6382595769495901,0.4693877551020408,3.0,0.0,0,0.0,0,0,0,0,0,0,1,0,0,0,0,0,0,0
2026-04-23,RATCH,-0.016949152542372836,-0.0033753440533101477,0.009684766809174282,0.34,0.2677087625191304,0.0,0.0,0.0,1,0.008620689655172376,0,0,0,1,0,0,0,0,0,0,0,0,0,0
2026-04-23,SAWAD,-0.029535867738221144,-0.0057602859325643465,0.023381263723307958,0.14,0.3498375384972611,0.0816326530612244,0.0,0.0,1,0.013043431383548798,0,0,0,0,0,0,0,0,0,1,0,0,0,0
2026-04-23,SCB,-0.022304832713754608,-0.006259683115634429,0.009664714025749888,0.24,0.7988495394135452,0.4693877551020408,25.0,0.0,0,-0.01520912547528519,0,0,0,0,0,0,0,0,1,0,0,0,0,0
2026-04-23,SCC,-0.08154506437768239,-0.009221531181617504,0.04253566545908665,0.02,0.6673911126530135,0.4489795918367346,8.0,0.0,1,0.02336448598130847,0,0,0,0,0,0,1,0,0,0,0,0,0,0
2026-04-23,SCGP,-0.042654009585737396,-0.0103955624029493,0.01934935605182773,0.08,0.5128534376254641,0.3469387755102041,0.0,0.0,1,0.03465340738378053,0,0,0,0,0,0,1,0,0,0,0,0,0,0
2026-04-23,TCAP,-0.013392857142857095,-0.002602915965990671,0.015026331670566792,0.48,0.3602260403234661,0.1020408163265306,1.0,0.0,0,-0.009049773755656076,0,0,0,0,0,0,0,0,1,0,0,0,0,0
2026-04-23,TIDLOR,0.011834325078485808,0.026943827110073683,0.03193425931554085,0.92,0.2781370028253271,0.0,1.0,0.0,1,0.017543751871967217,0,0,0,0,1,0,0,0,0,0,0,0,0,0
2026-04-23,TISCO,-0.004385951008295308,-0.002597142017833276,0.007942612430871283,0.72,0.6406867342025374,0.4081632653061224,4.0,0.0,0,0.0,0,0,0,0,0,0,0,0,1,0,0,0,0,0
2026-04-23,TLI,-0.009434081991692711,-0.003755961318183587,0.005143156720149777,0.58,0.299872962494744,0.0,0.0,0.0,0,0.0,0,0,0,0,0,1,0,0,0,0,0,0,0,0
2026-04-23,TOP,-0.016574585635359074,-0.006478423880380247,0.017920628905288852,0.38,0.7386039040525615,0.5102040816326531,1.0,0.0,1,0.028089887640449396,0,0,0,0,0,0,1,0,0,0,0,0,0,0
2026-04-23,TRUE,0.0,-0.008422256482623802,0.011533700278101482,0.77,0.7259234069997916,0.5510204081632653,2.0,0.0,0,-0.021739196208205636,1,0,0,0,0,0,0,0,0,0,0,0,0,0
2026-04-23,TTB,-0.008928621412730986,-0.008541646966607997,0.02389334617607323,0.62,0.389142793520201,0.2448979591836734,10.0,0.0,1,0.009009059897843397,0,0,0,0,0,0,0,0,1,0,0,0,0,0
2026-04-23,TU,-0.008771879924703185,-0.0017391203379097941,0.007320953973737247,0.64,0.2779194133981291,0.0,0.0,0.0,0,-0.008849591131132817,0,0,0,0,0,0,0,0,0,0,1,0,0,0
2026-04-23,WHA,-0.013574739188729645,-0.005296470914591534,0.01728776208720013,0.46,0.2667685974671863,0.0204081632653061,0.0,0.0,1,0.004587182874035811,1,0,0,0,0,0,0,0,0,0,0,0,0,0
2026-04-24,ADVANC,0.011594202898550732,-0.002246168646126856,0.008733966215517001,0.88,0.8340338761433772,0.5306122448979591,1.0,0.0,0,-0.002865329512893977,1,0,0,0,0,0,0,0,0,0,0,0,0,0
2026-04-24,AOT,-0.013574660633484115,-0.0008842589249038246,0.008741498910657395,0.16,0.5714144407022494,0.3877551020408163,0.0,0.0,0,-0.00917431192660545,0,0,0,0,0,0,1,0,0,0,0,0,0,0
2026-04-24,AWC,0.009615367440996447,-0.010871242887147182,0.0210330372875511,0.86,0.26474316484215,0.0,0.0,0.0,1,0.00952379267499448,0,0,0,0,0,0,0,1,0,0,0,0,0,0
2026-04-24,BANPU,0.009090943769975102,0.005574780490661757,0.014107521482723755,0.84,0.5168610876183813,0.3469387755102041,0.0,0.0,0,-0.009009043066040445,0,0,0,0,0,0,1,0,0,0,0,0,0,0
2026-04-24,BBL,-0.01552795031055898,0.0024765579736264476,0.01713997059740712,0.1,0.8021884428957072,0.4897959183673469,12.0,0.0,1,0.012618296529968376,0,0,0,0,0,0,0,0,1,0,0,0,0,0
2026-04-24,BDMS,0.0,-0.0021447956498087395,0.0029368999875617006,0.63,0.6121736045413307,0.4081632653061224,1.0,0.0,0,-0.01081085205078125,0,0,0,0,0,0,1,0,0,0,0,0,0,0
2026-04-24,BEM,0.0,-0.0037037001061669184,0.008281725205662418,0.63,0.3153698175379232,0.0204081632653061,2.0,0.0,0,0.0,0,0,0,0,0,0,0,0,0,1,0,0,0,0
2026-04-24,BH,-0.0029325513196480912,-0.009117929333516472,0.009566059213947617,0.52,0.5733025950300475,0.4693877551020408,3.0,0.0,1,0.00588235294117645,0,0,0,0,0,0,1,0,0,0,0,0,0,0
2026-04-24,BJC,-0.006756768369191479,-0.004009076286126812,0.007624903297752691,0.44,0.3859487784668349,0.1020408163265306,0.0,0.0,0,-0.013605399167577303,0,0,0,0,0,0,0,0,0,1,0,0,0,0
2026-04-24,BTS,0.0,0.004007272078499935,0.021958248453164318,0.63,0.3820598396963626,0.0816326530612244,3.0,0.0,0,-0.01886790755296608,0,0,0,0,0,0,0,0,0,1,0,0,0,0
2026-04-24,CBG,-0.006849315068493178,-0.0067300419846158645,0.00822005748917976,0.42,0.4037334379706352,0.1428571428571428,0.0,0.0,0,-0.006896551724137945,0,0,0,0,0,0,0,0,0,1,0,0,0,0
2026-04-24,CCET,-0.016949136104436047,0.019511641293306937,0.058707038481704346,0.04,0.2944691120222417,0.0408163265306122,0.0,0.0,1,0.0862068937167828,0,0,0,0,0,0,0,0,0,0,0,1,0,0
2026-04-24,CENTEL,-0.008000005492751594,-0.019618645029744353,0.01734734590582513,0.34,0.2958173008031775,0.0,0.0,0.0,1,0.008064521710734018,0,0,0,0,0,0,0,0,0,0,0,0,1,0
2026-04-24,COM7,-0.009132367994271307,0.0011938330081295856,0.02580539332655239,0.24,0.5390811125917591,0.3469387755102041,0.0,0.0,0,0.0,0,0,0,0,0,0,1,0,0,0,0,0,0,0
2026-04-24,CPALL,-0.011049650297348945,-0.011826921592065508,0.008564937782055434,0.18,0.4825031688955927,0.183673469387755,4.0,0.0,0,-0.011173197699498982,0,0,0,0,0,0,0,0,0,1,0,0,0,0
2026-04-24,CPF,-0.005181280228473306,-0.009102617988455597,0.0065785913653809164,0.48,0.7091921123853364,0.4897959183673469,1.0,0.0,0,-0.010416632070030185,0,0,0,0,0,0,1,0,0,0,0,0,0,0
2026-04-24,CPN,0.0,-0.007758204633204624,0.01459788841439038,0.63,0.2998494178860543,0.0204081632653061,1.0,0.0,0,-0.004016064257028162,0,0,0,0,0,0,0,0,0,0,0,1,0,0
2026-04-24,CRC,-0.005347613764161596,-0.0016914443373826193,0.02004166230255277,0.46,0.1885120701342117,0.1224489795918367,0.0,0.0,0,-0.005376364484882101,0,0,0,0,0,0,0,0,0,1,0,0,0,0
2026-04-24,DELTA,-0.010238907849829393,-0.007302567640214264,0.017002763626359246,0.22,0.7549857549857552,0.5102040816326531,10.0,0.0,1,0.06896551724137923,0,0,0,0,0,0,0,0,0,0,0,1,0,0
2026-04-24,EGCO,0.0,4.113533525318402e-06,0.003206854910817771,0.63,0.2641362307564376,0.0,0.0,0.0,1,0.00454545454545463,0,0,0,0,0,0,0,0,0,0,0,0,0,1
2026-04-24,GPSC,-0.006993006993006978,0.0015075054968672007,0.015291041723109357,0.4,0.3084218345695337,0.0408163265306122,0.0,0.0,0,0.0,0,0,0,0,0,0,1,0,0,0,0,0,0,0
2026-04-24,GULF,-0.004444444444444473,-0.006009629409136341,0.01760058736779007,0.5,0.824860649548974,0.5306122448979591,5.0,0.0,1,0.017857142857142794,1,0,0,0,0,0,0,0,0,0,0,0,0,0
2026-04-24,HMPRO,-0.016129017372408794,0.0006453421929235814,0.01062367667699058,0.08,0.3412017927251844,0.0816326530612244,0.0,0.0,0,-0.008196674537606752,0,0,0,0,0,0,0,0,0,1,0,0,0,0
2026-04-24,IVL,0.004201636622797711,-0.008847185768510402,0.01667350004995924,0.76,0.6190346064901138,0.4489795918367346,0.0,0.0,1,0.03347285854189752,0,0,0,0,0,0,1,0,0,0,0,0,0,0
2026-04-24,KBANK,-0.007832898172323799,0.014537997079055454,0.021919382666916884,0.36,0.8492309488143115,0.5510204081632653,19.0,0.0,1,0.002631578947368318,0,0,0,0,0,0,0,0,1,0,0,0,0,0
2026-04-24,KKP,0.003058041106745568,0.00819336136819746,0.013504488056426825,0.74,0.6442502814112808,0.4081632653061224,5.0,0.0,1,0.0030488160659760677,0,0,0,0,0,0,0,0,1,0,0,0,0,0
2026-04-24,KTB,-0.01526717557251911,0.006636887466141328,0.028564094039312055,0.12,0.750245974679521,0.3673469387755101,10.0,0.0,0,0.0,0,0,0,0,0,0,0,0,1,0,0,0,0,0
2026-04-24,KTC,-0.008474576271186418,0.00015646568805276483,0.019916054079403847,0.3,0.3257950366470686,0.0408163265306122,4.0,0.0,0,0.0,1,0,0,0,0,0,0,0,0,0,0,0,0,0
2026-04-24,LH,-0.010471221740746994,0.0011079688612003035,0.01076676363434354,0.2,0.2735033172691258,0.0,1.0,0.0,0,0.0,0,1,0,0,0,0,0,0,0,0,0,0,0,0
2026-04-24,MINT,0.0,-0.008104721559730566,0.008095346705650259,0.63,0.4943019943019943,0.2040816326530612,1.0,0.0,0,0.0,1,0,0,0,0,0,0,0,0,0,0,0,0,0
2026-04-24,MTC,-0.016393465398944262,0.0002770819903451738,0.026404569952623223,0.06,0.2887361173649064,0.0,0.0,0.0,0,-0.008333313002020226,0,0,1,0,0,0,0,0,0,0,0,0,0,0
2026-04-24,OR,-0.008333365122477177,-0.0015849260059684234,0.014861627407301887,0.32,0.6153782616814699,0.2857142857142857,0.0,0.0,1,0.02521010086989528,0,0,0,0,0,0,0,0,0,0,0,1,0,0
2026-04-24,OSP,0.0,0.0013244950591357885,0.0029616609880902273,0.63,0.338970421015203,0.0612244897959183,0.0,0.0,1,0.03289472666223103,0,0,0,0,0,0,0,0,0,1,0,0,0,0
2026-04-24,PTT,-0.0071428571428571175,4.186123830680621e-05,0.010248820767409461,0.38,0.7728921116235123,0.4285714285714285,3.0,0.0,1,0.014388489208633004,0,0,0,0,0,0,1,0,0,0,0,0,0,0
2026-04-24,PTTEP,0.013559322033898313,0.00624209658623478,0.016630947872394393,0.92,0.6813255353395934,0.4489795918367346,1.0,0.0,0,-0.0033444816053511683,0,0,0,0,0,0,1,0,0,0,0,0,0,0
2026-04-24,PTTGC,0.0,-0.0023997824717249205,0.02878160175700437,0.63,0.6382595769495901,0.4693877551020408,3.0,0.0,1,0.01379310344827589,0,0,0,0,0,0,1,0,0,0,0,0,0,0
2026-04-24,RATCH,0.008620689655172376,4.370913196161119e-05,0.010423913189116792,0.8,0.2677087625191304,0.0,0.0,0.0,0,-0.017094017094017144,0,0,0,1,0,0,0,0,0,0,0,0,0,0
2026-04-24,SAWAD,0.013043431383548798,0.00022393742791928516,0.02365196894880485,0.9,0.3498375384972611,0.0816326530612244,0.0,0.0,0,0.0,0,0,0,0,0,0,0,0,0,1,0,0,0,0
2026-04-24,SCB,-0.01520912547528519,-0.009301508210691468,0.009595209417908309,0.14,0.7988495394135452,0.4693877551020408,27.0,0.0,1,0.015444015444015413,0,0,0,0,0,0,0,0,1,0,0,0,0,0
2026-04-24,SCC,0.02336448598130847,-0.008993078429800239,0.042749296126694626,0.96,0.6673911126530135,0.4489795918367346,9.0,0.0,1,0.022831050228310446,0,0,0,0,0,0,1,0,0,0,0,0,0,0
2026-04-24,SCGP,0.03465340738378053,-0.0034648809261931925,0.028190248983435934,1.0,0.5128534376254641,0.3469387755102041,0.0,0.0,1,0.009569414669373,0,0,0,0,0,0,1,0,0,0,0,0,0,0
2026-04-24,TCAP,-0.009049773755656076,-0.001734299288550467,0.014357308626565514,0.26,0.3602260403234661,0.1020408163265306,1.0,0.0,1,0.004566210045662045,0,0,0,0,0,0,0,0,1,0,0,0,0,0
2026-04-24,TIDLOR,0.017543751871967217,0.03178591152254109,0.027021540715420327,0.94,0.2781370028253271,0.0,1.0,0.0,1,0.0057472436229608626,0,0,0,0,1,0,0,0,0,0,0,0,0,0
2026-04-24,TISCO,0.0,1.1559221082624305e-05,0.005383594995124206,0.63,0.6406867342025374,0.4081632653061224,5.0,0.0,1,0.008810615390907328,0,0,0,0,0,0,0,0,1,0,0,0,0,0
2026-04-24,TLI,0.0,-0.003755961318183587,0.005143156720149777,0.63,0.299872962494744,0.0,0.0,0.0,0,0.0,0,0,0,0,0,1,0,0,0,0,0,0,0,0
2026-04-24,TOP,0.028089887640449396,-0.0008604463522903672,0.02387355016195185,0.98,0.7386039040525615,0.5102040816326531,1.0,0.0,0,0.0,0,0,0,0,0,0,1,0,0,0,0,0,0,0
2026-04-24,TRUE,-0.021739196208205636,-0.008603443105621288,0.011781857069506362,0.02,0.7259234069997916,0.5510204081632653,4.0,0.0,0,0.0,1,0,0,0,0,0,0,0,0,0,0,0,0,0
2026-04-24,TTB,0.009009059897843397,0.0018808404151116954,0.014611133406118477,0.82,0.389142793520201,0.2448979591836734,9.0,0.0,1,0.003683193544169905,0,0,0,0,0,0,0,0,1,0,0,0,0,0
2026-04-24,TU,-0.008849591131132817,-0.0035090385641363573,0.00784628369128051,0.28,0.2779194133981291,0.0,0.0,0.0,0,0.0,0,0,0,0,0,0,0,0,0,0,1,0,0,0
2026-04-24,WHA,0.004587182874035811,-0.0008076069447431778,0.016082860858400626,0.78,0.2667685974671863,0.0204081632653061,0.0,0.0,1,0.009132473422390985,1,0,0,0,0,0,0,0,0,0,0,0,0,0
2026-04-27,ADVANC,-0.002865329512893977,-0.0028192345487056516,0.008643273791853548,0.3,0.8340338761433772,0.5306122448979591,1.0,0.0,1,0.002873563218390718,1,0,0,0,0,0,0,0,0,0,0,0,0,0
2026-04-27,AOT,-0.00917431192660545,-0.0018058793010924834,0.009441616743789643,0.14,0.5714144407022494,0.3877551020408163,1.0,0.0,0,-0.02777777777777779,0,0,0,0,0,0,1,0,0,0,0,0,0,0
2026-04-27,AWC,0.00952379267499448,-0.008966484352148285,0.022633976995020552,0.76,0.26474316484215,0.0,0.0,0.0,0,-0.02830183719521495,0,0,0,0,0,0,0,1,0,0,0,0,0,0
2026-04-27,BANPU,-0.009009043066040445,0.007476671983620587,0.010126751853868658,0.16,0.5168610876183813,0.3469387755102041,0.0,0.0,0,0.0,0,0,0,0,0,0,1,0,0,0,0,0,0,0
2026-04-27,BBL,0.012618296529968376,0.005000217279620123,0.01760675728523526,0.8,0.8021884428957072,0.4897959183673469,11.0,0.0,1,0.012461059190031154,0,0,0,0,0,0,0,0,1,0,0,0,0,0
2026-04-27,BDMS,-0.01081085205078125,-0.0032374433071326704,0.004831527225000707,0.1,0.6121736045413307,0.4081632653061224,1.0,0.0,0,-0.005464397720770453,0,0,0,0,0,0,1,0,0,0,0,0,0,0
2026-04-27,BEM,0.0,-0.0037037001061669184,0.008281725205662418,0.43,0.3153698175379232,0.0204081632653061,2.0,0.0,0,0.0,0,0,0,0,0,0,0,0,0,1,0,0,0,0
2026-04-27,BH,0.00588235294117645,-0.004570672228427242,0.010341819734274137,0.68,0.5733025950300475,0.4693877551020408,2.0,0.0,0,-0.005847953216374324,0,0,0,0,0,0,1,0,0,0,0,0,0,0
2026-04-27,BJC,-0.013605399167577303,-0.006730156119642272,0.008239416606707704,0.06,0.3859487784668349,0.1020408163265306,0.0,0.0,0,-0.013793126713505965,0,0,0,0,0,0,0,0,0,1,0,0,0,0
2026-04-27,BTS,-0.01886790755296608,0.002156765727532539,0.023713045669788664,0.02,0.3820598396963626,0.0816326530612244,3.0,0.0,1,0.009615375798129211,0,0,0,0,0,0,0,0,0,1,0,0,0,0
2026-04-27,CBG,-0.006896551724137945,-0.008109352329443454,0.007339944750194011,0.22,0.4037334379706352,0.1428571428571428,0.0,0.0,0,-0.01388888888888884,0,0,0,0,0,0,0,0,0,1,0,0,0,0
2026-04-27,CCET,0.0862068937167828,0.0405266192016047,0.06031827902315112,1.0,0.2944691120222417,0.0408163265306122,0.0,0.0,0,-0.0317460761979701,0,0,0,0,0,0,0,0,0,0,0,1,0,0
2026-04-27,CENTEL,0.008064521710734018,-0.012166320971076084,0.020004042834169403,0.7,0.2958173008031775,0.0,0.0,0.0,0,-0.008000005492751594,0,0,0,0,0,0,0,0,0,0,0,0,1,0
2026-04-27,COM7,0.0,-0.00158393765633682,0.024826170395893396,0.43,0.5390811125917591,0.3469387755102041,0.0,0.0,0,-0.0046083123481043264,0,0,0,0,0,0,1,0,0,0,0,0,0,0
2026-04-27,CPALL,-0.011173197699498982,-0.008798404991572029,0.003085181901677537,0.08,0.4825031688955927,0.183673469387755,3.0,0.0,0,0.0,0,0,0,0,0,0,0,0,0,1,0,0,0,0
2026-04-27,CPF,-0.010416632070030185,-0.009195901251756422,0.006596896232506257,0.12,0.7091921123853364,0.4897959183673469,1.0,0.0,0,-0.005263191082415131,0,0,0,0,0,0,1,0,0,0,0,0,0,0
2026-04-27,CPN,-0.004016064257028162,-0.006244815168007944,0.014494103220455282,0.26,0.2998494178860543,0.0204081632653061,1.0,0.0,0,-0.008064516129032251,0,0,0,0,0,0,0,0,0,0,0,1,0,0
2026-04-27,CRC,-0.005376364484882101,0.0002483611037481737,0.018856744651400734,0.24,0.1885120701342117,0.1224489795918367,0.0,0.0,0,-0.021621601001636348,0,0,0,0,0,0,0,0,0,1,0,0,0,0
2026-04-27,DELTA,0.06896551724137923,0.0025038248446064503,0.037916235377771224,0.98,0.7549857549857552,0.5102040816326531,14.0,0.0,0,0.0,0,0,0,0,0,0,0,0,0,0,0,1,0,0
2026-04-27,EGCO,0.00454545454545463,4.113533525318402e-06,0.003206854910817771,0.62,0.2641362307564376,0.0,0.0,0.0,0,-0.004524886877828038,0,0,0,0,0,0,0,0,0,0,0,0,0,1
2026-04-27,GPSC,0.0,-0.0027478136520689535,0.01067919433070513,0.43,0.3084218345695337,0.0408163265306122,0.0,0.0,0,-0.028169014084507005,0,0,0,0,0,0,1,0,0,0,0,0,0,0
2026-04-27,GULF,0.017857142857142794,-0.0041698025693095,0.019853721947683898,0.88,0.824860649548974,0.5306122448979591,4.0,0.0,1,0.004385964912280604,1,0,0,0,0,0,0,0,0,0,0,0,0,0
2026-04-27,HMPRO,-0.008196674537606752,-0.000993992714597769,0.011355370130150484,0.2,0.3412017927251844,0.0816326530612244,0.0,0.0,0,0.0,0,0,0,0,0,0,0,0,0,1,0,0,0,0
2026-04-27,IVL,0.03347285854189752,0.0034474043845492907,0.021097333986018846,0.96,0.6190346064901138,0.4489795918367346,0.0,0.0,1,0.03238863733643926,0,0,0,0,0,0,1,0,0,0,0,0,0,0
2026-04-27,KBANK,0.002631578947368318,0.016122516481958216,0.02035839377481909,0.56,0.8492309488143115,0.5510204081632653,18.0,0.0,1,0.018372703412073532,0,0,0,0,0,0,0,0,1,0,0,0,0,0
2026-04-27,KKP,0.0030488160659760677,0.004358669245076885,0.011018352346944423,0.58,0.6442502814112808,0.4081632653061224,5.0,0.0,0,-0.0030395490400294545,0,0,0,0,0,0,0,0,1,0,0,0,0,0
2026-04-27,KTB,0.0,0.008236887466141329,0.027751755231374048,0.43,0.750245974679521,0.3673469387755101,10.0,0.0,1,0.007751937984496138,0,0,0,0,0,0,0,0,1,0,0,0,0,0
2026-04-27,KTC,0.0,-0.006681141149554093,0.006976914271171695,0.43,0.3257950366470686,0.0408163265306122,3.0,0.0,1,0.008547008547008517,1,0,0,0,0,0,0,0,0,0,0,0,0,0
2026-04-27,LH,0.0,-0.0010196810973679415,0.009373628769874872,0.43,0.2735033172691258,0.0,2.0,0.0,0,-0.005290949100806408,0,1,0,0,0,0,0,0,0,0,0,0,0,0
2026-04-27,MINT,0.0,-0.006326932871125468,0.008823369504200079,0.43,0.4943019943019943,0.2040816326530612,1.0,0.0,0,-0.05092596761256385,1,0,0,0,0,0,0,0,0,0,0,0,0,0
2026-04-27,MTC,-0.008333313002020226,-0.008056256693333718,0.018861353515464214,0.18,0.2887361173649064,0.0,0.0,0.0,0,-0.015614361804753285,0,0,1,0,0,0,0,0,0,0,0,0,0,0
2026-04-27,OR,0.02521010086989528,-0.0015429090109037702,0.014955579051458043,0.92,0.6153782616814699,0.2857142857142857,1.0,0.0,0,-0.02459017995287438,0,0,0,0,0,0,0,0,0,0,0,1,0,0
2026-04-27,OSP,0.03289472666223103,0.007903440391581995,0.01426182291213436,0.94,0.338970421015203,0.0612244897959183,0.0,0.0,0,-0.03821651160783124,0,0,0,0,0,0,0,0,0,1,0,0,0,0
2026-04-27,PTT,0.014388489208633004,0.0043584080008967074,0.010959641133211273,0.84,0.7728921116235123,0.4285714285714285,4.0,0.0,0,0.0,0,0,0,0,0,0,1,0,0,0,0,0,0,0
2026-04-27,PTTEP,-0.0033444816053511683,0.009711131299647313,0.01015832082527436,0.28,0.6813255353395934,0.4489795918367346,0.0,0.0,1,0.01342281879194629,0,0,0,0,0,0,1,0,0,0,0,0,0,0
2026-04-27,PTTGC,0.01379310344827589,0.009882647741739792,0.013934306163264073,0.82,0.6382595769495901,0.4693877551020408,3.0,0.0,1,0.020408163265306145,0,0,0,0,0,0,1,0,0,0,0,0,0,0
2026-04-27,RATCH,-0.017094017094017144,-0.005084495996243521,0.011451364381230823,0.04,0.2677087625191304,0.0,0.0,0.0,0,0.0,0,0,0,1,0,0,0,0,0,0,0,0,0,0
2026-04-27,SAWAD,0.0,-0.0057846471195294406,0.0170881930173705,0.43,0.3498375384972611,0.0816326530612244,0.0,0.0,0,-0.012875490802733869,0,0,0,0,0,0,0,0,0,1,0,0,0,0
2026-04-27,SCB,0.015444015444015413,-0.00662531752503972,0.014279790585631898,0.86,0.7988495394135452,0.4693877551020408,27.0,0.0,0,-0.0076045627376425395,0,0,0,0,0,0,0,0,1,0,0,0,0,0
2026-04-27,SCC,0.022831050228310446,-0.00355730316674685,0.04514827740146484,0.9,0.6673911126530135,0.4489795918367346,9.0,0.0,1,0.008928571428571397,0,0,0,0,0,0,1,0,0,0,0,0,0,0
2026-04-27,SCGP,0.009569414669373,-0.002489968743976956,0.02862394047702326,0.78,0.5128534376254641,0.3469387755102041,0.0,0.0,1,0.15165871079325188,0,0,0,0,0,0,1,0,0,0,0,0,0,0
2026-04-27,TCAP,0.004566210045662045,-0.0026310120305492735,0.013637347265260313,0.64,0.3602260403234661,0.1020408163265306,1.0,0.0,1,0.00454545454545463,0,0,0,0,0,0,0,0,1,0,0,0,0,0
2026-04-27,TIDLOR,0.0057472436229608626,0.026223947280000194,0.029329390810627128,0.66,0.2781370028253271,0.0,1.0,0.0,0,-0.040000131383779225,0,0,0,0,1,0,0,0,0,0,0,0,0,0
2026-04-27,TISCO,0.008810615390907328,0.00177368229926409,0.006667650400196181,0.72,0.6406867342025374,0.4081632653061224,4.0,0.0,1,0.004366798137971806,0,0,0,0,0,0,0,0,1,0,0,0,0,0
2026-04-27,TLI,0.0,-0.003755961318183587,0.005143156720149777,0.43,0.299872962494744,0.0,0.0,0.0,0,-0.009523835212007614,0,0,0,0,0,1,0,0,0,0,0,0,0,0
2026-04-27,TOP,0.0,0.005661292778144422,0.0162781234885299,0.43,0.7386039040525615,0.5102040816326531,1.0,0.0,1,0.010928961748633892,0,0,0,0,0,0,1,0,0,0,0,0,0,0
2026-04-27,TRUE,0.0,-0.010021873346863663,0.009654745656266232,0.43,0.7259234069997916,0.5510204081632653,4.0,0.0,1,0.014814860634262628,1,0,0,0,0,0,0,0,0,0,0,0,0,0
2026-04-27,TTB,0.003683193544169905,-0.000986122683581403,0.011786472715037438,0.6,0.389142793520201,0.2448979591836734,9.0,0.0,1,0.018348605792718242,0,0,0,0,0,0,0,0,1,0,0,0,0,0
2026-04-27,TU,0.0,-0.005263431280205922,0.004805141517609015,0.43,0.2779194133981291,0.0,0.0,0.0,0,-0.017857126131349377,0,0,0,0,0,0,0,0,0,0,1,0,0,0
2026-04-27,WHA,0.009132473422390985,0.0010188877397350193,0.016704087883871815,0.74,0.2667685974671863,0.0204081632653061,0.0,0.0,0,-0.009049826125819727,1,0,0,0,0,0,0,0,0,0,0,0,0,0
2026-04-28,ADVANC,0.002873563218390718,-0.0011113774291068301,0.008782743038261969,0.68,0.8340338761433772,0.5306122448979591,1.0,0.0,0,-0.002865329512893977,1,0,0,0,0,0,0,0,0,0,0,0,0,0
2026-04-28,AOT,-0.02777777777777779,-0.008278866049308609,0.013970928121683383,0.14,0.5714144407022494,0.3877551020408163,1.0,0.0,0,-0.02857142857142858,0,0,0,0,0,0,1,0,0,0,0,0,0,0
2026-04-28,AWC,-0.02830183719521495,-0.012825053406740606,0.024231172822273588,0.1,0.26474316484215,0.0,0.0,0.0,1,0.019417440709175393,0,0,0,0,0,0,0,1,0,0,0,0,0,0
2026-04-28,BANPU,0.0,0.003703090812533749,0.008141640697576369,0.6,0.5168610876183813,0.3469387755102041,0.0,0.0,1,0.045454545454545414,0,0,0,0,0,0,1,0,0,0,0,0,0,0
2026-04-28,BBL,0.012461059190031154,0.0038450080853690725,0.016686581646735435,0.86,0.8021884428957072,0.4897959183673469,11.0,0.0,1,0.006153846153846176,0,0,0,0,0,0,0,0,1,0,0,0,0,0
2026-04-28,BDMS,-0.005464397720770453,-0.004330322851286761,0.004524405474950896,0.42,0.6121736045413307,0.4081632653061224,1.0,0.0,1,0.010988947648731706,0,0,0,0,0,0,1,0,0,0,0,0,0,0
2026-04-28,BEM,0.0,-0.0037037001061669184,0.008281725205662418,0.6,0.3153698175379232,0.0204081632653061,2.0,0.0,0,-0.009433997912352998,0,0,0,0,0,0,0,0,0,1,0,0,0,0
2026-04-28,BH,-0.005847953216374324,-0.004025977157416394,0.010148335743720201,0.4,0.5733025950300475,0.4693877551020408,2.0,0.0,1,0.04705882352941182,0,0,0,0,0,0,1,0,0,0,0,0,0,0
2026-04-28,BJC,-0.013793126713505965,-0.008155445868043353,0.008821510838223355,0.26,0.3859487784668349,0.1020408163265306,0.0,0.0,1,0.01865137996472499,0,0,0,0,0,0,0,0,0,1,0,0,0,0
2026-04-28,BTS,0.009615375798129211,0.0021380951122019097,0.02370564866017346,0.82,0.3820598396963626,0.0816326530612244,3.0,0.0,0,0.0,0,0,0,0,0,0,0,0,0,1,0,0,0,0
2026-04-28,CBG,-0.01388888888888884,-0.009553796773887879,0.007687469640566961,0.24,0.4037334379706352,0.1428571428571428,0.0,0.0,1,0.028169014084507005,0,0,0,0,0,0,0,0,0,1,0,0,0,0
2026-04-28,CCET,-0.0317460761979701,0.024562018993935862,0.06790650230903193,0.08,0.2944691120222417,0.0408163265306122,0.0,0.0,1,0.00819675270763387,0,0,0,0,0,0,0,0,0,0,0,1,0,0
2026-04-28,CENTEL,-0.008000005492751594,-0.012262549968124547,0.019977236512154786,0.36,0.2958173008031775,0.0,0.0,0.0,1,0.008064521710734018,0,0,0,0,0,0,0,0,0,0,0,0,1,0
2026-04-28,COM7,-0.0046083123481043264,-0.006158564742375483,0.02222550573466817,0.48,0.5390811125917591,0.3469387755102041,0.0,0.0,1,0.04166664827017175,0,0,0,0,0,0,1,0,0,0,0,0,0,0
2026-04-28,CPALL,0.0,-0.007717331127263161,0.004953004777479406,0.6,0.4825031688955927,0.183673469387755,3.0,0.0,1,0.02824857695770855,0,0,0,0,0,0,0,0,0,1,0,0,0,0
2026-04-28,CPF,-0.005263191082415131,-0.010248539468239448,0.0049859184956185165,0.46,0.7091921123853364,0.4897959183673469,1.0,0.0,1,0.04761904275036688,0,0,0,0,0,0,1,0,0,0,0,0,0,0
2026-04-28,CPN,-0.008064516129032251,-0.010201468393814394,0.010519769804476595,0.34,0.2998494178860543,0.0204081632653061,1.0,0.0,1,0.012195121951219523,0,0,0,0,0,0,0,0,0,0,0,1,0,0
2026-04-28,CRC,-0.021621601001636348,-0.01067412694841865,0.007616247696122194,0.18,0.1885120701342117,0.1224489795918367,1.0,0.0,1,0.011049660297000496,0,0,0,0,0,0,0,0,0,1,0,0,0,0
2026-04-28,DELTA,0.0,0.003806756440697656,0.03763977807305809,0.6,0.7549857549857552,0.5102040816326531,14.0,0.0,1,0.006451612903225712,0,0,0,0,0,0,0,0,0,0,0,1,0,0
2026-04-28,EGCO,-0.004524886877828038,-0.0009008638420402893,0.003793170877695762,0.5,0.2641362307564376,0.0,0.0,0.0,1,0.022727272727272707,0,0,0,0,0,0,0,0,0,0,0,0,0,1
2026-04-28,GPSC,-0.028169014084507005,-0.0069927275800814705,0.015769511853172245,0.12,0.3084218345695337,0.0408163265306122,0.0,0.0,1,0.01449275362318847,0,0,0,0,0,0,1,0,0,0,0,0,0,0
2026-04-28,GULF,0.004385964912280604,-0.005009347784278262,0.019259455334776018,0.72,0.824860649548974,0.5306122448979591,4.0,0.0,1,0.008733624454148492,1,0,0,0,0,0,0,0,0,0,0,0,0,0
2026-04-28,HMPRO,0.0,-0.002581282727853673,0.010300673382042744,0.6,0.3412017927251844,0.0816326530612244,2.0,0.0,1,0.008264415259734426,0,0,0,0,0,0,0,0,0,1,0,0,0,0
2026-04-28,IVL,0.03238863733643926,0.013217310432331274,0.020882943687763854,0.98,0.6190346064901138,0.4489795918367346,0.0,0.0,0,0.0,0,0,0,0,0,0,1,0,0,0,0,0,0,0
2026-04-28,KBANK,0.018372703412073532,0.011274329891645628,0.014522535341022156,0.94,0.8492309488143115,0.5510204081632653,17.0,0.0,1,0.005154639175257714,0,0,0,0,0,0,0,0,1,0,0,0,0,0
2026-04-28,KKP,-0.0030395490400294545,0.0031296542057942522,0.011524183595000239,0.52,0.6442502814112808,0.4081632653061224,5.0,0.0,1,0.041131166657072615,0,0,0,0,0,0,0,0,1,0,0,0,0,0
2026-04-28,KTB,0.007751937984496138,-0.0015030475176045944,0.008394692270665905,0.76,0.750245974679521,0.3673469387755101,10.0,0.0,1,0.01538461538461533,0,0,0,0,0,0,0,0,1,0,0,0,0,0
2026-04-28,KTC,0.008547008547008517,-0.0049717394401523896,0.009583292180785848,0.78,0.3257950366470686,0.0408163265306122,4.0,0.0,0,0.0,1,0,0,0,0,0,0,0,0,0,0,0,0,0
2026-04-28,LH,-0.005290949100806408,-0.004183137622926436,0.006825607225141423,0.44,0.2735033172691258,0.0,2.0,0.0,1,0.010989000192372256,0,1,0,0,0,0,0,0,0,0,0,0,0,0
2026-04-28,MINT,-0.05092596761256385,-0.01382156165954489,0.02218589458661436,0.02,0.4943019943019943,0.2040816326530612,4.0,0.0,1,0.009756157725435477,1,0,0,0,0,0,0,0,0,0,0,0,0,0
2026-04-28,MTC,-0.015614361804753285,-0.01601783913256205,0.005548503107406246,0.22,0.2887361173649064,0.0,0.0,0.0,1,0.0431034482758621,0,0,1,0,0,0,0,0,0,0,0,0,0,0
2026-04-28,OR,-0.02459017995287438,-0.004834922563770827,0.018222760939725177,0.16,0.6153782616814699,0.2857142857142857,2.0,0.0,1,0.02521010086989528,0,0,0,0,0,0,0,0,0,0,0,1,0,0
2026-04-28,OSP,-0.03821651160783124,-0.001064356989120041,0.02518382676765462,0.06,0.338970421015203,0.0612244897959183,0.0,0.0,0,0.0,0,0,0,0,0,0,0,0,0,1,0,0,0,0
2026-04-28,PTT,0.0,0.005807683363215554,0.009411132097867446,0.6,0.7728921116235123,0.4285714285714285,4.0,0.0,0,0.0,0,0,0,0,0,0,1,0,0,0,0,0,0,0
2026-04-28,PTTEP,0.01342281879194629,0.01098724435381122,0.01013998669581944,0.88,0.6813255353395934,0.4489795918367346,0.0,0.0,1,0.0033112582781456013,0,0,0,0,0,0,1,0,0,0,0,0,0,0
2026-04-28,PTTGC,0.020408163265306145,0.015392851823372444,0.010556591168098652,0.96,0.6382595769495901,0.4693877551020408,4.0,0.0,1,0.006666666666666599,0,0,0,0,0,0,1,0,0,0,0,0,0,0
2026-04-28,RATCH,0.0,-0.005084495996243521,0.011451364381230823,0.6,0.2677087625191304,0.0,0.0,0.0,1,0.026086956521739202,0,0,0,1,0,0,0,0,0,0,0,0,0,0
2026-04-28,SAWAD,-0.012875490802733869,-0.00919308103509937,0.016287951303722993,0.28,0.3498375384972611,0.0816326530612244,0.0,0.0,1,0.034782539844587346,0,0,0,0,0,0,0,0,0,1,0,0,0,0
2026-04-28,SCB,-0.0076045627376425395,-0.006675641837274116,0.01428343882792481,0.38,0.7988495394135452,0.4693877551020408,26.0,0.0,1,0.00766283524904221,0,0,0,0,0,0,0,0,1,0,0,0,0,0
2026-04-28,SCC,0.008928571428571397,-0.0008982264356177216,0.045478995490939506,0.8,0.6673911126530135,0.4489795918367346,9.0,0.0,1,0.008849557522123908,0,0,0,0,0,0,1,0,0,0,0,0,0,0
2026-04-28,SCGP,0.15165871079325188,0.030645504652133605,0.07317176138496385,1.0,0.5128534376254641,0.3469387755102041,1.0,0.0,1,0.02469137449826131,0,0,0,0,0,0,1,0,0,0,0,0,0,0
2026-04-28,TCAP,0.00454545454545463,-0.005309365067646699,0.00917184007572444,0.74,0.3602260403234661,0.1020408163265306,1.0,0.0,1,0.02714932126696823,0,0,0,0,0,0,0,0,1,0,0,0,0,0
2026-04-28,TIDLOR,-0.040000131383779225,0.0026394973955546686,0.02435492257546284,0.04,0.2781370028253271,0.0,1.0,0.0,1,0.02976192231862207,0,0,0,0,1,0,0,0,0,0,0,0,0,0
2026-04-28,TISCO,0.004366798137971806,0.0008849188486769854,0.005724652118210783,0.7,0.6406867342025374,0.4081632653061224,4.0,0.0,1,0.020594965675057253,0,0,0,0,0,0,0,0,1,0,0,0,0,0
2026-04-28,TLI,-0.009523835212007614,-0.00566072836058511,0.0051678980396858976,0.3,0.299872962494744,0.0,0.0,0.0,1,0.01923091885692685,0,0,0,0,0,1,0,0,0,0,0,0,0,0
2026-04-28,TOP,0.010928961748633892,0.006723489622253243,0.016446993393360015,0.84,0.7386039040525615,0.5102040816326531,2.0,0.0,1,0.05945945945945952,0,0,0,0,0,0,1,0,0,0,0,0,0,0
2026-04-28,TRUE,0.014814860634262628,-0.004242004819690259,0.014196659990640207,0.9,0.7259234069997916,0.5510204081632653,4.0,0.0,0,-0.007299292318700967,1,0,0,0,0,0,0,0,0,0,0,0,0,0
2026-04-28,TTB,0.018348605792718242,0.0009136987168413491,0.014271732769276237,0.92,0.389142793520201,0.2448979591836734,11.0,0.0,1,0.036036001204980295,0,0,0,0,0,0,0,0,1,0,0,0,0,0
2026-04-28,TU,-0.017857126131349377,-0.008834856506475797,0.006314261446223983,0.2,0.2779194133981291,0.0,0.0,0.0,1,0.045454545454545414,0,0,0,0,0,0,0,0,0,0,1,0,0,0
2026-04-28,WHA,-0.009049826125819727,-0.005336536096063438,0.011664832672601953,0.32,0.2667685974671863,0.0204081632653061,0.0,0.0,1,0.027397307964253548,1,0,0,0,0,0,0,0,0,0,0,0,0,0
2026-04-29,ADVANC,-0.002865329512893977,-0.0005448421920844826,0.008499715866806598,0.08,0.8340338761433772,0.5306122448979591,1.0,0.0,0,-0.02298850574712641,1,0,0,0,0,0,0,0,0,0,0,0,0,0
2026-04-29,AOT,-0.02857142857142858,-0.013993151763594325,0.01549782641900372,0.02,0.5714144407022494,0.3877551020408163,1.0,0.0,1,0.004901960784313708,0,0,0,0,0,0,1,0,0,0,0,0,0,0
2026-04-29,AWC,0.019417440709175393,-0.00712338692649086,0.028335880104626773,0.6,0.26474316484215,0.0,1.0,0.0,0,0.0,0,0,0,0,0,0,0,1,0,0,0,0,0,0
2026-04-29,BANPU,0.045454545454545414,0.010942158680676984,0.020708924902553945,0.93,0.5168610876183813,0.3469387755102041,0.0,0.0,1,0.026086973107379396,0,0,0,0,0,0,1,0,0,0,0,0,0,0
2026-04-29,BBL,0.006153846153846176,0.0006870625825959875,0.01361687910562056,0.24,0.8021884428957072,0.4897959183673469,9.0,0.0,0,-0.006116207951070374,0,0,0,0,0,0,0,0,1,0,0,0,0,0
2026-04-29,BDMS,0.010988947648731706,-0.0021325333215404195,0.008271304887653898,0.44,0.6121736045413307,0.4081632653061224,1.0,0.0,0,-0.005434803453420622,0,0,0,0,0,0,1,0,0,0,0,0,0,0
2026-04-29,BEM,-0.009433997912352998,-0.005590499688637518,0.008301607444909704,0.04,0.3153698175379232,0.0204081632653061,2.0,0.0,1,0.009523845854259694,0,0,0,0,0,0,0,0,0,1,0,0,0,0
2026-04-29,BH,0.04705882352941182,0.009420369681030816,0.021545690152295436,0.96,0.5733025950300475,0.4693877551020408,2.0,0.0,1,0.014044943820224809,0,0,0,0,0,0,1,0,0,0,0,0,0,0
2026-04-29,BJC,0.01865137996472499,-0.005767454045710196,0.01396733577210833,0.56,0.3859487784668349,0.1020408163265306,0.0,0.0,0,-0.007042213319620072,0,0,0,0,0,0,0,0,0,1,0,0,0,0
2026-04-29,BTS,0.0,-0.0055542284511656435,0.012620866190710336,0.14,0.3820598396963626,0.0816326530612244,3.0,0.0,0,-0.00952380087370197,0,0,0,0,0,0,0,0,0,1,0,0,0,0
2026-04-29,CBG,0.028169014084507005,-0.003919993956986478,0.018771158150613726,0.76,0.4037334379706352,0.1428571428571428,0.0,0.0,0,-0.006849315068493178,0,0,0,0,0,0,0,0,0,1,0,0,0,0
2026-04-29,CCET,0.00819675270763387,0.004183006142138801,0.04827299192791772,0.34,0.2944691120222417,0.0408163265306122,0.0,0.0,0,-0.008130112188539096,0,0,0,0,0,0,0,0,0,0,0,1,0,0
2026-04-29,CENTEL,0.008064521710734018,-0.00913450485766396,0.022015107880773287,0.32,0.2958173008031775,0.0,0.0,0.0,0,-0.008000005492751594,0,0,0,0,0,0,0,0,0,0,0,0,1,0
2026-04-29,COM7,0.04166664827017175,-0.0023095401744959833,0.029035525289791635,0.88,0.5390811125917591,0.3469387755102041,0.0,0.0,1,0.013333299424913125,0,0,0,0,0,0,1,0,0,0,0,0,0,0
2026-04-29,CPALL,0.02824857695770855,-0.0009806492996823567,0.01702609290182216,0.78,0.4825031688955927,0.183673469387755,3.0,0.0,0,-0.007981807766236027,0,0,0,0,0,0,0,0,0,1,0,0,0,0
2026-04-29,CPF,0.04761904275036688,0.0022903440683485375,0.0256840332818204,0.98,0.7091921123853364,0.4897959183673469,1.0,0.0,0,-0.025252587851286812,0,0,0,0,0,0,1,0,0,0,0,0,0,0
2026-04-29,CPN,0.012195121951219523,-0.005445841686968178,0.014398618836385095,0.5,0.2998494178860543,0.0204081632653061,0.0,0.0,0,-0.004016064257028162,0,0,0,0,0,0,0,0,0,0,0,1,0,0
2026-04-29,CRC,0.011049660297000496,-0.007417070496636402,0.012463270317418989,0.48,0.1885120701342117,0.1224489795918367,1.0,0.0,0,0.0,0,0,0,0,0,0,0,0,0,1,0,0,0,0
2026-04-29,DELTA,0.006451612903225712,0.007720029841014919,0.03643864973078731,0.26,0.7549857549857552,0.5102040816326531,13.0,0.0,1,0.012820512820512775,0,0,0,0,0,0,0,0,0,0,0,1,0,0
2026-04-29,EGCO,0.022727272727272707,0.0036445907034142523,0.011310659553954409,0.64,0.2641362307564376,0.0,0.0,0.0,0,0.0,0,0,0,0,0,0,0,0,0,0,0,0,0,1
2026-04-29,GPSC,0.01449275362318847,-0.001296974058240985,0.01764385036792022,0.52,0.3084218345695337,0.0408163265306122,0.0,0.0,0,-0.0071428571428571175,0,0,0,0,0,0,1,0,0,0,0,0,0,0
2026-04-29,GULF,0.008733624454148492,-0.001560495233874093,0.020005273119120166,0.38,0.824860649548974,0.5306122448979591,2.0,0.0,0,-0.0043290043290042934,1,0,0,0,0,0,0,0,0,0,0,0,0,0
2026-04-29,HMPRO,0.008264415259734426,-0.003212255330056224,0.009274134904842522,0.36,0.3412017927251844,0.0816326530612244,2.0,0.0,0,-0.008196674537606752,0,0,0,0,0,0,0,0,0,1,0,0,0,0
2026-04-29,IVL,0.0,0.010706844018450679,0.021720567666560896,0.14,0.6190346064901138,0.4489795918367346,0.0,0.0,1,0.00980397064907268,0,0,0,0,0,0,1,0,0,0,0,0,0,0
2026-04-29,KBANK,0.005154639175257714,0.006310707317977804,0.010102574042632534,0.22,0.8492309488143115,0.5510204081632653,16.0,0.0,0,-0.00512820512820511,0,0,0,0,0,0,0,0,1,0,0,0,0,0
2026-04-29,KKP,0.041131166657072615,0.007021511544809678,0.019721785384312834,0.86,0.6442502814112808,0.4081632653061224,5.0,0.0,0,-0.024691358024691357,0,0,0,0,0,0,0,0,1,0,0,0,0,0
2026-04-29,KTB,0.01538461538461533,0.0015738755593184717,0.011374095146747287,0.54,0.750245974679521,0.3673469387755101,10.0,0.0,0,0.0,0,0,0,0,0,0,0,0,1,0,0,0,0,0
2026-04-29,KTC,0.0,-0.003318846878168924,0.009586107823993453,0.14,0.3257950366470686,0.0408163265306122,5.0,0.0,0,-0.008474576271186418,1,0,0,0,0,0,0,0,0,0,0,0,0,0
2026-04-29,LH,0.010989000192372256,9.799922286237716e-05,0.008456530871183286,0.46,0.2735033172691258,0.0,2.0,0.0,0,-0.021739174096029212,0,1,0,0,0,0,0,0,0,0,0,0,0,0
2026-04-29,MINT,0.009756157725435477,-0.011870330114457794,0.02405562531097986,0.42,0.4943019943019943,0.2040816326530612,4.0,0.0,0,0.0,1,0,0,0,0,0,0,0,0,0,0,0,0,0
2026-04-29,MTC,0.0431034482758621,-0.004247538879058976,0.027044858785502928,0.9,0.2887361173649064,0.0,0.0,0.0,0,-0.024793388429752095,0,0,1,0,0,0,0,0,0,0,0,0,0,0
2026-04-29,OR,0.02521010086989528,0.0018464325177295793,0.02234096905483284,0.68,0.6153782616814699,0.2857142857142857,3.0,0.0,1,0.00819675270763387,0,0,0,0,0,0,0,0,0,0,0,1,0,0
2026-04-29,OSP,0.0,-0.001064356989120041,0.02518382676765462,0.14,0.338970421015203,0.0612244897959183,0.0,0.0,0,-0.01324508039036798,0,0,0,0,0,0,0,0,0,1,0,0,0,0
2026-04-29,PTT,0.0,0.002887975334018478,0.008186943532959274,0.14,0.7728921116235123,0.4285714285714285,5.0,0.0,0,0.0,0,0,0,0,0,0,1,0,0,0,0,0,0,0
2026-04-29,PTTEP,0.0033112582781456013,0.010250894610838923,0.01062465406713406,0.2,0.6813255353395934,0.4489795918367346,0.0,0.0,1,0.01650165016501659,0,0,0,0,0,0,1,0,0,0,0,0,0,0
2026-04-29,PTTGC,0.006666666666666599,0.010970789473252519,0.007826313850202911,0.28,0.6382595769495901,0.4693877551020408,7.0,0.0,1,0.04635761589403975,0,0,0,0,0,0,1,0,0,0,0,0,0,0
2026-04-29,RATCH,0.026086956521739202,0.00013289530810431938,0.01826360094011105,0.7,0.2677087625191304,0.0,0.0,0.0,0,-0.016949152542372836,0,0,0,1,0,0,0,0,0,0,0,0,0,0
2026-04-29,SAWAD,0.034782539844587346,0.0010829225374362262,0.024557271431534248,0.82,0.3498375384972611,0.0816326530612244,0.0,0.0,0,-0.021008383524043106,0,0,0,0,0,0,0,0,0,1,0,0,0,0
2026-04-29,SCB,0.00766283524904221,-0.004402334046724942,0.01570816958095747,0.3,0.7988495394135452,0.4693877551020408,24.0,0.0,0,-0.0038022813688213253,0,0,0,0,0,0,0,0,1,0,0,0,0,0
2026-04-29,SCC,0.008849557522123908,-0.0035142798434736333,0.04419569217146626,0.4,0.6673911126530135,0.4489795918367346,12.0,0.0,1,0.05263157894736836,0,0,0,0,0,0,1,0,0,0,0,0,0,0
2026-04-29,SCGP,0.02469137449826131,0.03558377955178586,0.07139817674894608,0.66,0.5128534376254641,0.3469387755102041,1.0,0.0,1,0.004016079638624159,0,0,0,0,0,0,1,0,0,0,0,0,0,0
2026-04-29,TCAP,0.02714932126696823,0.0027636709919143464,0.015824622564083072,0.72,0.3602260403234661,0.1020408163265306,1.0,0.0,0,-0.013215859030836996,0,0,0,0,0,0,0,0,1,0,0,0,0,0
2026-04-29,TIDLOR,0.02976192231862207,0.004977422301651347,0.026658836040066098,0.8,0.2781370028253271,0.0,1.0,0.0,0,-0.017340935825075343,0,0,0,0,1,0,0,0,0,0,0,0,0,0
2026-04-29,TISCO,0.020594965675057253,0.005877285639128216,0.009583483376736332,0.62,0.6406867342025374,0.4081632653061224,5.0,0.0,0,-0.017937219730941756,0,0,0,0,0,0,0,0,1,0,0,0,0,0
2026-04-29,TLI,0.01923091885692685,5.460033064530467e-05,0.011720907327001488,0.58,0.299872962494744,0.0,0.0,0.0,0,-0.009434081991692711,0,0,0,0,0,1,0,0,0,0,0,0,0,0
2026-04-29,TOP,0.05945945945945952,0.016380744642636745,0.02905591258898425,1.0,0.7386039040525615,0.5102040816326531,2.0,0.0,0,-0.020408163265306145,0,0,0,0,0,0,1,0,0,0,0,0,0,0
2026-04-29,TRUE,-0.007299292318700967,-0.002844725578528795,0.01327488321662053,0.06,0.7259234069997916,0.5510204081632653,4.0,0.0,1,0.007352963750524966,1,0,0,0,0,0,0,0,0,0,0,0,0,0
2026-04-29,TTB,0.036036001204980295,0.01162964780539617,0.01683352705356752,0.84,0.389142793520201,0.2448979591836734,15.0,0.0,0,-0.01739128812274282,0,0,0,0,0,0,0,0,1,0,0,0,0,0
2026-04-29,TU,0.045454545454545414,0.001995189653472007,0.025101543219418217,0.93,0.2779194133981291,0.0,0.0,0.0,0,0.0,0,0,0,0,0,0,0,0,0,0,1,0,0,0
2026-04-29,WHA,0.027397307964253548,0.0036984797892261946,0.016223716701265656,0.74,0.2667685974671863,0.0204081632653061,0.0,0.0,0,-0.004444470192591199,1,0,0,0,0,0,0,0,0,0,0,0,0,0
2026-04-30,ADVANC,-0.02298850574712641,-0.0028502797311945826,0.012717645778731449,0.08,0.8340338761433772,0.5306122448979591,1.0,0.0,0,0.0,1,0,0,0,0,0,0,0,0,0,0,0,0,0
2026-04-30,AOT,0.004901960784313708,-0.014839243624996445,0.013958727934931343,0.78,0.5714144407022494,0.3877551020408163,1.0,0.0,0,0.0,0,0,0,0,0,0,1,0,0,0,0,0,0,0
2026-04-30,AWC,0.0,0.002050952725990274,0.018304076559876033,0.68,0.26474316484215,0.0,1.0,0.0,0,0.0,0,0,0,0,0,0,0,1,0,0,0,0,0,0
2026-04-30,BANPU,0.026086973107379396,0.014324683853171894,0.021705247905244446,0.96,0.5168610876183813,0.3469387755102041,0.0,0.0,0,0.0,0,0,0,0,0,0,1,0,0,0,0,0,0,0
2026-04-30,BBL,-0.006116207951070374,0.0019178087224432706,0.012374414279162943,0.48,0.8021884428957072,0.4897959183673469,7.0,0.0,0,0.0,0,0,0,0,0,0,0,0,1,0,0,0,0,0
2026-04-30,BDMS,-0.005434803453420622,-0.002144221115248124,0.008277073796988004,0.5,0.6121736045413307,0.4081632653061224,1.0,0.0,0,0.0,0,0,0,0,0,0,1,0,0,0,0,0,0,0
2026-04-30,BEM,0.009523845854259694,1.7969588381339107e-05,0.00670265510703496,0.84,0.3153698175379232,0.0204081632653061,2.0,0.0,0,0.0,0,0,0,0,0,0,0,0,0,1,0,0,0,0
2026-04-30,BH,0.014044943820224809,0.011641123150958133,0.021281535823305654,0.92,0.5733025950300475,0.4693877551020408,2.0,0.0,0,0.0,0,0,0,0,0,0,1,0,0,0,0,0,0,0
2026-04-30,BJC,-0.007042213319620072,-0.004509225521033966,0.013386675454240967,0.44,0.3859487784668349,0.1020408163265306,0.0,0.0,0,0.0,0,0,0,0,0,0,0,0,0,1,0,0,0,0
2026-04-30,BTS,-0.00952380087370197,-0.003755266525707768,0.010824117017717235,0.28,0.3820598396963626,0.0816326530612244,3.0,0.0,0,0.0,0,0,0,0,0,0,0,0,0,1,0,0,0,0
2026-04-30,CBG,-0.006849315068493178,-0.0012630113331012272,0.016731760669621926,0.46,0.4037334379706352,0.1428571428571428,0.0,0.0,0,0.0,0,0,0,0,0,0,0,0,0,1,0,0,0,0
2026-04-30,CCET,-0.008130112188539096,0.007515664386694288,0.04630759796251561,0.36,0.2944691120222417,0.0408163265306122,0.0,0.0,0,0.0,0,0,0,0,0,0,0,0,0,0,0,1,0,0
2026-04-30,CENTEL,-0.008000005492751594,-0.001574194611357349,0.008798903925004454,0.38,0.2958173008031775,0.0,0.0,0.0,0,0.0,0,0,0,0,0,0,0,0,0,0,0,0,1,0
2026-04-30,COM7,0.013333299424913125,0.008251853470541849,0.0204820513560569,0.9,0.5390811125917591,0.3469387755102041,0.0,0.0,0,0.0,0,0,0,0,0,0,1,0,0,0,0,0,0,0
2026-04-30,CPALL,-0.007981807766236027,-0.00039121576107508104,0.016642274671900725,0.4,0.4825031688955927,0.183673469387755,4.0,0.0,0,0.0,0,0,0,0,0,0,0,0,0,1,0,0,0,0
2026-04-30,CPF,-0.025252587851286812,0.00030107030363228925,0.027694161288383264,0.02,0.7091921123853364,0.4897959183673469,1.0,0.0,0,0.0,0,0,0,0,0,0,1,0,0,0,0,0,0,0
2026-04-30,CPN,-0.004016064257028162,-0.0007803045383738105,0.00779375692735317,0.58,0.2998494178860543,0.0204081632653061,0.0,0.0,0,0.0,0,0,0,0,0,0,0,0,0,0,0,1,0,0
2026-04-30,CRC,0.0,-0.00425918379073591,0.01179393549437258,0.68,0.1885120701342117,0.1224489795918367,1.0,0.0,0,0.0,0,0,0,0,0,0,0,0,0,1,0,0,0,0
2026-04-30,DELTA,0.012820512820512775,0.015599747023057664,0.03102541750099945,0.88,0.7549857549857552,0.5102040816326531,13.0,0.0,0,0.0,0,0,0,0,0,0,0,0,0,0,0,1,0,0
2026-04-30,EGCO,0.0,0.0045495680789798595,0.010655653844032822,0.68,0.2641362307564376,0.0,0.0,0.0,0,0.0,0,0,0,0,0,0,0,0,0,0,0,0,0,1
2026-04-30,GPSC,-0.0071428571428571175,-0.005562424919436526,0.015400916873040902,0.42,0.3084218345695337,0.0408163265306122,0.0,0.0,0,0.0,0,0,0,0,0,0,1,0,0,0,0,0,0,0
2026-04-30,GULF,-0.0043290043290042934,0.0044406566900246245,0.00941125179034718,0.56,0.824860649548974,0.5306122448979591,2.0,0.0,0,0.0,1,0,0,0,0,0,0,0,0,0,0,0,0,0
2026-04-30,HMPRO,-0.008196674537606752,-0.004851590237577574,0.009288797941188455,0.34,0.3412017927251844,0.0816326530612244,2.0,0.0,0,0.0,0,0,0,0,0,0,0,0,0,1,0,0,0,0
2026-04-30,IVL,0.00980397064907268,0.015973420630041434,0.01587038787454497,0.86,0.6190346064901138,0.4489795918367346,0.0,0.0,0,0.0,0,0,0,0,0,0,1,0,0,0,0,0,0,0
2026-04-30,KBANK,-0.00512820512820511,0.002639563646834131,0.010294027926883786,0.52,0.8492309488143115,0.5510204081632653,14.0,0.0,0,0.0,0,0,0,0,0,0,0,0,1,0,0,0,0,0
2026-04-30,KKP,-0.024691358024691357,0.003901423353014688,0.02373402759731044,0.06,0.6442502814112808,0.4081632653061224,4.0,0.0,0,0.0,0,0,0,0,0,0,0,0,1,0,0,0,0,0
2026-04-30,KTB,0.0,0.0015738755593184717,0.011374095146747287,0.68,0.750245974679521,0.3673469387755101,8.0,0.0,0,0.0,0,0,0,0,0,0,0,0,1,0,0,0,0,0
2026-04-30,KTC,-0.008474576271186418,-0.001680428799072864,0.007116337476384554,0.32,0.3257950366470686,0.0408163265306122,5.0,0.0,0,0.0,1,0,0,0,0,0,0,0,0,0,0,0,0,0
2026-04-30,LH,-0.021739174096029212,-0.005302468949042072,0.012149172378796683,0.1,0.2735033172691258,0.0,2.0,0.0,0,0.0,0,1,0,0,0,0,0,0,0,0,0,0,0,0
2026-04-30,MINT,0.0,-0.008233961977425675,0.024236574333076747,0.68,0.4943019943019943,0.2040816326530612,4.0,0.0,0,0.0,1,0,0,0,0,0,0,0,0,0,0,0,0,0
2026-04-30,MTC,-0.024793388429752095,-0.004406216071921554,0.027191652076887247,0.04,0.2887361173649064,0.0,0.0,0.0,0,0.0,0,0,1,0,0,0,0,0,0,0,0,0,0,0
2026-04-30,OR,0.00819675270763387,0.005138681874414575,0.021681655806451757,0.82,0.6153782616814699,0.2857142857142857,4.0,0.0,0,0.0,0,0,0,0,0,0,0,0,0,0,0,1,0,0
2026-04-30,OSP,-0.01324508039036798,-0.0037133730671936372,0.02573446744407638,0.24,0.338970421015203,0.0612244897959183,0.0,0.0,0,0.0,0,0,0,0,0,0,0,0,0,1,0,0,0,0
2026-04-30,PTT,0.0,0.0014491264131551774,0.00786684805153394,0.68,0.7728921116235123,0.4285714285714285,4.0,0.0,0,0.0,0,0,0,0,0,0,1,0,0,0,0,0,0,0
2026-04-30,PTTEP,0.01650165016501659,0.008690113532731126,0.008379906906453611,0.94,0.6813255353395934,0.4489795918367346,4.0,0.0,0,0.0,0,0,0,0,0,0,1,0,0,0,0,0,0,0
2026-04-30,PTTGC,0.04635761589403975,0.017445109854857678,0.017878454471666028,0.98,0.6382595769495901,0.4693877551020408,9.0,0.0,0,0.0,0,0,0,0,0,0,1,0,0,0,0,0,0,0
2026-04-30,RATCH,-0.016949152542372836,0.00013289530810431938,0.01826360094011105,0.22,0.2677087625191304,0.0,0.0,0.0,0,0.0,0,0,0,1,0,0,0,0,0,0,0,0,0,0
2026-04-30,SAWAD,-0.021008383524043106,0.002788419380271834,0.02206926714234551,0.12,0.3498375384972611,0.0816326530612244,0.0,0.0,0,0.0,0,0,0,0,0,0,0,0,0,1,0,0,0,0
2026-04-30,SCB,-0.0038022813688213253,-0.0007018237777382863,0.012230883960034862,0.6,0.7988495394135452,0.4693877551020408,22.0,0.0,0,0.0,0,0,0,0,0,0,0,0,1,0,0,0,0,0
2026-04-30,SCC,0.05263157894736836,0.023321048821536516,0.017859987595190932,1.0,0.6673911126530135,0.4489795918367346,13.0,0.0,0,0.0,0,0,0,0,0,0,1,0,0,0,0,0,0,0
2026-04-30,SCGP,0.004016079638624159,0.044917797396658174,0.060890366962543595,0.76,0.5128534376254641,0.3469387755102041,1.0,0.0,0,0.0,0,0,0,0,0,0,1,0,0,0,0,0,0,0
2026-04-30,TCAP,-0.013215859030836996,0.0027990706143183664,0.015779578811669585,0.26,0.3602260403234661,0.1020408163265306,0.0,0.0,0,0.0,0,0,0,0,0,0,0,0,1,0,0,0,0,0
2026-04-30,TIDLOR,-0.017340935825075343,-0.0008576298790608838,0.027944708712331408,0.2,0.2781370028253271,0.0,1.0,0.0,0,0.0,0,0,0,0,1,0,0,0,0,0,0,0,0,0
2026-04-30,TISCO,-0.017937219730941756,0.003167031894598926,0.01407517208838071,0.16,0.6406867342025374,0.4081632653061224,3.0,0.0,0,0.0,0,0,0,0,0,0,0,0,1,0,0,0,0,0
2026-04-30,TLI,-0.009434081991692711,5.460033064530467e-05,0.011720907327001488,0.3,0.299872962494744,0.0,0.0,0.0,0,0.0,0,0,0,0,0,1,0,0,0,0,0,0,0,0
2026-04-30,TOP,-0.020408163265306145,0.015614029116647332,0.030172068678469506,0.14,0.7386039040525615,0.5102040816326531,2.0,0.0,0,0.0,0,0,0,0,0,0,1,0,0,0,0,0,0,0
2026-04-30,TRUE,0.007352963750524966,-0.001374132828423802,0.014053267293685726,0.8,0.7259234069997916,0.5510204081632653,3.0,0.0,0,0.0,1,0,0,0,0,0,0,0,0,0,0,0,0,0
2026-04-30,TTB,-0.01739128812274282,0.009937114463393803,0.01961325747794055,0.18,0.389142793520201,0.2448979591836734,14.0,0.0,0,0.0,0,0,0,0,0,0,0,0,1,0,0,0,0,0
2026-04-30,TU,0.0,0.003749565638412644,0.024459209446314162,0.68,0.2779194133981291,0.0,0.0,0.0,0,0.0,0,0,0,0,0,0,0,0,0,0,1,0,0,0
2026-04-30,WHA,-0.004444470192591199,0.005524533588453884,0.014178391239570353,0.54,0.2667685974671863,0.0204081632653061,0.0,0.0,0,0.0,1,0,0,0,0,0,0,0,0,0,0,0,0,0
2026-05-01,ADVANC,0.0,-0.005169120310904729,0.01024145942416943,0.51,0.8340338761433772,0.5306122448979591,1.0,0.0,0,0.0,1,0,0,0,0,0,0,0,0,0,0,0,0,0
2026-05-01,AOT,0.0,-0.012124311498299623,0.015501080939747825,0.51,0.5714144407022494,0.3877551020408163,1.0,0.0,0,0.0,0,0,0,0,0,0,1,0,0,0,0,0,0,0
2026-05-01,AWC,0.0,0.00012787923779098432,0.017809069695928693,0.51,0.26474316484215,0.0,1.0,0.0,0,0.0,0,0,0,0,0,0,0,1,0,0,0,0,0,0
2026-05-01,BANPU,0.0,0.012506495099176873,0.022614965327309076,0.51,0.5168610876183813,0.3469387755102041,0.0,0.0,0,0.0,0,0,0,0,0,0,1,0,0,0,0,0,0,0
2026-05-01,BBL,0.0,0.005023398784555067,0.008117951541156628,0.51,0.8021884428957072,0.4897959183673469,6.0,0.0,0,0.0,0,0,0,0,0,0,0,0,1,0,0,0,0,0
2026-05-01,BDMS,0.0,-0.002144221115248124,0.008277073796988006,0.51,0.6121736045413307,0.4081632653061224,1.0,0.0,0,0.0,0,0,0,0,0,0,1,0,0,0,0,0,0,0
2026-05-01,BEM,0.0,1.7969588381339107e-05,0.00670265510703496,0.51,0.3153698175379232,0.0204081632653061,2.0,0.0,0,0.0,0,0,0,0,0,0,0,0,0,1,0,0,0,0
2026-05-01,BH,0.0,0.01222763341488775,0.02081477154082328,0.51,0.5733025950300475,0.4693877551020408,2.0,0.0,0,0.0,0,0,0,0,0,0,1,0,0,0,0,0,0,0
2026-05-01,BJC,0.0,-0.00315787184719567,0.013443987513522255,0.51,0.3859487784668349,0.1020408163265306,0.0,0.0,0,0.0,0,0,0,0,0,0,0,0,0,1,0,0,0,0
2026-05-01,BTS,0.0,-0.003755266525707768,0.010824117017717235,0.51,0.3820598396963626,0.0816326530612244,3.0,0.0,0,0.0,0,0,0,0,0,0,0,0,0,1,0,0,0,0
2026-05-01,CBG,0.0,0.00010685168059740847,0.016437860606265182,0.51,0.4037334379706352,0.1428571428571428,0.0,0.0,0,0.0,0,0,0,0,0,0,0,0,0,1,0,0,0,0
2026-05-01,CCET,0.0,0.010905491607581497,0.04466004540245451,0.51,0.2944691120222417,0.0408163265306122,0.0,0.0,0,0.0,0,0,0,0,0,0,0,0,0,0,0,1,0,0
2026-05-01,CENTEL,0.0,2.580648719296974e-05,0.008032276556805142,0.51,0.2958173008031775,0.0,0.0,0.0,0,0.0,0,0,0,0,0,0,0,0,0,0,0,0,1,0
2026-05-01,COM7,0.0,0.010078327069396108,0.018889544804823074,0.51,0.5390811125917591,0.3469387755102041,0.0,0.0,0,0.0,0,0,0,0,0,0,1,0,0,0,0,0,0,0
2026-05-01,CPALL,0.0,0.001818714298394708,0.01557235606522734,0.51,0.4825031688955927,0.183673469387755,3.0,0.0,0,0.0,0,0,0,0,0,0,0,0,0,1,0,0,0,0
2026-05-01,CPF,0.0,0.0013373263493269504,0.02753421335755573,0.51,0.7091921123853364,0.4897959183673469,0.0,0.0,0,0.0,0,0,0,0,0,0,1,0,0,0,0,0,0,0
2026-05-01,CPN,0.0,-0.0007803045383738105,0.00779375692735317,0.51,0.2998494178860543,0.0204081632653061,0.0,0.0,0,0.0,0,0,0,0,0,0,0,0,0,0,0,1,0,0
2026-05-01,CRC,0.0,-0.0031896610379035907,0.011912432895338504,0.51,0.1885120701342117,0.1224489795918367,1.0,0.0,0,0.0,0,0,0,0,0,0,0,0,0,1,0,0,0,0
2026-05-01,DELTA,0.0,0.017647528593023543,0.029176424983182306,0.51,0.7549857549857552,0.5102040816326531,14.0,-0.1,0,0.0,0,0,0,0,0,0,0,0,0,0,0,1,0,0
2026-05-01,EGCO,0.0,0.0045495680789798595,0.01065565384403282,0.51,0.2641362307564376,0.0,0.0,0.0,0,0.0,0,0,0,0,0,0,0,0,0,0,0,0,0,1
2026-05-01,GPSC,0.0,-0.004163823520835131,0.015555276746779229,0.51,0.3084218345695337,0.0408163265306122,0.0,0.0,0,0.0,0,0,0,0,0,0,1,0,0,0,0,0,0,0
2026-05-01,GULF,0.0,0.005329545578913519,0.008530979331680181,0.51,0.824860649548974,0.5306122448979591,2.0,0.0,0,0.0,1,0,0,0,0,0,0,0,0,0,0,0,0,0
2026-05-01,HMPRO,0.0,-0.0016257867630958156,0.006882143444104916,0.51,0.3412017927251844,0.0816326530612244,2.0,0.0,0,0.0,0,0,0,0,0,0,0,0,0,1,0,0,0,0
2026-05-01,IVL,0.0,0.015133093305481893,0.016737094752398363,0.51,0.6190346064901138,0.4489795918367346,0.0,0.0,0,0.0,0,0,0,0,0,0,1,0,0,0,0,0,0,0
2026-05-01,KBANK,0.0,0.004206143281298891,0.008787662157454369,0.51,0.8492309488143115,0.5510204081632653,13.0,0.0,0,0.0,0,0,0,0,0,0,0,0,1,0,0,0,0,0
2026-05-01,KKP,0.0,0.0032898151316655745,0.023800502890924335,0.51,0.6442502814112808,0.4081632653061224,4.0,0.0,0,0.0,0,0,0,0,0,0,0,0,1,0,0,0,0,0
2026-05-01,KTB,0.0,0.004627310673822294,0.006886924434892329,0.51,0.750245974679521,0.3673469387755101,8.0,0.0,0,0.0,0,0,0,0,0,0,0,0,1,0,0,0,0,0
2026-05-01,KTC,0.0,1.448645516441971e-05,0.006018071717582726,0.51,0.3257950366470686,0.0408163265306122,4.0,0.0,0,0.0,1,0,0,0,0,0,0,0,0,0,0,0,0,0
2026-05-01,LH,0.0,-0.003208224600892673,0.011936084288240055,0.51,0.2735033172691258,0.0,2.0,0.0,0,0.0,0,1,0,0,0,0,0,0,0,0,0,0,0,0
2026-05-01,MINT,0.0,-0.008233961977425675,0.024236574333076747,0.51,0.4943019943019943,0.2040816326530612,4.0,0.0,0,0.0,1,0,0,0,0,0,0,0,0,0,0,0,0,0
2026-05-01,MTC,0.0,-0.0011275229921327012,0.026360553971649207,0.51,0.2887361173649064,0.0,0.0,0.0,0,0.0,0,0,1,0,0,0,0,0,0,0,0,0,0,0
2026-05-01,OR,0.0,0.00680535489891001,0.020684521992934992,0.51,0.6153782616814699,0.2857142857142857,5.0,-0.2,0,0.0,0,0,0,0,0,0,0,0,0,0,0,1,0,0
2026-05-01,OSP,0.0,-0.0037133730671936372,0.02573446744407638,0.51,0.338970421015203,0.0612244897959183,0.0,0.0,0,0.0,0,0,0,0,0,0,0,0,0,1,0,0,0,0
2026-05-01,PTT,0.0,0.002877697841726601,0.006434727992805112,0.51,0.7728921116235123,0.4285714285714285,4.0,0.0,0,0.0,0,0,0,0,0,0,1,0,0,0,0,0,0,0
2026-05-01,PTTEP,0.0,0.0059782491259514625,0.00860129638518871,0.51,0.6813255353395934,0.4489795918367346,5.0,0.0,0,0.0,0,0,0,0,0,0,1,0,0,0,0,0,0,0
2026-05-01,PTTGC,0.0,0.017445109854857678,0.017878454471666028,0.51,0.6382595769495901,0.4693877551020408,9.0,0.0,0,0.0,0,0,0,0,0,0,1,0,0,0,0,0,0,0
2026-05-01,RATCH,0.0,-0.0015912426229301557,0.01765890871102414,0.51,0.2677087625191304,0.0,0.0,0.0,0,0.0,0,0,0,1,0,0,0,0,0,0,0,0,0,0
2026-05-01,SAWAD,0.0,0.00017973310356207418,0.021311933275762994,0.51,0.3498375384972611,0.0816326530612244,0.0,0.0,0,0.0,0,0,0,0,0,0,0,0,0,1,0,0,0,0
2026-05-01,SCB,0.0,0.0023400013173187515,0.00924858562567961,0.51,0.7988495394135452,0.4693877551020408,20.0,0.0,0,0.0,0,0,0,0,0,0,0,0,1,0,0,0,0,0
2026-05-01,SCC,0.0,0.018648151625274823,0.020679737775882126,0.51,0.6673911126530135,0.4489795918367346,13.0,0.0,0,0.0,0,0,0,0,0,0,1,0,0,0,0,0,0,0
2026-05-01,SCGP,0.0,0.03798711591990207,0.06423127401683389,0.51,0.5128534376254641,0.3469387755102041,1.0,0.0,0,0.0,0,0,0,0,0,0,1,0,0,0,0,0,0,0
2026-05-01,TCAP,0.0,0.004609025365449581,0.014551979524184331,0.51,0.3602260403234661,0.1020408163265306,0.0,0.0,0,0.0,0,0,0,0,0,0,0,0,1,0,0,0,0,0
2026-05-01,TIDLOR,0.0,-0.004366380253454327,0.026096910797935264,0.51,0.2781370028253271,0.0,1.0,0.0,0,0.0,0,0,0,0,1,0,0,0,0,0,0,0,0,0
2026-05-01,TISCO,0.0,0.003167031894598926,0.01407517208838071,0.51,0.6406867342025374,0.4081632653061224,3.0,0.0,0,0.0,0,0,0,0,0,0,0,0,1,0,0,0,0,0
2026-05-01,TLI,0.0,5.460033064530467e-05,0.011720907327001488,0.51,0.299872962494744,0.0,0.0,0.0,0,0.0,0,0,0,0,0,1,0,0,0,0,0,0,0,0
2026-05-01,TOP,0.0,0.009996051588557453,0.029882090853770985,0.51,0.7386039040525615,0.5102040816326531,2.0,0.0,0,0.0,0,0,0,0,0,0,1,0,0,0,0,0,0,0
2026-05-01,TRUE,0.0,0.0029737064132173254,0.008405521856538062,0.51,0.7259234069997916,0.5510204081632653,2.0,0.0,0,0.0,1,0,0,0,0,0,0,0,0,0,0,0,0,0
2026-05-01,TTB,0.0,0.008135302483825125,0.020126921039476758,0.51,0.389142793520201,0.2448979591836734,15.0,0.0,0,0.0,0,0,0,0,0,0,0,0,1,0,0,0,0,0
2026-05-01,TU,0.0,0.005519483864639208,0.02362556425511459,0.51,0.2779194133981291,0.0,0.0,0.0,0,0.0,0,0,0,0,0,0,0,0,0,0,1,0,0,0
2026-05-01,WHA,0.0,0.004607097013646722,0.014400872440875474,0.51,0.2667685974671863,0.0204081632653061,0.0,0.0,0,0.0,1,0,0,0,0,0,0,0,0,0,0,0,0,0
2026-05-04,ADVANC,0.0,-0.004596054408325933,0.010479984430472118,0.51,0.8340338761433772,0.5306122448979591,1.0,0.0,0,0.0,1,0,0,0,0,0,0,0,0,0,0,0,0,0
2026-05-04,AOT,0.0,-0.010289449112978532,0.016451419947620987,0.51,0.5714144407022494,0.3877551020408163,1.0,0.0,0,0.0,0,0,0,0,0,0,1,0,0,0,0,0,0,0
2026-05-04,AWC,0.0,-0.0017768792972079118,0.017045853543710885,0.51,0.26474316484215,0.0,1.0,0.0,0,0.0,0,0,0,0,0,0,0,1,0,0,0,0,0,0
2026-05-04,BANPU,0.0,0.014308303712384961,0.020754566321385906,0.51,0.5168610876183813,0.3469387755102041,0.0,0.0,1,0.008474527642289953,0,0,0,0,0,0,1,0,0,0,0,0,0,0
2026-05-04,BBL,0.0,0.0024997394785613914,0.007058900959427251,0.51,0.8021884428957072,0.4897959183673469,6.0,0.0,0,-0.006153846153846176,0,0,0,0,0,0,0,0,1,0,0,0,0,0
2026-05-04,BDMS,0.0,1.7949294908126135e-05,0.006711037374517849,0.51,0.6121736045413307,0.4081632653061224,1.0,0.0,1,0.010929003894951883,0,0,0,0,0,0,1,0,0,0,0,0,0,0
2026-05-04,BEM,0.0,1.7969588381339107e-05,0.00670265510703496,0.51,0.3153698175379232,0.0204081632653061,2.0,0.0,0,0.0,0,0,0,0,0,0,0,0,0,1,0,0,0,0
2026-05-04,BH,0.0,0.011051162826652462,0.021420497640114312,0.51,0.5733025950300475,0.4693877551020408,2.0,0.0,0,-0.008310249307479256,0,0,0,0,0,0,1,0,0,0,0,0,0,0
2026-05-04,BJC,0.0,-0.0004367920136802095,0.01211159724444238,0.51,0.3859487784668349,0.1020408163265306,0.0,0.0,0,-0.01418445088854714,0,0,0,0,0,0,0,0,0,1,0,0,0,0
2026-05-04,BTS,0.0,1.8314984885448025e-05,0.00676676727891204,0.51,0.3820598396963626,0.0816326530612244,4.0,0.0,0,-0.0096153757981291,0,0,0,0,0,0,0,0,0,1,0,0,0,0
2026-05-04,CBG,0.0,0.0014861620254249975,0.015986434234527294,0.51,0.4037334379706352,0.1428571428571428,0.0,0.0,0,0.0,0,0,0,0,0,0,0,0,0,1,0,0,0,0
2026-05-04,CCET,0.0,-0.006335887135775065,0.015332820224352556,0.51,0.2944691120222417,0.0408163265306122,0.0,0.0,1,0.00819675270763387,0,0,0,0,0,0,0,0,0,0,0,1,0,0
2026-05-04,CENTEL,0.0,-0.0015870978549538338,0.0067164404297406,0.51,0.2958173008031775,0.0,0.0,0.0,0,-0.024193502211201312,0,0,0,0,0,0,0,0,0,0,0,0,1,0
2026-05-04,COM7,0.0,0.010078327069396108,0.018889544804823074,0.51,0.5390811125917591,0.3469387755102041,0.0,0.0,1,0.017543927160695638,0,0,0,0,0,0,1,0,0,0,0,0,0,0
2026-05-04,CPALL,0.0,0.004053353838294504,0.013960148357562718,0.51,0.4825031688955927,0.183673469387755,3.0,0.0,0,-0.005747126436781658,0,0,0,0,0,0,0,0,0,1,0,0,0,0
2026-05-04,CPF,0.0,0.0034206527633329877,0.026807010647318327,0.51,0.7091921123853364,0.4897959183673469,0.0,0.0,1,0.007874096162013844,0,0,0,0,0,0,1,0,0,0,0,0,0,0
2026-05-04,CPN,0.0,2.2908313031821948e-05,0.007580955875796385,0.51,0.2998494178860543,0.0204081632653061,0.0,0.0,0,0.0,0,0,0,0,0,0,0,0,0,0,0,1,0,0
2026-05-04,CRC,0.0,-0.00211438814092717,0.011908352494159339,0.51,0.1885120701342117,0.1224489795918367,1.0,0.0,0,-0.005464397720770453,0,0,0,0,0,0,0,0,0,1,0,0,0,0
2026-05-04,DELTA,0.0,0.003854425144747697,0.005738159375001804,0.51,0.7549857549857552,0.5102040816326531,15.0,-0.1,0,-0.01898734177215189,0,0,0,0,0,0,0,0,0,0,0,1,0,0
2026-05-04,EGCO,0.0,0.0036404771698889337,0.01084825051280806,0.51,0.2641362307564376,0.0,0.0,0.0,1,0.008888888888888946,0,0,0,0,0,0,0,0,0,0,0,0,0,1
2026-05-04,GPSC,0.0,-0.004163823520835131,0.015555276746779227,0.51,0.3084218345695337,0.0408163265306122,0.0,0.0,1,0.007194244604316502,0,0,0,0,0,0,1,0,0,0,0,0,0,0
2026-05-04,GULF,0.0,0.0017581170074849606,0.004969866339710649,0.51,0.824860649548974,0.5306122448979591,2.0,0.0,0,0.0,1,0,0,0,0,0,0,0,0,0,0,0,0,0
2026-05-04,HMPRO,0.0,1.3548144425534759e-05,0.0058199036783200975,0.51,0.3412017927251844,0.0816326530612244,2.0,0.0,0,-0.008264494075791107,0,0,0,0,0,0,0,0,0,1,0,0,0,0
2026-05-04,IVL,0.0,0.00843852159710239,0.01404544797501533,0.51,0.6190346064901138,0.4489795918367346,0.0,0.0,1,0.006842616441659066,0,0,0,0,0,0,1,0,0,0,0,0,0,0
2026-05-04,KBANK,0.0,0.0036798274918252273,0.008982195885251353,0.51,0.8492309488143115,0.5510204081632653,12.0,0.0,0,-0.002577319587628857,0,0,0,0,0,0,0,0,1,0,0,0,0,0
2026-05-04,KKP,0.0,0.0026800519184703607,0.02384722991572414,0.51,0.6442502814112808,0.4081632653061224,3.0,0.0,1,0.018987341772152,0,0,0,0,0,0,0,0,1,0,0,0,0,0
2026-05-04,KTB,0.0,0.004627310673822294,0.006886924434892329,0.51,0.750245974679521,0.3673469387755101,8.0,0.0,0,-0.015151515151515138,0,0,0,0,0,0,0,0,1,0,0,0,0,0
2026-05-04,KTC,0.0,1.448645516441971e-05,0.006018071717582726,0.51,0.3257950366470686,0.0408163265306122,2.0,0.0,1,0.008547008547008517,1,0,0,0,0,0,0,0,0,0,0,0,0,0
2026-05-04,LH,0.0,-0.003208224600892673,0.011936084288240055,0.51,0.2735033172691258,0.0,1.0,0.0,1,0.011111167036458314,0,1,0,0,0,0,0,0,0,0,0,0,0,0
2026-05-04,MINT,0.0,-0.008233961977425675,0.024236574333076747,0.51,0.4943019943019943,0.2040816326530612,4.0,0.0,0,-9.395805544709646e-08,1,0,0,0,0,0,0,0,0,0,0,0,0,0
2026-05-04,MTC,0.0,0.000539139608271344,0.026052707633191355,0.51,0.2887361173649064,0.0,0.0,0.0,0,-0.025423728813559365,0,0,1,0,0,0,0,0,0,0,0,0,0,0
2026-05-04,OR,0.0,0.0017633347249309539,0.017971269739325644,0.51,0.6153782616814699,0.2857142857142857,5.0,-0.2,0,0.0,0,0,0,0,0,0,0,0,0,0,0,1,0,0
2026-05-04,OSP,0.0,-0.010292318399639844,0.016630354955780302,0.51,0.338970421015203,0.0612244897959183,0.0,0.0,0,-0.013422801576811638,0,0,0,0,0,0,0,0,0,1,0,0,0,0
2026-05-04,PTT,0.0,0.0,0.0,0.51,0.7728921116235123,0.4285714285714285,4.0,0.0,1,0.03546099290780136,0,0,0,0,0,0,1,0,0,0,0,0,0,0
2026-05-04,PTTEP,0.0,0.006647145447021696,0.007786498585778141,0.51,0.6813255353395934,0.4489795918367346,5.0,0.0,1,0.01948051948051943,0,0,0,0,0,0,1,0,0,0,0,0,0,0
2026-05-04,PTTGC,0.0,0.014686489165202498,0.01956720025763209,0.51,0.6382595769495901,0.4693877551020408,9.0,0.0,0,0.0,0,0,0,0,0,0,1,0,0,0,0,0,0,0
2026-05-04,RATCH,0.0,0.001827560795873273,0.015419980383893734,0.51,0.2677087625191304,0.0,0.0,0.0,1,0.008620689655172376,0,0,0,1,0,0,0,0,0,0,0,0,0,0
2026-05-04,SAWAD,0.0,0.00017973310356207418,0.021311933275762994,0.51,0.3498375384972611,0.0816326530612244,0.0,0.0,0,-0.03433478072087115,0,0,0,0,0,0,0,0,0,1,0,0,0,0
2026-05-04,SCB,0.0,-0.000748801771484331,0.005661321436455906,0.51,0.7988495394135452,0.4693877551020408,22.0,0.0,0,0.0,0,0,0,0,0,0,0,0,1,0,0,0,0,0
2026-05-04,SCC,0.0,0.014081941579612733,0.0220034756648093,0.51,0.6673911126530135,0.4489795918367346,13.0,0.0,0,-0.03749999999999998,0,0,0,0,0,0,1,0,0,0,0,0,0,0
2026-05-04,SCGP,0.0,0.03607323298602747,0.06542126324717995,0.51,0.5128534376254641,0.3469387755102041,1.0,0.0,1,0.010000000000000009,0,0,0,0,0,0,1,0,0,0,0,0,0,0
2026-05-04,TCAP,0.0,0.0036957833563171726,0.014697888106124705,0.51,0.3602260403234661,0.1020408163265306,0.0,0.0,1,0.017857142857142794,0,0,0,0,0,0,0,0,1,0,0,0,0,0
2026-05-04,TIDLOR,0.0,-0.0055158289780465,0.025663050965996758,0.51,0.2781370028253271,0.0,1.0,0.0,0,-0.05882355684543816,0,0,0,0,1,0,0,0,0,0,0,0,0,0
2026-05-04,TISCO,0.0,0.0014049088164174606,0.013739510043105878,0.51,0.6406867342025374,0.4081632653061224,3.0,0.0,1,0.009132420091324311,0,0,0,0,0,0,0,0,1,0,0,0,0,0
2026-05-04,TLI,0.0,5.460033064530467e-05,0.011720907327001488,0.51,0.299872962494744,0.0,0.0,0.0,0,0.0,0,0,0,0,0,1,0,0,0,0,0,0,0,0
2026-05-04,TOP,0.0,0.009996051588557453,0.029882090853770985,0.51,0.7386039040525615,0.5102040816326531,3.0,0.0,0,-0.00520833333333337,0,0,0,0,0,0,1,0,0,0,0,0,0,0
2026-05-04,TRUE,0.0,0.0029737064132173254,0.008405521856538062,0.51,0.7259234069997916,0.5510204081632653,2.0,0.0,1,0.007299292318700967,1,0,0,0,0,0,0,0,0,0,0,0,0,0
2026-05-04,TTB,0.0,0.007398663774991143,0.020396203639852558,0.51,0.389142793520201,0.2448979591836734,15.0,0.0,1,0.008849549119871458,0,0,0,0,0,0,0,0,1,0,0,0,0,0
2026-05-04,TU,0.0,0.005519483864639208,0.023625564255114594,0.51,0.2779194133981291,0.0,0.0,0.0,1,0.008695685345193604,0,0,0,0,0,0,0,0,0,0,1,0,0,0
2026-05-04,WHA,0.0,0.0027806023291685245,0.014261893329110134,0.51,0.2667685974671863,0.0204081632653061,0.0,0.0,0,-0.013392825282365517,1,0,0,0,0,0,0,0,0,0,0,0,0,0
2026-05-05,ADVANC,0.0,-0.005170767052004077,0.01003739695056281,0.5,0.8340338761433772,0.5306122448979591,1.0,0.0,1,0.0235294117647058,1,0,0,0,0,0,0,0,0,0,0,0,0,0
2026-05-05,AOT,0.0,-0.004733893557422974,0.013493581891756366,0.5,0.5714144407022494,0.3877551020408163,1.0,0.0,1,0.039024390243902474,0,0,0,0,0,0,1,0,0,0,0,0,0,0
2026-05-05,AWC,0.0,0.0038834881418350784,0.008683743474957581,0.5,0.26474316484215,0.0,1.0,0.0,1,0.01904770329169403,0,0,0,0,0,0,0,1,0,0,0,0,0,0
2026-05-05,BANPU,0.008474527642289953,0.016003209240842954,0.019608352538608396,0.72,0.5168610876183813,0.3469387755102041,0.0,0.0,0,0.0,0,0,0,0,0,0,1,0,0,0,0,0,0,0
2026-05-05,BBL,-0.006153846153846176,-0.0012232415902140748,0.005139699522613261,0.28,0.8021884428957072,0.4897959183673469,6.0,0.0,1,0.01238390092879249,0,0,0,0,0,0,0,0,1,0,0,0,0,0
2026-05-05,BDMS,0.010929003894951883,0.003296629618052593,0.0073382278335209165,0.88,0.6121736045413307,0.4081632653061224,0.0,0.0,0,-0.005405426025390625,0,0,0,0,0,0,1,0,0,0,0,0,0,0
2026-05-05,BEM,0.0,1.7969588381339107e-05,0.006702655107034959,0.5,0.3153698175379232,0.0204081632653061,2.0,0.0,1,0.018867905855434186,0,0,0,0,0,0,0,0,0,1,0,0,0,0
2026-05-05,BH,-0.008310249307479256,0.010558703608431474,0.021928420217747872,0.24,0.5733025950300475,0.4693877551020408,2.0,0.0,0,0.0,0,0,0,0,0,0,1,0,0,0,0,0,0,0
2026-05-05,BJC,-0.01418445088854714,-0.0005150568486884443,0.012220259533355671,0.16,0.3859487784668349,0.1020408163265306,0.0,0.0,1,0.04316549625439259,0,0,0,0,0,0,0,0,0,1,0,0,0,0
2026-05-05,BTS,-0.0096153757981291,-0.0038278353343662143,0.005241579391892789,0.22,0.3820598396963626,0.0816326530612244,4.0,0.0,1,0.029126186624347072,0,0,0,0,0,0,0,0,0,1,0,0,0,0
2026-05-05,CBG,0.0,0.004263939803202765,0.013688503919109984,0.5,0.4037334379706352,0.1428571428571428,0.0,0.0,1,0.02758620689655178,0,0,0,0,0,0,0,0,0,1,0,0,0,0
2026-05-05,CCET,0.00819675270763387,0.0016526786453457288,0.006834023349655189,0.7,0.2944691120222417,0.0408163265306122,0.0,0.0,1,0.008130034654042939,0,0,0,0,0,0,0,0,0,0,0,1,0,0
2026-05-05,CENTEL,-0.024193502211201312,-0.004825797198643777,0.012226207042028285,0.1,0.2958173008031775,0.0,0.0,0.0,1,0.039553755216756414,0,0,0,0,0,0,0,0,0,0,0,0,1,0
2026-05-05,COM7,0.017543927160695638,0.014508774971156102,0.017096440243703954,0.92,0.5390811125917591,0.3469387755102041,0.0,0.0,1,0.025862002344394508,0,0,0,0,0,0,1,0,0,0,0,0,0,0
2026-05-05,CPALL,-0.005747126436781658,0.0029039285509381728,0.014599287760780604,0.3,0.4825031688955927,0.183673469387755,2.0,0.0,1,0.01734104046242768,0,0,0,0,0,0,0,0,0,1,0,0,0,0
2026-05-05,CPF,0.007874096162013844,0.006048110212218782,0.02638356320856388,0.68,0.7091921123853364,0.4897959183673469,0.0,0.0,1,0.020833312637276835,0,0,0,0,0,0,1,0,0,0,0,0,0,0
2026-05-05,CPN,0.0,0.0016358115388382722,0.006153665057685405,0.5,0.2998494178860543,0.0204081632653061,0.0,0.0,1,0.024193548387096753,0,0,0,0,0,0,0,0,0,0,0,1,0,0
2026-05-05,CRC,-0.005464397720770453,0.0011170525152460087,0.006035635913488802,0.32,0.1885120701342117,0.1224489795918367,1.0,0.0,1,0.027472526320885926,0,0,0,0,0,0,0,0,0,1,0,0,0,0
2026-05-05,DELTA,-0.01898734177215189,5.695679031731959e-05,0.011900543950033217,0.12,0.7549857549857552,0.5102040816326531,16.0,-0.1,1,0.041935483870967794,0,0,0,0,0,0,0,0,0,0,0,1,0,0
2026-05-05,EGCO,0.008888888888888946,0.0063232323232323305,0.00994516133895017,0.82,0.2641362307564376,0.0,0.0,0.0,1,0.026431718061673992,0,0,0,0,0,0,0,0,0,0,0,0,0,1
2026-05-05,GPSC,0.007194244604316502,0.002908828216929571,0.00822361026548584,0.64,0.3084218345695337,0.0408163265306122,0.0,0.0,1,0.050000000000000044,0,0,0,0,0,0,1,0,0,0,0,0,0,0
2026-05-05,GULF,0.0,0.0008809240250288397,0.004773267719740675,0.5,0.824860649548974,0.5306122448979591,2.0,0.0,1,0.05652173913043468,1,0,0,0,0,0,0,0,0,0,0,0,0,0
2026-05-05,HMPRO,-0.008264494075791107,-0.0016393506707326865,0.006898379198793907,0.26,0.3412017927251844,0.0816326530612244,2.0,0.0,1,0.008333365122477288,0,0,0,0,0,0,0,0,0,1,0,0,0,0
2026-05-05,IVL,0.006842616441659066,0.003329317418146349,0.004677538559479713,0.62,0.6190346064901138,0.4489795918367346,1.0,0.0,0,0.0,0,0,0,0,0,0,1,0,0,0,0,0,0,0
2026-05-05,KBANK,-0.002577319587628857,-0.0005101771081152506,0.003814772788535442,0.36,0.8492309488143115,0.5510204081632653,9.0,0.0,1,0.015503875968992276,0,0,0,0,0,0,0,0,1,0,0,0,0,0
2026-05-05,KKP,0.018987341772152,0.007085430080906651,0.024550654686233915,0.96,0.6442502814112808,0.4081632653061224,3.0,0.0,1,0.01552795031055898,0,0,0,0,0,0,0,0,1,0,0,0,0,0
2026-05-05,KTB,-0.015151515151515138,4.662004662003838e-05,0.01079634121792426,0.14,0.750245974679521,0.3673469387755101,8.0,0.0,0,0.0,0,0,0,0,0,0,0,0,1,0,0,0,0,0
2026-05-05,KTC,0.008547008547008517,1.448645516441971e-05,0.006018071717582726,0.74,0.3257950366470686,0.0408163265306122,2.0,0.0,1,0.008474576271186418,1,0,0,0,0,0,0,0,0,0,0,0,0,0
2026-05-05,LH,0.011111167036458314,7.219862656027143e-05,0.013386390339717396,0.9,0.2735033172691258,0.0,1.0,0.0,1,0.016483500288558606,0,1,0,0,0,0,0,0,0,0,0,0,0,0
2026-05-05,MINT,-9.395805544709646e-08,0.001951212753476006,0.004363096879676331,0.38,0.4943019943019943,0.2040816326530612,4.0,0.0,1,0.01970450940454449,1,0,0,0,0,0,0,0,0,0,0,0,0,0
2026-05-05,MTC,-0.025423728813559365,-0.0014227337934898721,0.027878596147619245,0.08,0.2887361173649064,0.0,0.0,0.0,1,0.026086956521739202,0,0,1,0,0,0,0,0,0,0,0,0,0,0
2026-05-05,OR,0.0,0.00668137071550583,0.01094911374986925,0.5,0.6153782616814699,0.2857142857142857,6.0,-0.2,1,0.016260146842582035,0,0,0,0,0,0,0,0,0,0,0,1,0,0
2026-05-05,OSP,-0.013422801576811638,-0.005333576393435924,0.007303570547935487,0.18,0.338970421015203,0.0612244897959183,0.0,0.0,1,0.013605424490110707,0,0,0,0,0,0,0,0,0,1,0,0,0,0
2026-05-05,PTT,0.03546099290780136,0.007092198581560271,0.015858638138296355,1.0,0.7728921116235123,0.4285714285714285,5.0,0.0,0,-0.0273972602739726,0,0,0,0,0,0,1,0,0,0,0,0,0,0
2026-05-05,PTTEP,0.01948051948051943,0.007858685584736324,0.009406976575730435,0.98,0.6813255353395934,0.4489795918367346,6.0,0.0,0,-0.04140127388535031,0,0,0,0,0,0,1,0,0,0,0,0,0,0
2026-05-05,PTTGC,0.0,0.01060485651214127,0.02019379909531788,0.5,0.6382595769495901,0.4693877551020408,12.0,0.0,1,0.012658227848101333,0,0,0,0,0,0,1,0,0,0,0,0,0,0
2026-05-05,RATCH,0.008620689655172376,0.0035516987269077482,0.015644859725872748,0.76,0.2677087625191304,0.0,0.0,0.0,1,0.03418803418803429,0,0,0,1,0,0,0,0,0,0,0,0,0,0
2026-05-05,SAWAD,-0.03433478072087115,-0.004112124880065382,0.02619879085157192,0.06,0.3498375384972611,0.0816326530612244,0.0,0.0,1,0.004444457455795359,0,0,0,0,0,0,0,0,0,1,0,0,0,0
2026-05-05,SCB,0.0,0.000772110776044177,0.0041891410936262296,0.5,0.7988495394135452,0.4693877551020408,22.0,0.0,1,0.011450381679389388,0,0,0,0,0,0,0,0,1,0,0,0,0,0
2026-05-05,SCC,-0.03749999999999998,0.004796227293898459,0.03216997353727837,0.04,0.6673911126530135,0.4489795918367346,13.0,0.0,1,0.030303030303030276,0,0,0,0,0,0,1,0,0,0,0,0,0,0
2026-05-05,SCGP,0.010000000000000009,0.007741490827377096,0.010321572907330333,0.86,0.5128534376254641,0.3469387755102041,1.0,0.0,1,0.01980198019801982,0,0,0,0,0,0,1,0,0,0,0,0,0,0
2026-05-05,TCAP,0.017857142857142794,0.0063581210186548056,0.016035067911932235,0.94,0.3602260403234661,0.1020408163265306,0.0,0.0,1,0.004385964912280604,0,0,0,0,0,0,0,0,1,0,0,0,0,0
2026-05-05,TIDLOR,-0.05882355684543816,-0.009280514070378287,0.03246556332595017,0.02,0.2781370028253271,0.0,0.0,0.0,1,0.02499995044792591,0,0,0,0,1,0,0,0,0,0,0,0,0,0
2026-05-05,TISCO,0.009132420091324311,0.0023580332070879616,0.014155351960730691,0.84,0.6406867342025374,0.4081632653061224,4.0,0.0,1,0.018099547511312153,0,0,0,0,0,0,0,0,1,0,0,0,0,0
2026-05-05,TLI,0.0,0.0019593673730468274,0.010483731928503362,0.5,0.299872962494744,0.0,0.0,0.0,0,0.0,0,0,0,0,0,1,0,0,0,0,0,0,0,0
2026-05-05,TOP,-0.00520833333333337,0.0067685925721640006,0.030618531790999732,0.34,0.7386039040525615,0.5102040816326531,3.0,0.0,0,-0.005235602094240788,0,0,0,0,0,0,1,0,0,0,0,0,0,0
2026-05-05,TRUE,0.007299292318700967,0.001470592750104993,0.006119889652618771,0.66,0.7259234069997916,0.5510204081632653,3.0,0.0,1,0.0072463283738020134,1,0,0,0,0,0,0,0,0,0,0,0,0,0
2026-05-05,TTB,0.008849549119871458,0.005498852440421786,0.019545958113066184,0.8,0.389142793520201,0.2448979591836734,17.0,0.0,1,0.008771921569070251,0,0,0,0,0,0,0,0,1,0,0,0,0,0
2026-05-05,TU,0.008695685345193604,0.010830046159947804,0.019718526485065696,0.78,0.2779194133981291,0.0,1.0,0.0,1,0.017241362300696395,0,0,0,0,0,0,0,0,0,0,1,0,0,0
2026-05-05,WHA,-0.013392825282365517,0.0019120024978593665,0.015259872216583672,0.2,0.2667685974671863,0.0204081632653061,0.0,0.0,1,0.0542985116085275,1,0,0,0,0,0,0,0,0,0,0,0,0,0
2026-05-06,ADVANC,0.0235294117647058,0.000108181203515878,0.016447234559453825,0.66,0.8340338761433772,0.5306122448979591,1.0,0.0,1,0.005747126436781658,1,0,0,0,0,0,0,0,0,0,0,0,0,0
2026-05-06,AOT,0.039024390243902474,0.008785270205643236,0.017036926002865996,0.88,0.5714144407022494,0.3877551020408163,1.0,0.0,0,-0.009389671361502372,0,0,0,0,0,0,1,0,0,0,0,0,0,0
2026-05-06,AWC,0.01904770329169403,0.003809540658338806,0.00851839187509487,0.58,0.26474316484215,0.0,1.0,0.0,1,0.019417457749564715,0,0,0,0,0,0,0,1,0,0,0,0,0,0
2026-05-06,BANPU,0.0,0.00691230014993387,0.011329699001420926,0.14,0.5168610876183813,0.3469387755102041,0.0,0.0,0,-0.016806707199696347,0,0,0,0,0,0,1,0,0,0,0,0,0,0
2026-05-06,BBL,0.01238390092879249,2.2769364775188095e-05,0.007560360973198139,0.36,0.8021884428957072,0.4897959183673469,5.0,0.0,0,-0.012232415902140636,0,0,0,0,0,0,0,0,1,0,0,0,0,0
2026-05-06,BDMS,-0.005405426025390625,1.7754883228127127e-05,0.00667452749357144,0.06,0.6121736045413307,0.4081632653061224,0.0,0.0,0,0.0,0,0,0,0,0,0,1,0,0,0,0,0,0,0
2026-05-06,BEM,0.018867905855434186,0.005678350341938776,0.008448124025430825,0.56,0.3153698175379232,0.0204081632653061,0.0,0.0,1,0.009259206113829244,0,0,0,0,0,0,0,0,0,1,0,0,0,0
2026-05-06,BH,0.0,0.0011469389025491107,0.008058277518099444,0.14,0.5733025950300475,0.4693877551020408,2.0,0.0,1,0.0027932960893854997,0,0,0,0,0,0,1,0,0,0,0,0,0,0
2026-05-06,BJC,0.04316549625439259,0.004387766409245075,0.02245990322789773,0.94,0.3859487784668349,0.1020408163265306,0.0,0.0,0,-0.013793090294147325,0,0,0,0,0,0,0,0,0,1,0,0,0,0
2026-05-06,BTS,0.029126186624347072,0.0019974019905032005,0.015902396899045886,0.82,0.3820598396963626,0.0816326530612244,1.0,0.0,0,-0.01886790755296608,0,0,0,0,0,0,0,0,0,1,0,0,0,0
2026-05-06,CBG,0.02758620689655178,0.00414737836561172,0.013434174623968604,0.8,0.4037334379706352,0.1428571428571428,0.0,0.0,1,0.033557046979865834,0,0,0,0,0,0,0,0,0,1,0,0,0,0
2026-05-06,CCET,0.008130034654042939,0.0016393350346275426,0.006818098082410662,0.26,0.2944691120222417,0.0408163265306122,0.0,0.0,0,-0.04032258188563265,0,0,0,0,0,0,0,0,0,0,0,1,0,0
2026-05-06,CENTEL,0.039553755216756414,0.0014720495025607016,0.023468013018705897,0.9,0.2958173008031775,0.0,0.0,0.0,0,0.0,0,0,0,0,0,0,0,0,0,0,0,0,1,0
2026-05-06,COM7,0.025862002344394508,0.011347845786000654,0.011297581589895531,0.72,0.5390811125917591,0.3469387755102041,0.0,0.0,1,0.004201696835099522,0,0,0,0,0,0,1,0,0,0,0,0,0,0
2026-05-06,CPALL,0.01734104046242768,0.0007224212518819994,0.009935302455023711,0.52,0.4825031688955927,0.183673469387755,1.0,0.0,1,0.011363636363636465,0,0,0,0,0,0,0,0,0,1,0,0,0,0
2026-05-06,CPF,0.020833312637276835,0.0006909641896007734,0.01681765695215571,0.64,0.7091921123853364,0.4897959183673469,0.0,0.0,0,-0.0051020601797675535,0,0,0,0,0,0,1,0,0,0,0,0,0,0
2026-05-06,CPN,0.024193548387096753,0.004035496826013718,0.011402087336443458,0.68,0.2998494178860543,0.0204081632653061,1.0,0.0,1,0.023622047244094446,0,0,0,0,0,0,0,0,0,0,0,1,0,0
2026-05-06,CRC,0.027472526320885926,0.004401625720023094,0.013112282410079177,0.78,0.1885120701342117,0.1224489795918367,1.0,0.0,1,0.01604273929523581,0,0,0,0,0,0,0,0,0,1,0,0,0,0
2026-05-06,DELTA,0.041935483870967794,0.007153730983865736,0.022514385229770506,0.92,0.7549857549857552,0.5102040816326531,17.0,-0.1,0,-0.024767801857585092,0,0,0,0,0,0,0,0,0,0,0,1,0,0
2026-05-06,EGCO,0.026431718061673992,0.007064121390112588,0.01149063760523764,0.76,0.2641362307564376,0.0,0.0,0.0,1,0.008583690987124415,0,0,0,0,0,0,0,0,0,0,0,0,0,1
2026-05-06,GPSC,0.050000000000000044,0.010010277492291886,0.02292241962700807,0.96,0.3084218345695337,0.0408163265306122,1.0,0.0,1,0.06802721088435382,0,0,0,0,0,0,1,0,0,0,0,0,0,0
2026-05-06,GULF,0.05652173913043468,0.010438546960286076,0.025829396816413268,1.0,0.824860649548974,0.5306122448979591,2.0,0.0,1,0.016460905349794164,1,0,0,0,0,0,0,0,0,0,0,0,0,0
2026-05-06,HMPRO,0.008333365122477288,-0.001625560698184114,0.006923150874987377,0.28,0.3412017927251844,0.0816326530612244,2.0,0.0,1,0.008264415259734426,0,0,0,0,0,0,0,0,0,1,0,0,0,0
2026-05-06,IVL,0.0,0.003329317418146349,0.004677538559479713,0.14,0.6190346064901138,0.4489795918367346,1.0,0.0,0,-0.06407766048678809,0,0,0,0,0,0,1,0,0,0,0,0,0,0
2026-05-06,KBANK,0.015503875968992276,0.0015596702506316617,0.008080042971762178,0.42,0.8492309488143115,0.5510204081632653,8.0,0.0,0,-0.012722646310432517,0,0,0,0,0,0,0,0,1,0,0,0,0,0
2026-05-06,KKP,0.01552795031055898,0.0019647868116039247,0.017262659220467193,0.44,0.6442502814112808,0.4081632653061224,2.0,0.0,1,0.003058103975535076,0,0,0,0,0,0,0,0,1,0,0,0,0,0
2026-05-06,KTB,0.0,-0.0030303030303030277,0.006775963568181175,0.14,0.750245974679521,0.3673469387755101,9.0,0.0,0,0.0,0,0,0,0,0,0,0,0,1,0,0,0,0,0
2026-05-06,KTC,0.008474576271186418,0.0017094017094017033,0.007107706557575747,0.3,0.3257950366470686,0.0408163265306122,2.0,0.0,1,0.008403361344537785,1,0,0,0,0,0,0,0,0,0,0,0,0,0
2026-05-06,LH,0.016483500288558606,0.0011710986457975415,0.01467053292199633,0.48,0.2735033172691258,0.0,1.0,0.0,0,-0.021621665160441172,0,1,0,0,0,0,0,0,0,0,0,0,0,0
2026-05-06,MINT,0.01970450940454449,0.003940883089297809,0.008812135003292948,0.6,0.4943019943019943,0.2040816326530612,6.0,0.0,1,0.009661780107220741,1,0,0,0,0,0,0,0,0,0,0,0,0,0
2026-05-06,MTC,0.026086956521739202,-0.004826032144314452,0.0213609132874235,0.74,0.2887361173649064,0.0,0.0,0.0,1,0.016949152542372836,0,0,1,0,0,0,0,0,0,0,0,0,0,0
2026-05-06,OR,0.016260146842582035,0.004891379910043181,0.007279270965738318,0.46,0.6153782616814699,0.2857142857142857,8.0,-0.2,0,-0.008000030517578138,0,0,0,0,0,0,0,0,0,0,0,1,0,0
2026-05-06,OSP,0.013605424490110707,-0.0026124914954137823,0.011253730194982294,0.4,0.338970421015203,0.0612244897959183,0.0,0.0,0,0.0,0,0,0,0,0,0,0,0,0,1,0,0,0,0
2026-05-06,PTT,-0.0273972602739726,0.0016127465267657514,0.022333199119970254,0.04,0.7728921116235123,0.4285714285714285,5.0,0.0,1,0.007042253521126751,0,0,0,0,0,0,1,0,0,0,0,0,0,0
2026-05-06,PTTEP,-0.04140127388535031,-0.0010838208479628576,0.02428984993045904,0.02,0.6813255353395934,0.4489795918367346,6.0,0.0,0,-0.019933554817275767,0,0,0,0,0,0,1,0,0,0,0,0,0,0
2026-05-06,PTTGC,0.012658227848101333,0.011803168748428216,0.020079126730976206,0.38,0.6382595769495901,0.4693877551020408,11.0,0.0,0,-0.043749999999999956,0,0,0,0,0,0,1,0,0,0,0,0,0,0
2026-05-06,RATCH,0.03418803418803429,0.005171914260166765,0.018686012536821756,0.86,0.2677087625191304,0.0,0.0,0.0,0,-0.008264462809917328,0,0,0,1,0,0,0,0,0,0,0,0,0,0
2026-05-06,SAWAD,0.004444457455795359,-0.01017974135782378,0.01674699134888881,0.22,0.3498375384972611,0.0816326530612244,0.0,0.0,1,0.006741555889001161,0,0,0,0,0,0,0,0,0,1,0,0,0,0
2026-05-06,SCB,0.011450381679389388,0.0015296200621136124,0.005785107962244086,0.34,0.7988495394135452,0.4693877551020408,21.0,0.0,0,-0.007547169811320753,0,0,0,0,0,0,0,0,1,0,0,0,0,0
2026-05-06,SCC,0.030303030303030276,0.009086921850079732,0.03421164277147531,0.84,0.6673911126530135,0.4489795918367346,11.0,0.0,0,-0.01680672268907568,0,0,0,0,0,0,1,0,0,0,0,0,0,0
2026-05-06,SCGP,0.01980198019801982,0.006763611967328798,0.008359352265630006,0.62,0.5128534376254641,0.3469387755102041,1.0,0.0,1,0.009708737864077666,0,0,0,0,0,0,1,0,0,0,0,0,0,0
2026-05-06,TCAP,0.004385964912280604,0.0018054497477172804,0.011140858642823007,0.2,0.3602260403234661,0.1020408163265306,0.0,0.0,0,-0.008733624454148492,0,0,0,0,0,0,0,0,1,0,0,0,0,0
2026-05-06,TIDLOR,0.02499995044792591,-0.010232908444517519,0.031073921306568462,0.7,0.2781370028253271,0.0,0.0,0.0,1,0.006097624721216777,0,0,0,0,1,0,0,0,0,0,0,0,0,0
2026-05-06,TISCO,0.018099547511312153,0.0018589495743389418,0.013374042964966516,0.54,0.6406867342025374,0.4081632653061224,3.0,0.0,0,-0.004444444444444473,0,0,0,0,0,0,0,0,1,0,0,0,0,0
2026-05-06,TLI,0.0,-0.0018868163983385422,0.0042190497277463015,0.14,0.299872962494744,0.0,0.0,0.0,1,0.010101049022522401,0,0,0,0,0,1,0,0,0,0,0,0,0,0
2026-05-06,TOP,-0.005235602094240788,-0.0061704197385760605,0.008376469938355236,0.08,0.7386039040525615,0.5102040816326531,3.0,0.0,0,-0.015789473684210575,0,0,0,0,0,0,1,0,0,0,0,0,0,0
2026-05-06,TRUE,0.0072463283738020134,0.004379716888605589,0.003998293981489609,0.24,0.7259234069997916,0.5510204081632653,3.0,0.0,1,0.03597119387300829,1,0,0,0,0,0,0,0,0,0,0,0,0,0
2026-05-06,TTB,0.008771921569070251,4.6036513239777756e-05,0.010697049048738121,0.32,0.389142793520201,0.2448979591836734,17.0,0.0,0,-0.01739128812274282,0,0,0,0,0,0,0,0,1,0,0,0,0,0
2026-05-06,TU,0.017241362300696395,0.005187409529178,0.007719025675068325,0.5,0.2779194133981291,0.0,1.0,0.0,0,0.0,0,0,0,0,0,0,0,0,0,0,1,0,0,0
2026-05-06,WHA,0.0542985116085275,0.0072922432267141565,0.026840107073419082,0.98,0.2667685974671863,0.0204081632653061,0.0,0.0,1,0.0042918708630312885,1,0,0,0,0,0,0,0,0,0,0,0,0,0
2026-05-07,ADVANC,0.005747126436781658,0.005855307640297491,0.010188713638884931,0.62,0.8340338761433772,0.5306122448979591,3.0,0.0,0,0.0,1,0,0,0,0,0,0,0,0,0,0,0,0,0
2026-05-07,AOT,-0.009389671361502372,0.0059269437764800205,0.01894350581028781,0.3,0.5714144407022494,0.3877551020408163,2.0,0.0,0,-0.028436018957345932,0,0,0,0,0,0,1,0,0,0,0,0,0,0
2026-05-07,AWC,0.019417457749564715,0.007693032208251749,0.010534929322954053,0.92,0.26474316484215,0.0,1.0,0.0,1,0.01904771528006588,0,0,0,0,0,0,0,1,0,0,0,0,0,0
2026-05-07,BANPU,-0.016806707199696347,-0.0016664359114812789,0.009224938785987815,0.2,0.5168610876183813,0.3469387755102041,0.0,0.0,0,-0.008546959779967,0,0,0,0,0,0,1,0,0,0,0,0,0,0
2026-05-07,BBL,-0.012232415902140636,-0.0012004722254388644,0.009133142335500517,0.28,0.8021884428957072,0.4897959183673469,3.0,0.0,1,0.009287925696594534,0,0,0,0,0,0,0,0,1,0,0,0,0,0
2026-05-07,BDMS,0.0,0.0011047155739122515,0.005969919893843265,0.48,0.6121736045413307,0.4081632653061224,0.0,0.0,0,0.0,0,0,0,0,0,0,1,0,0,0,0,0,0,0
2026-05-07,BEM,0.009259206113829244,0.005625422393852686,0.008418786784353255,0.76,0.3153698175379232,0.0204081632653061,0.0,0.0,0,-0.00917425975184516,0,0,0,0,0,0,0,0,0,1,0,0,0,0
2026-05-07,BH,0.0027932960893854997,-0.0011033906436187513,0.004206405592465757,0.54,0.5733025950300475,0.4693877551020408,1.0,0.0,0,-0.005571030640668551,0,0,0,0,0,0,1,0,0,0,0,0,0,0
2026-05-07,BJC,-0.013793090294147325,0.0030375910143396246,0.023497729985618308,0.24,0.3859487784668349,0.1020408163265306,0.0,0.0,0,-0.006993033575937835,0,0,0,0,0,0,0,0,0,1,0,0,0,0
2026-05-07,BTS,-0.01886790755296608,0.0001285806546503787,0.01800489842736598,0.14,0.3820598396963626,0.0816326530612244,1.0,0.0,0,-0.0096153757981291,0,0,0,0,0,0,0,0,0,1,0,0,0,0
2026-05-07,CBG,0.033557046979865834,0.012228650775283522,0.016877312538057358,0.96,0.4037334379706352,0.1428571428571428,0.0,0.0,1,0.051948051948051965,0,0,0,0,0,0,0,0,0,1,0,0,0,0
2026-05-07,CCET,-0.04032258188563265,-0.004799158904791168,0.02027335195140662,0.06,0.2944691120222417,0.0408163265306122,0.0,0.0,0,0.0,0,0,0,0,0,0,0,0,0,0,0,1,0,0
2026-05-07,CENTEL,0.0,0.0030720506011110205,0.022927263391601903,0.48,0.2958173008031775,0.0,0.0,0.0,1,0.008130081300812941,0,0,0,0,0,0,0,0,0,0,0,0,1,0
2026-05-07,COM7,0.004201696835099522,0.009521525268037933,0.011629591401097485,0.58,0.5390811125917591,0.3469387755102041,0.0,0.0,0,-0.004184116446269481,0,0,0,0,0,0,1,0,0,0,0,0,0,0
2026-05-07,CPALL,0.011363636363636465,0.004591510077856497,0.009453353294328695,0.84,0.4825031688955927,0.183673469387755,1.0,0.0,0,-0.016853932584269704,0,0,0,0,0,0,0,0,0,1,0,0,0,0
2026-05-07,CPF,-0.0051020601797675535,0.004721069723904625,0.010131841234436181,0.4,0.7091921123853364,0.4897959183673469,0.0,0.0,0,-0.02564102564102566,0,0,0,0,0,0,1,0,0,0,0,0,0,0
2026-05-07,CPN,0.023622047244094446,0.00956311912623824,0.013096398955895316,0.94,0.2998494178860543,0.0204081632653061,1.0,0.0,0,-0.0038461538461538325,0,0,0,0,0,0,0,0,0,0,0,1,0,0
2026-05-07,CRC,0.01604273929523581,0.007610173579070257,0.013714910858984278,0.86,0.1885120701342117,0.1224489795918367,1.0,0.0,0,-0.01052635594418172,0,0,0,0,0,0,0,0,0,1,0,0,0,0
2026-05-07,DELTA,-0.024767801857585092,-0.00036393195175383753,0.026133722140147597,0.08,0.7549857549857552,0.5102040816326531,16.0,-0.1,0,-0.012698412698412653,0,0,0,0,0,0,0,0,0,0,0,1,0,0
2026-05-07,EGCO,0.008583690987124415,0.00878085958753747,0.010791319901349346,0.74,0.2641362307564376,0.0,0.0,0.0,0,-0.008510638297872353,0,0,0,0,0,0,0,0,0,0,0,0,0,1
2026-05-07,GPSC,0.06802721088435382,0.025044291097734074,0.031793772948452016,1.0,0.3084218345695337,0.0408163265306122,2.0,0.0,0,-0.01273885350318471,0,0,0,0,0,0,1,0,0,0,0,0,0,0
2026-05-07,GULF,0.016460905349794164,0.014596528896045768,0.02449681163028312,0.88,0.824860649548974,0.5306122448979591,0.0,0.0,0,-0.028340080971659964,1,0,0,0,0,0,0,0,0,0,0,0,0,0
2026-05-07,HMPRO,0.008264415259734426,0.0016666572612841213,0.0069310652869108615,0.7,0.3412017927251844,0.0816326530612244,2.0,0.0,0,-0.008196674537606752,0,0,0,0,0,0,0,0,0,1,0,0,0,0
2026-05-07,IVL,-0.06407766048678809,-0.011447008809025805,0.02957024653202174,0.02,0.6190346064901138,0.4489795918367346,1.0,0.0,0,-0.004149432499044092,0,0,0,0,0,0,1,0,0,0,0,0,0,0
2026-05-07,KBANK,-0.012722646310432517,4.0782014186180324e-05,0.010110269031974721,0.26,0.8492309488143115,0.5510204081632653,5.0,0.0,1,0.005154639175257714,0,0,0,0,0,0,0,0,1,0,0,0,0,0
2026-05-07,KKP,0.003058103975535076,0.007514679211649211,0.009064165296304404,0.56,0.6442502814112808,0.4081632653061224,2.0,0.0,1,0.0060975609756097615,0,0,0,0,0,0,0,0,1,0,0,0,0,0
2026-05-07,KTB,0.0,-0.0030303030303030277,0.006775963568181176,0.48,0.750245974679521,0.3673469387755101,6.0,0.0,1,0.007692307692307665,0,0,0,0,0,0,0,0,1,0,0,0,0,0
2026-05-07,KTC,0.008403361344537785,0.005084989232546544,0.004642216671216806,0.72,0.3257950366470686,0.0408163265306122,2.0,0.0,0,-0.008333333333333304,1,0,0,0,0,0,0,0,0,0,0,0,0,0
2026-05-07,LH,-0.021621665160441172,0.0011946004329151493,0.01462467835555384,0.1,0.2735033172691258,0.0,1.0,0.0,0,0.0,0,1,0,0,0,0,0,0,0,0,0,0,0,0
2026-05-07,MINT,0.009661780107220741,0.005873239110741957,0.00879123139075454,0.78,0.4943019943019943,0.2040816326530612,6.0,0.0,1,0.0143541220040595,1,0,0,0,0,0,0,0,0,0,0,0,0,0
2026-05-07,MTC,0.016949152542372836,0.0035224760501105347,0.01969853974054379,0.9,0.2887361173649064,0.0,0.0,0.0,0,0.0,0,0,1,0,0,0,0,0,0,0,0,0,0,0
2026-05-07,OR,-0.008000030517578138,0.0016520232650007794,0.00887055465126044,0.36,0.6153782616814699,0.2857142857142857,10.0,-0.2,0,-0.008064470231593623,0,0,0,0,0,0,0,0,0,0,0,1,0,0
2026-05-07,OSP,0.0,3.652458265981373e-05,0.00955605184556976,0.48,0.338970421015203,0.0612244897959183,0.0,0.0,0,0.0,0,0,0,0,0,0,0,0,0,1,0,0,0,0
2026-05-07,PTT,0.007042253521126751,0.003021197230991102,0.022427923776176965,0.68,0.7728921116235123,0.4285714285714285,4.0,0.0,1,0.020979020979021046,0,0,0,0,0,0,1,0,0,0,0,0,0,0
2026-05-07,PTTEP,-0.019933554817275767,-0.008370861844421328,0.023133017994427796,0.12,0.6813255353395934,0.4489795918367346,6.0,0.0,1,0.006779661016949046,0,0,0,0,0,0,1,0,0,0,0,0,0,0
2026-05-07,PTTGC,-0.043749999999999956,-0.006218354430379725,0.021684980822826015,0.04,0.6382595769495901,0.4693877551020408,11.0,0.0,1,0.013071895424836555,0,0,0,0,0,0,1,0,0,0,0,0,0,0
2026-05-07,RATCH,-0.008264462809917328,0.006908852206657867,0.01637664589623206,0.34,0.2677087625191304,0.0,0.0,0.0,0,-0.008333333333333304,0,0,0,1,0,0,0,0,0,0,0,0,0,0
2026-05-07,SAWAD,0.006741555889001161,-0.004629753475214926,0.01685901731140403,0.66,0.3498375384972611,0.0816326530612244,0.0,0.0,0,0.0,0,0,0,0,0,0,0,0,0,1,0,0,0,0
2026-05-07,SCB,-0.007547169811320753,0.0007806423736137269,0.006801176372275629,0.38,0.7988495394135452,0.4693877551020408,18.0,0.0,1,0.0038022813688212143,0,0,0,0,0,0,0,0,1,0,0,0,0,0
2026-05-07,SCC,-0.01680672268907568,-0.004800738477209077,0.024958736563882207,0.18,0.6673911126530135,0.4489795918367346,8.0,0.0,0,-0.012820512820512775,0,0,0,0,0,0,1,0,0,0,0,0,0,0
2026-05-07,SCGP,0.009708737864077666,0.0079021436124195,0.008278868315168945,0.8,0.5128534376254641,0.3469387755102041,1.0,0.0,0,-0.038461538461538436,0,0,0,0,0,0,1,0,0,0,0,0,0,0
2026-05-07,TCAP,-0.008733624454148492,0.0027018966630549812,0.009719686304726156,0.32,0.3602260403234661,0.1020408163265306,0.0,0.0,1,0.004405286343612369,0,0,0,0,0,0,0,0,1,0,0,0,0,0
2026-05-07,TIDLOR,0.006097624721216777,-0.005545196335259095,0.03149858479997627,0.64,0.2781370028253271,0.0,0.0,0.0,1,0.030303044863786432,0,0,0,0,1,0,0,0,0,0,0,0,0,0
2026-05-07,TISCO,-0.004444444444444473,0.004557504631638398,0.009040099016623048,0.42,0.6406867342025374,0.4081632653061224,3.0,0.0,0,0.0,0,0,0,0,0,0,0,0,1,0,0,0,0,0
2026-05-07,TLI,0.010101049022522401,0.00202020980450448,0.004517326451683579,0.82,0.299872962494744,0.0,0.0,0.0,0,-0.00500001907348635,0,0,0,0,0,1,0,0,0,0,0,0,0,0
2026-05-07,TOP,-0.015789473684210575,-0.005246681822356947,0.006446072329322994,0.22,0.7386039040525615,0.5102040816326531,4.0,0.0,1,0.010695187165775444,0,0,0,0,0,0,1,0,0,0,0,0,0,0
2026-05-07,TRUE,0.03597119387300829,0.010103362913102255,0.014910784864780877,0.98,0.7259234069997916,0.5510204081632653,5.0,0.0,1,0.008403392509899854,1,0,0,0,0,0,0,0,0,0,0,0,0,0
2026-05-07,TTB,-0.01739128812274282,4.6036513239777756e-05,0.010697049048738121,0.16,0.389142793520201,0.2448979591836734,18.0,0.0,0,0.0,0,0,0,0,0,0,0,0,1,0,0,0,0,0
2026-05-07,TU,0.0,0.005187409529178,0.007719025675068325,0.48,0.2779194133981291,0.0,1.0,0.0,0,-0.016949136104436047,0,0,0,0,0,0,0,0,0,0,1,0,0,0
2026-05-07,WHA,0.0042918708630312885,0.009039511437838654,0.026160812546040222,0.6,0.2667685974671863,0.0204081632653061,0.0,0.0,1,0.004273529426602973,1,0,0,0,0,0,0,0,0,0,0,0,0,0
2026-05-08,ADVANC,0.0,0.005855307640297491,0.010188713638884933,0.58,0.8340338761433772,0.5306122448979591,3.0,0.0,0,0.0,1,0,0,0,0,0,0,0,0,0,0,0,0,0
2026-05-08,AOT,-0.028436018957345932,0.00023973998501083393,0.02459364125147942,0.04,0.5714144407022494,0.3877551020408163,2.0,0.0,0,-0.009756097560975618,0,0,0,0,0,0,1,0,0,0,0,0,0,0
2026-05-08,AWC,0.01904771528006588,0.011502575264264925,0.010501451506632321,0.94,0.26474316484215,0.0,1.0,0.0,0,-0.018691681453631315,0,0,0,0,0,0,0,1,0,0,0,0,0,0
2026-05-08,BANPU,-0.008546959779967,-0.003375827867474679,0.009622272057348799,0.26,0.5168610876183813,0.3469387755102041,0.0,0.0,0,-0.008620722256998503,0,0,0,0,0,0,1,0,0,0,0,0,0,0
2026-05-08,BBL,0.009287925696594534,0.0006571129138800424,0.01030739298197924,0.86,0.8021884428957072,0.4897959183673469,4.0,0.0,1,0.0030674846625766694,0,0,0,0,0,0,0,0,1,0,0,0,0,0
2026-05-08,BDMS,0.0,0.0011047155739122515,0.005969919893843265,0.58,0.6121736045413307,0.4081632653061224,0.0,0.0,0,0.0,0,0,0,0,0,0,1,0,0,0,0,0,0,0
2026-05-08,BEM,-0.00917425975184516,0.003790570443483654,0.010654291269098653,0.24,0.3153698175379232,0.0204081632653061,0.0,0.0,0,-0.018518500530834592,0,0,0,0,0,0,0,0,0,1,0,0,0,0
2026-05-08,BH,-0.005571030640668551,-0.0022175967717524615,0.004563727965826538,0.4,0.5733025950300475,0.4693877551020408,1.0,0.0,0,-0.011204481792717047,0,0,0,0,0,0,1,0,0,0,0,0,0,0
2026-05-08,BJC,-0.006993033575937835,0.0016389842991520575,0.023927908520647738,0.38,0.3859487784668349,0.1020408163265306,1.0,0.0,0,0.0,0,0,0,0,0,0,0,0,0,1,0,0,0,0
2026-05-08,BTS,-0.0096153757981291,-0.0017944945049754412,0.018527968949267802,0.22,0.3820598396963626,0.0816326530612244,1.0,0.0,0,0.0,0,0,0,0,0,0,0,0,0,1,0,0,0,0
2026-05-08,CBG,0.051948051948051965,0.022618261164893915,0.0225152482971488,1.0,0.4037334379706352,0.1428571428571428,0.0,0.0,0,-0.006172839506172867,0,0,0,0,0,0,0,0,0,1,0,0,0,0
2026-05-08,CCET,0.0,-0.004799158904791168,0.02027335195140662,0.58,0.2944691120222417,0.0408163265306122,0.0,0.0,0,-0.008403313529497414,0,0,0,0,0,0,0,0,0,0,0,1,0,0
2026-05-08,CENTEL,0.008130081300812941,0.004698066861273609,0.022943213385352813,0.82,0.2958173008031775,0.0,0.0,0.0,0,-0.016129032258064502,0,0,0,0,0,0,0,0,0,0,0,0,1,0
2026-05-08,COM7,-0.004184116446269481,0.008684701978784038,0.012596362470072585,0.44,0.5390811125917591,0.3469387755102041,0.0,0.0,0,-0.004201616694398003,0,0,0,0,0,0,1,0,0,0,0,0,0,0
2026-05-08,CPALL,-0.016853932584269704,0.0012207235610025569,0.01359666863148878,0.12,0.4825031688955927,0.183673469387755,1.0,0.0,1,0.005714285714285783,0,0,0,0,0,0,0,0,0,1,0,0,0,0
2026-05-08,CPF,-0.02564102564102566,-0.0004071354043005071,0.017166047329144313,0.08,0.7091921123853364,0.4897959183673469,1.0,0.0,0,0.0,0,0,0,0,0,0,1,0,0,0,0,0,0,0
2026-05-08,CPN,-0.0038461538461538325,0.008793888357007474,0.013887579313830648,0.48,0.2998494178860543,0.0204081632653061,1.0,0.0,0,-0.019305019305019266,0,0,0,0,0,0,0,0,0,0,0,1,0,0
2026-05-08,CRC,-0.01052635594418172,0.005504902390233912,0.01582129298470126,0.2,0.1885120701342117,0.1224489795918367,1.0,0.0,1,0.005319169442975058,0,0,0,0,0,0,0,0,0,1,0,0,0,0
2026-05-08,DELTA,-0.012698412698412653,-0.0029036144914363683,0.026700387466318306,0.18,0.7549857549857552,0.5102040816326531,17.0,-0.2,0,-0.019292604501607746,0,0,0,0,0,0,0,0,0,0,0,1,0,0
2026-05-08,EGCO,-0.008510638297872353,0.007078731927963,0.012973208470061243,0.28,0.2641362307564376,0.0,0.0,0.0,0,0.0,0,0,0,0,0,0,0,0,0,0,0,0,0,1
2026-05-08,GPSC,-0.01273885350318471,0.022496520397097132,0.03468165875077796,0.16,0.3084218345695337,0.0408163265306122,2.0,0.0,0,-0.006451612903225823,0,0,0,0,0,0,1,0,0,0,0,0,0,0
2026-05-08,GULF,-0.028340080971659964,0.008928512701713775,0.03110561401668803,0.06,0.824860649548974,0.5306122448979591,2.0,0.0,0,-0.02083333333333337,1,0,0,0,0,0,0,0,0,0,0,0,0,0
2026-05-08,HMPRO,-0.008196674537606752,2.7322353762770922e-05,0.008264822095771536,0.34,0.3412017927251844,0.0816326530612244,2.0,0.0,0,-0.008264494075791107,0,0,0,0,0,0,0,0,0,1,0,0,0,0
2026-05-08,IVL,-0.004149432499044092,-0.012276895308834624,0.029224882254559395,0.46,0.6190346064901138,0.4489795918367346,1.0,0.0,1,0.01666664798959161,0,0,0,0,0,0,1,0,0,0,0,0,0,0
2026-05-08,KBANK,0.005154639175257714,0.001071709849237723,0.010364675229853676,0.74,0.8492309488143115,0.5510204081632653,4.0,0.0,1,0.01025641025641022,0,0,0,0,0,0,0,0,1,0,0,0,0,0
2026-05-08,KKP,0.0060975609756097615,0.008734191406771164,0.008166059951800246,0.76,0.6442502814112808,0.4081632653061224,0.0,0.0,0,-0.012121212121212088,0,0,0,0,0,0,0,0,1,0,0,0,0,0
2026-05-08,KTB,0.007692307692307665,-0.0014918414918414947,0.008330847103323725,0.8,0.750245974679521,0.3673469387755101,5.0,0.0,0,-0.007633587786259555,0,0,0,0,0,0,0,0,1,0,0,0,0,0
2026-05-08,KTC,-0.008333333333333304,0.0034183225658798834,0.0075250594447500915,0.31,0.3257950366470686,0.0408163265306122,4.0,0.0,0,-0.008403361344537785,1,0,0,0,0,0,0,0,0,0,0,0,0,0
2026-05-08,LH,0.0,0.0011946004329151493,0.01462467835555384,0.58,0.2735033172691258,0.0,1.0,0.0,0,-0.005524856784194343,0,1,0,0,0,0,0,0,0,0,0,0,0,0
2026-05-08,MINT,0.0143541220040595,0.008744063511553856,0.00873735186941507,0.92,0.4943019943019943,0.2040816326530612,6.0,0.0,0,-0.004716998956176499,1,0,0,0,0,0,0,0,0,0,0,0,0,0
2026-05-08,MTC,0.0,0.0035224760501105347,0.01969853974054379,0.58,0.2887361173649064,0.0,0.0,0.0,0,-0.025000000000000022,0,0,1,0,0,0,0,0,0,0,0,0,0,0
2026-05-08,OR,-0.008064470231593623,3.9129218682054653e-05,0.009917420131541246,0.36,0.6153782616814699,0.2857142857142857,13.0,-0.06666666666666667,1,0.008130034654042939,0,0,0,0,0,0,0,0,0,0,0,1,0,0
2026-05-08,OSP,0.0,3.652458265981373e-05,0.00955605184556976,0.58,0.338970421015203,0.0612244897959183,0.0,0.0,0,-0.013793090294147325,0,0,0,0,0,0,0,0,0,1,0,0,0,0
2026-05-08,PTT,0.020979020979021046,0.007217001426795311,0.023650470378245834,0.96,0.7728921116235123,0.4285714285714285,5.0,0.0,0,0.0,0,0,0,0,0,0,1,0,0,0,0,0,0,0
2026-05-08,PTTEP,0.006779661016949046,-0.00701492964103152,0.023931257490861453,0.78,0.6813255353395934,0.4489795918367346,6.0,0.0,1,0.010101010101010166,0,0,0,0,0,0,1,0,0,0,0,0,0,0
2026-05-08,PTTGC,0.013071895424836555,-0.0036039753454124137,0.023346437045085724,0.9,0.6382595769495901,0.4693877551020408,10.0,0.0,1,0.006451612903225712,0,0,0,0,0,0,1,0,0,0,0,0,0,0
2026-05-08,RATCH,-0.008333333333333304,0.005242185539991206,0.017631514509362796,0.31,0.2677087625191304,0.0,0.0,0.0,1,0.008403361344537785,0,0,0,1,0,0,0,0,0,0,0,0,0,0
2026-05-08,SAWAD,0.0,-0.004629753475214926,0.01685901731140403,0.58,0.3498375384972611,0.0816326530612244,0.0,0.0,0,-0.017857126131349377,0,0,0,0,0,0,0,0,0,1,0,0,0,0
2026-05-08,SCB,0.0038022813688212143,0.0015410986473779697,0.006903865423940804,0.68,0.7988495394135452,0.4693877551020408,16.0,0.0,0,-0.0037878787878787845,0,0,0,0,0,0,0,0,1,0,0,0,0,0
2026-05-08,SCC,-0.012820512820512775,-0.007364841041311632,0.02500075350992372,0.14,0.6673911126530135,0.4489795918367346,7.0,0.0,0,-0.0043290043290042934,0,0,0,0,0,0,1,0,0,0,0,0,0,0
2026-05-08,SCGP,-0.038461538461538436,0.00020983592011181162,0.022723598944366732,0.02,0.5128534376254641,0.3469387755102041,1.0,0.0,0,-0.008000030517578138,0,0,0,0,0,0,1,0,0,0,0,0,0,0
2026-05-08,TCAP,0.004405286343612369,0.003582953931777455,0.009612611361140154,0.72,0.3602260403234661,0.1020408163265306,0.0,0.0,1,0.004385964912280604,0,0,0,0,0,0,0,0,1,0,0,0,0,0
2026-05-08,TIDLOR,0.030303044863786432,0.0005154126374981915,0.035494139187583595,0.98,0.2781370028253271,0.0,1.0,0.0,0,-0.017647067053631393,0,0,0,0,1,0,0,0,0,0,0,0,0,0
2026-05-08,TISCO,0.0,0.004557504631638398,0.009040099016623048,0.58,0.6406867342025374,0.4081632653061224,3.0,0.0,1,0.0044642857142858094,0,0,0,0,0,0,0,0,1,0,0,0,0,0
2026-05-08,TLI,-0.00500001907348635,0.0010202059898072103,0.005518769808173637,0.42,0.299872962494744,0.0,0.0,0.0,1,0.005025144893802347,0,0,0,0,0,1,0,0,0,0,0,0,0,0
2026-05-08,TOP,0.010695187165775444,-0.003107644389201858,0.009616983738249056,0.88,0.7386039040525615,0.5102040816326531,3.0,0.0,0,-0.010582010582010581,0,0,0,0,0,0,1,0,0,0,0,0,0,0
2026-05-08,TRUE,0.008403392509899854,0.011784041415082224,0.013928519099476616,0.84,0.7259234069997916,0.5510204081632653,3.0,0.0,0,-0.013888873100472376,1,0,0,0,0,0,0,0,0,0,0,0,0,0
2026-05-08,TTB,0.0,4.6036513239777756e-05,0.010697049048738121,0.58,0.389142793520201,0.2448979591836734,20.0,0.0,0,-0.008849549119871458,0,0,0,0,0,0,0,0,1,0,0,0,0,0
2026-05-08,TU,-0.016949136104436047,0.0017975823082907905,0.012688540317130523,0.1,0.2779194133981291,0.0,1.0,0.0,0,-0.017241444513996895,0,0,0,0,0,0,0,0,0,0,1,0,0,0
2026-05-08,WHA,0.004273529426602973,0.00989421732315925,0.0258597257285379,0.7,0.2667685974671863,0.0204081632653061,1.0,0.0,0,-0.0035556089537630564,1,0,0,0,0,0,0,0,0,0,0,0,0,0
2026-05-11,ADVANC,0.0,0.005855307640297491,0.010188713638884933,0.7,0.8340338761433772,0.5306122448979591,3.0,0.0,1,0.005714285714285783,1,0,0,0,0,0,0,0,0,0,0,0,0,0
2026-05-11,AOT,-0.009756097560975618,-0.0017114795271842898,0.02500105880301555,0.32,0.5714144407022494,0.3877551020408163,1.0,0.0,1,0.019704433497536922,0,0,0,0,0,0,1,0,0,0,0,0,0,0
2026-05-11,AWC,-0.018691681453631315,0.007764238973538662,0.016960469074497463,0.1,0.26474316484215,0.0,1.0,0.0,1,0.00952380087370197,0,0,0,0,0,0,0,1,0,0,0,0,0,0
2026-05-11,BANPU,-0.008620722256998503,-0.0050999723188743795,0.009638488095942744,0.36,0.5168610876183813,0.3469387755102041,0.0,0.0,0,-0.034782575524371584,0,0,0,0,0,0,1,0,0,0,0,0,0,0
2026-05-11,BBL,0.0030674846625766694,0.0012706098463953763,0.010349705339937433,0.78,0.8021884428957072,0.4897959183673469,4.0,0.0,0,0.0,0,0,0,0,0,0,0,0,1,0,0,0,0,0
2026-05-11,BDMS,0.0,0.0011047155739122515,0.005969919893843265,0.7,0.6121736045413307,0.4081632653061224,0.0,0.0,0,-0.005434803453420622,0,0,0,0,0,0,1,0,0,0,0,0,0,0
2026-05-11,BEM,-0.018518500530834592,8.687033731673566e-05,0.014737663831618801,0.12,0.3153698175379232,0.0204081632653061,0.0,0.0,0,-0.009433997912352998,0,0,0,0,0,0,0,0,0,1,0,0,0,0
2026-05-11,BH,-0.011204481792717047,-0.0044584931302958705,0.005788970898906689,0.28,0.5733025950300475,0.4693877551020408,1.0,0.0,0,-0.005665722379603388,0,0,0,0,0,0,1,0,0,0,0,0,0,0
2026-05-11,BJC,0.0,0.0016389842991520575,0.023927908520647738,0.7,0.3859487784668349,0.1020408163265306,1.0,0.0,0,0.0,0,0,0,0,0,0,0,0,0,1,0,0,0,0
2026-05-11,BTS,0.0,-0.0017944945049754412,0.018527968949267802,0.7,0.3820598396963626,0.0816326530612244,1.0,0.0,0,0.0,0,0,0,0,0,0,0,0,0,1,0,0,0,0
2026-05-11,CBG,-0.006172839506172867,0.021383693263659343,0.024173676663591163,0.5,0.4037334379706352,0.1428571428571428,0.0,0.0,1,0.012422360248447228,0,0,0,0,0,0,0,0,0,1,0,0,0,0
2026-05-11,CCET,-0.008403313529497414,-0.00647982161069065,0.020123804722844776,0.4,0.2944691120222417,0.0408163265306122,0.0,0.0,0,-0.016949136104436047,0,0,0,0,0,0,0,0,0,0,0,1,0,0
2026-05-11,CENTEL,-0.016129032258064502,0.0014722604096607083,0.02482554758187989,0.2,0.2958173008031775,0.0,1.0,0.0,1,0.024590163934426146,0,0,0,0,0,0,0,0,0,0,0,0,1,0
2026-05-11,COM7,-0.004201616694398003,0.007844378639904438,0.01343294303035441,0.58,0.5390811125917591,0.3469387755102041,1.0,0.0,1,0.004219344763797039,0,0,0,0,0,0,1,0,0,0,0,0,0,0
2026-05-11,CPALL,0.005714285714285783,0.0023635807038597132,0.013708108130465874,0.88,0.4825031688955927,0.183673469387755,2.0,0.0,0,-0.005681818181818232,0,0,0,0,0,0,0,0,0,1,0,0,0,0
2026-05-11,CPF,0.0,-0.0004071354043005071,0.017166047329144313,0.7,0.7091921123853364,0.4897959183673469,1.0,0.0,0,-0.01052635594418172,0,0,0,0,0,0,1,0,0,0,0,0,0,0
2026-05-11,CPN,-0.019305019305019266,0.00493288449600362,0.01876924893330783,0.06,0.2998494178860543,0.0204081632653061,1.0,0.0,0,-0.007874015748031482,0,0,0,0,0,0,0,0,0,0,0,1,0,0
2026-05-11,CRC,0.005319169442975058,0.006568736278828924,0.0155348405247697,0.86,0.1885120701342117,0.1224489795918367,1.0,0.0,0,-0.005291025581380615,0,0,0,0,0,0,0,0,0,1,0,0,0,0
2026-05-11,DELTA,-0.019292604501607746,-0.006762135391757918,0.027556169282728856,0.08,0.7549857549857552,0.5102040816326531,13.0,-0.2,0,-0.016393442622950838,0,0,0,0,0,0,0,0,0,0,0,1,0,0
2026-05-11,EGCO,0.0,0.007078731927963,0.012973208470061243,0.7,0.2641362307564376,0.0,0.0,0.0,0,-0.0042918454935622075,0,0,0,0,0,0,0,0,0,0,0,0,0,1
2026-05-11,GPSC,-0.006451612903225823,0.021206197816451965,0.03582892038775135,0.48,0.3084218345695337,0.0408163265306122,2.0,0.0,0,-0.00649350649350644,0,0,0,0,0,0,1,0,0,0,0,0,0,0
2026-05-11,GULF,-0.02083333333333337,0.004761846035047102,0.03387285225004807,0.04,0.824860649548974,0.5306122448979591,2.0,0.0,1,0.004255319148936065,1,0,0,0,0,0,0,0,0,0,0,0,0,0
2026-05-11,HMPRO,-0.008264494075791107,-0.0016255764613954504,0.009059832197999872,0.42,0.3412017927251844,0.0816326530612244,3.0,0.0,0,0.0,0,0,0,0,0,0,0,0,0,1,0,0,0,0
2026-05-11,IVL,0.01666664798959161,-0.008943565710916302,0.03181126404425577,1.0,0.6190346064901138,0.4489795918367346,1.0,0.0,0,-0.012295009365612897,0,0,0,0,0,0,1,0,0,0,0,0,0,0
2026-05-11,KBANK,0.01025641025641022,0.003122991900519767,0.011089153932789144,0.98,0.8492309488143115,0.5510204081632653,5.0,0.0,0,-0.005076142131979711,0,0,0,0,0,0,0,0,1,0,0,0,0,0
2026-05-11,KKP,-0.012121212121212088,0.006309948982528746,0.012206710661281775,0.26,0.6442502814112808,0.4081632653061224,0.0,0.0,1,0.006134969325153339,0,0,0,0,0,0,0,0,1,0,0,0,0,0
2026-05-11,KTB,-0.007633587786259555,-0.0030185590490934056,0.008681203514575919,0.46,0.750245974679521,0.3673469387755101,5.0,0.0,1,0.007692307692307665,0,0,0,0,0,0,0,0,1,0,0,0,0,0
2026-05-11,KTC,-0.008403361344537785,0.0017376502969723262,0.009225644469685304,0.38,0.3257950366470686,0.0408163265306122,5.0,0.0,0,0.0,1,0,0,0,0,0,0,0,0,0,0,0,0,0
2026-05-11,LH,-0.005524856784194343,8.962907607628079e-05,0.014942758234465047,0.52,0.2735033172691258,0.0,0.0,0.0,0,-0.005555550404536702,0,1,0,0,0,0,0,0,0,0,0,0,0,0
2026-05-11,MINT,-0.004716998956176499,0.007800663720318557,0.01007046189352084,0.54,0.4943019943019943,0.2040816326530612,6.0,0.0,1,0.028436036522381025,1,0,0,0,0,0,0,0,0,0,0,0,0,0
2026-05-11,MTC,-0.025000000000000022,-0.00147752394988947,0.023602190968979236,0.02,0.2887361173649064,0.0,0.0,0.0,0,-0.008547008547008517,0,0,1,0,0,0,0,0,0,0,0,0,0,0
2026-05-11,OR,0.008130034654042939,0.0016651361494906425,0.010555361377458947,0.92,0.6153782616814699,0.2857142857142857,13.0,-0.06666666666666667,0,-0.008064470231593623,0,0,0,0,0,0,0,0,0,0,0,1,0,0
2026-05-11,OSP,-0.013793090294147325,-0.0027220934761696515,0.011385073046801626,0.24,0.338970421015203,0.0612244897959183,0.0,0.0,0,-0.013986000461365,0,0,0,0,0,0,0,0,0,1,0,0,0,0
2026-05-11,PTT,0.0,0.007217001426795311,0.023650470378245837,0.7,0.7728921116235123,0.4285714285714285,3.0,0.0,1,0.013698630136986356,0,0,0,0,0,0,1,0,0,0,0,0,0,0
2026-05-11,PTTEP,0.010101010101010166,-0.004994727620829487,0.025070702098007182,0.96,0.6813255353395934,0.4489795918367346,7.0,0.0,1,0.0033333333333334103,0,0,0,0,0,0,1,0,0,0,0,0,0,0
2026-05-11,PTTGC,0.006451612903225712,-0.002313652764767271,0.023769865616604775,0.9,0.6382595769495901,0.4693877551020408,10.0,0.0,1,0.0064102564102563875,0,0,0,0,0,0,1,0,0,0,0,0,0,0
2026-05-11,RATCH,0.008403361344537785,0.006922857808898763,0.017405964799671887,0.94,0.2677087625191304,0.0,0.0,0.0,0,0.0,0,0,0,1,0,0,0,0,0,0,0,0,0,0
2026-05-11,SAWAD,-0.017857126131349377,-0.0082011787014848,0.017511847691161028,0.14,0.3498375384972611,0.0816326530612244,0.0,0.0,0,-0.009090943769975102,0,0,0,0,0,0,0,0,0,1,0,0,0,0
2026-05-11,SCB,-0.0037878787878787845,0.0007835228898022129,0.007311067662963707,0.6,0.7988495394135452,0.4693877551020408,16.0,0.0,0,-0.0038022813688213253,0,0,0,0,0,0,0,0,1,0,0,0,0,0
2026-05-11,SCC,-0.0043290043290042934,-0.00823064190711249,0.024755696665311952,0.56,0.6673911126530135,0.4489795918367346,7.0,0.0,0,-0.013043478260869601,0,0,0,0,0,0,1,0,0,0,0,0,0,0
2026-05-11,SCGP,-0.008000030517578138,-0.001390170183403816,0.023021759131811592,0.44,0.5128534376254641,0.3469387755102041,1.0,0.0,0,-0.016129017372408794,0,0,0,0,0,0,1,0,0,0,0,0,0,0
2026-05-11,TCAP,0.004385964912280604,0.004460146914233576,0.009401716849018865,0.8,0.3602260403234661,0.1020408163265306,0.0,0.0,1,0.026200873362445476,0,0,0,0,0,0,0,0,1,0,0,0,0,0
2026-05-11,TIDLOR,-0.017647067053631393,-0.003014000773228087,0.03642341928586249,0.16,0.2781370028253271,0.0,1.0,0.0,0,-0.01796413972853772,0,0,0,0,1,0,0,0,0,0,0,0,0,0
2026-05-11,TISCO,0.0044642857142858094,0.0054503617744955605,0.008691165526452532,0.82,0.6406867342025374,0.4081632653061224,3.0,0.0,0,-0.004444444444444473,0,0,0,0,0,0,0,0,1,0,0,0,0,0
2026-05-11,TLI,0.005025144893802347,0.0020252349685676795,0.005739677253661334,0.84,0.299872962494744,0.0,0.0,0.0,1,0.0100000381469727,0,0,0,0,0,1,0,0,0,0,0,0,0,0
2026-05-11,TOP,-0.010582010582010581,-0.005224046505603974,0.009921673392501572,0.3,0.7386039040525615,0.5102040816326531,7.0,0.0,0,-0.04278074866310155,0,0,0,0,0,0,1,0,0,0,0,0,0,0
2026-05-11,TRUE,-0.013888873100472376,0.00900626679498775,0.017731816923741456,0.22,0.7259234069997916,0.5510204081632653,5.0,0.0,0,-0.007042245402980596,1,0,0,0,0,0,0,0,0,0,0,0,0,0
2026-05-11,TTB,-0.008849549119871458,-0.001723873310734514,0.011414616220825131,0.34,0.389142793520201,0.2448979591836734,19.0,0.0,1,0.008928562875609058,0,0,0,0,0,0,0,0,1,0,0,0,0,0
2026-05-11,TU,-0.017241444513996895,-0.0016507065945085887,0.015360631334003253,0.18,0.2779194133981291,0.0,1.0,0.0,0,0.0,0,0,0,0,0,0,0,0,0,0,1,0,0,0
2026-05-11,WHA,-0.0035556089537630564,0.009183095532406638,0.026245835281316014,0.62,0.2667685974671863,0.0204081632653061,2.0,0.0,0,-0.02202641089709456,1,0,0,0,0,0,0,0,0,0,0,0,0,0
2026-05-12,ADVANC,0.005714285714285783,0.006998164783154648,0.00967528022639385,0.76,0.8340338761433772,0.5306122448979591,4.0,0.0,1,0.008522727272727293,1,0,0,0,0,0,0,0,0,0,0,0,0,0
2026-05-12,AOT,0.019704433497536922,0.0022294071723230947,0.026824759988236833,0.94,0.5714144407022494,0.3877551020408163,1.0,0.0,0,0.0,0,0,0,0,0,0,1,0,0,0,0,0,0,0
2026-05-12,AWC,0.00952380087370197,0.009668999148279057,0.01639589994124936,0.86,0.26474316484215,0.0,1.0,0.0,0,-0.00943395377648304,0,0,0,0,0,0,0,1,0,0,0,0,0,0
2026-05-12,BANPU,-0.034782575524371584,-0.013751392952206686,0.013173423056362595,0.04,0.5168610876183813,0.3469387755102041,0.0,0.0,1,0.00900895714943828,0,0,0,0,0,0,1,0,0,0,0,0,0,0
2026-05-12,BBL,0.0,0.0025013790771646117,0.009583625885844438,0.62,0.8021884428957072,0.4897959183673469,4.0,0.0,0,0.0,0,0,0,0,0,0,0,0,1,0,0,0,0,0
2026-05-12,BDMS,-0.005434803453420622,-0.0021680458957622495,0.0029687372762938007,0.44,0.6121736045413307,0.4081632653061224,0.0,0.0,0,-0.005464397720770453,0,0,0,0,0,0,1,0,0,0,0,0,0,0
2026-05-12,BEM,-0.009433997912352998,-0.001799929245153864,0.015343029877644992,0.24,0.3153698175379232,0.0204081632653061,0.0,0.0,1,0.009523845854259694,0,0,0,0,0,0,0,0,0,1,0,0,0,0
2026-05-12,BH,-0.005665722379603388,-0.0039295877447206974,0.00546057251007198,0.4,0.5733025950300475,0.4693877551020408,1.0,0.0,0,0.0,0,0,0,0,0,0,1,0,0,0,0,0,0,0
2026-05-12,BJC,0.0,0.0044758744768614855,0.0223732243076494,0.62,0.3859487784668349,0.1020408163265306,1.0,0.0,0,-0.007042213319620072,0,0,0,0,0,0,0,0,0,1,0,0,0,0
2026-05-12,BTS,0.0,0.0001285806546503787,0.01800489842736598,0.62,0.3820598396963626,0.0816326530612244,1.0,0.0,0,0.0,0,0,0,0,0,0,0,0,0,1,0,0,0,0
2026-05-12,CBG,0.012422360248447228,0.023868165313348788,0.021963872146835973,0.9,0.4037334379706352,0.1428571428571428,0.0,0.0,0,-0.018404907975460127,0,0,0,0,0,0,0,0,0,1,0,0,0,0
2026-05-12,CCET,-0.016949136104436047,-0.011508999373104633,0.018625329752185643,0.1,0.2944691120222417,0.0408163265306122,0.0,0.0,1,0.025862002344394508,0,0,0,0,0,0,0,0,0,0,0,1,0,0
2026-05-12,CENTEL,0.024590163934426146,0.0112289936387862,0.02159263836883445,0.96,0.2958173008031775,0.0,1.0,0.0,0,-0.016000000000000014,0,0,0,0,0,0,0,0,0,0,0,0,1,0
2026-05-12,COM7,0.004219344763797039,0.005179462160524717,0.012301692604194593,0.72,0.5390811125917591,0.3469387755102041,1.0,0.0,0,-0.016806707199696347,0,0,0,0,0,0,1,0,0,0,0,0,0,0
2026-05-12,CPALL,-0.005681818181818232,0.0023766423548523983,0.013698475589832632,0.38,0.4825031688955927,0.183673469387755,2.0,0.0,0,0.0,0,0,0,0,0,0,0,0,0,1,0,0,0,0
2026-05-12,CPF,-0.01052635594418172,-0.00408722582553962,0.016917426105668702,0.22,0.7091921123853364,0.4897959183673469,1.0,0.0,0,0.0,0,0,0,0,0,0,1,0,0,0,0,0,0,0
2026-05-12,CPN,-0.007874015748031482,0.0033580813463973238,0.019598610548273644,0.32,0.2998494178860543,0.0204081632653061,1.0,0.0,0,0.0,0,0,0,0,0,0,0,0,0,0,0,1,0,0
2026-05-12,CRC,-0.005291025581380615,0.0066034107067068915,0.01550142498666599,0.46,0.1885120701342117,0.1224489795918367,1.0,0.0,1,0.015957508328925174,0,0,0,0,0,0,0,0,0,1,0,0,0,0
2026-05-12,DELTA,-0.016393442622950838,-0.006243355561917708,0.027291622375432336,0.12,0.7549857549857552,0.5102040816326531,11.0,-0.2,1,0.10333333333333328,0,0,0,0,0,0,0,0,0,0,0,1,0,0
2026-05-12,EGCO,-0.0042918454935622075,0.004442585051472769,0.013824647942481567,0.52,0.2641362307564376,0.0,0.0,0.0,1,0.004310344827586299,0,0,0,0,0,0,0,0,0,0,0,0,0,1
2026-05-12,GPSC,-0.00649350649350644,0.018468647596887378,0.03764410320562891,0.36,0.3084218345695337,0.0408163265306122,2.0,0.0,0,-0.006535947712418277,0,0,0,0,0,0,1,0,0,0,0,0,0,0
2026-05-12,GULF,0.004255319148936065,0.0056129098648343145,0.03377662032318859,0.74,0.824860649548974,0.5306122448979591,3.0,0.0,0,0.0,1,0,0,0,0,0,0,0,0,0,0,0,0,0
2026-05-12,HMPRO,0.0,2.7322353762770922e-05,0.008264822095771536,0.62,0.3412017927251844,0.0816326530612244,1.0,0.0,0,0.0,0,0,0,0,0,0,0,0,0,1,0,0,0,0
2026-05-12,IVL,-0.012295009365612897,-0.012771090872370694,0.03056388785675803,0.2,0.6190346064901138,0.4489795918367346,1.0,0.0,1,0.029045549218502886,0,0,0,0,0,0,1,0,0,0,0,0,0,0
2026-05-12,KBANK,-0.005076142131979711,0.002623227391649596,0.011460374827854808,0.48,0.8492309488143115,0.5510204081632653,6.0,0.0,0,-0.005102040816326481,0,0,0,0,0,0,0,0,1,0,0,0,0,0
2026-05-12,KKP,0.006134969325153339,0.0037394744931290138,0.01002861873724181,0.78,0.6442502814112808,0.4081632653061224,0.0,0.0,0,-0.012195121951219523,0,0,0,0,0,0,0,0,1,0,0,0,0,0
2026-05-12,KTB,0.007692307692307665,0.001550205519671155,0.006414810441289514,0.82,0.750245974679521,0.3673469387755101,6.0,0.0,0,0.0,0,0,0,0,0,0,0,0,1,0,0,0,0,0
2026-05-12,KTC,0.0,2.8248587570622875e-05,0.008403747099967444,0.62,0.3257950366470686,0.0408163265306122,4.0,0.0,0,0.0,1,0,0,0,0,0,0,0,0,0,0,0,0,0
2026-05-12,LH,-0.005555550404536702,-0.003243714412122722,0.01367462936352655,0.42,0.2735033172691258,0.0,0.0,0.0,0,0.0,0,1,0,0,0,0,0,0,0,0,0,0,0,0
2026-05-12,MINT,0.028436036522381025,0.013487889816405852,0.012337958684267104,1.0,0.4943019943019943,0.2040816326530612,6.0,0.0,0,-0.009216624696208542,1,0,0,0,0,0,0,0,0,0,0,0,0,0
2026-05-12,MTC,-0.008547008547008517,0.0018978201034206999,0.020296833631441344,0.28,0.2887361173649064,0.0,0.0,0.0,0,-0.008620689655172376,0,0,1,0,0,0,0,0,0,0,0,0,0,0
2026-05-12,OR,-0.008064470231593623,5.22421031719178e-05,0.011451506900253908,0.3,0.6153782616814699,0.2857142857142857,13.0,-0.06666666666666667,1,0.016260146842582035,0,0,0,0,0,0,0,0,0,0,0,1,0,0
2026-05-12,OSP,-0.013986000461365,-0.002834733253080324,0.011519402775787798,0.16,0.338970421015203,0.0612244897959183,0.0,0.0,1,0.007092157807799149,0,0,0,0,0,0,0,0,0,1,0,0,0,0
2026-05-12,PTT,0.013698630136986356,0.0028645288726323105,0.018620871124446988,0.92,0.7728921116235123,0.4285714285714285,4.0,0.0,0,0.0,0,0,0,0,0,0,1,0,0,0,0,0,0,0
2026-05-12,PTTEP,0.0033333333333334103,-0.008224164850266691,0.021979154722360665,0.7,0.6813255353395934,0.4489795918367346,7.0,0.0,1,0.0033222591362125353,0,0,0,0,0,0,1,0,0,0,0,0,0,0
2026-05-12,PTTGC,0.0064102564102563875,-0.0010316014827159935,0.02409647988013446,0.8,0.6382595769495901,0.4693877551020408,9.0,0.0,0,-0.006369426751592355,0,0,0,0,0,0,1,0,0,0,0,0,0,0
2026-05-12,RATCH,0.0,0.005198719877864288,0.017621368502953434,0.62,0.2677087625191304,0.0,0.0,0.0,0,0.0,0,0,0,1,0,0,0,0,0,0,0,0,0,0
2026-05-12,SAWAD,-0.009090943769975102,-0.003152411311305592,0.010210723588493054,0.26,0.3498375384972611,0.0816326530612244,0.0,0.0,1,0.013761520867357158,0,0,0,0,0,0,0,0,0,1,0,0,0,0
2026-05-12,SCB,-0.0038022813688213253,2.3066616037947795e-05,0.007604785752205038,0.54,0.7988495394135452,0.4693877551020408,17.0,0.0,1,0.003816793893129722,0,0,0,0,0,0,0,0,1,0,0,0,0,0
2026-05-12,SCC,-0.013043478260869601,-0.003339337559286415,0.019353435412238867,0.18,0.6673911126530135,0.4489795918367346,7.0,0.0,1,0.008810572687224738,0,0,0,0,0,0,1,0,0,0,0,0,0,0
2026-05-12,SCGP,-0.016129017372408794,-0.0066159736578855766,0.022753890348559142,0.14,0.5128534376254641,0.3469387755102041,0.0,0.0,1,0.00819675270763387,0,0,0,0,0,0,1,0,0,0,0,0,0,0
2026-05-12,TCAP,0.026200873362445476,0.006128893015294112,0.012578008956996449,0.98,0.3602260403234661,0.1020408163265306,1.0,0.0,0,-0.004255319148936176,0,0,0,0,0,0,0,0,1,0,0,0,0,0
2026-05-12,TIDLOR,-0.01796413972853772,0.005157882650152002,0.02281207795376329,0.08,0.2781370028253271,0.0,1.0,0.0,1,0.012195189013071817,0,0,0,0,1,0,0,0,0,0,0,0,0,0
2026-05-12,TISCO,-0.004444444444444473,0.0027349888673418032,0.009349182041362107,0.5,0.6406867342025374,0.4081632653061224,3.0,0.0,0,-0.004464285714285698,0,0,0,0,0,0,0,0,1,0,0,0,0,0
2026-05-12,TLI,0.0100000381469727,0.00402524259796222,0.006543533761909479,0.88,0.299872962494744,0.0,0.0,0.0,0,-0.00990102749433508,0,0,0,0,0,1,0,0,0,0,0,0,0,0
2026-05-12,TOP,-0.04278074866310155,-0.01273852957155761,0.019505939883344352,0.02,0.7386039040525615,0.5102040816326531,7.0,0.0,1,0.016759776536312776,0,0,0,0,0,0,1,0,0,0,0,0,0,0
2026-05-12,TRUE,-0.007042245402980596,0.006137959250651437,0.019177945449979104,0.34,0.7259234069997916,0.5510204081632653,6.0,0.0,1,0.03546102003059581,1,0,0,0,0,0,0,0,0,0,0,0,0,0
2026-05-12,TTB,0.008928562875609058,-0.0017080705595869938,0.011432953905796373,0.84,0.389142793520201,0.2448979591836734,17.0,0.0,0,-0.008849549119871458,0,0,0,0,0,0,0,0,1,0,0,0,0,0
2026-05-12,TU,0.0,-0.0033898436635473096,0.014355747954071801,0.62,0.2779194133981291,0.0,1.0,0.0,1,0.008771963580347819,0,0,0,0,0,0,0,0,0,0,1,0,0,0
2026-05-12,WHA,-0.02202641089709456,0.007456378409460829,0.028305603726474074,0.06,0.2667685974671863,0.0204081632653061,2.0,0.0,1,0.02702700090373522,1,0,0,0,0,0,0,0,0,0,0,0,0,0
2026-05-13,ADVANC,0.008522727272727293,0.003996827884758946,0.003822506964290629,0.72,0.8340338761433772,0.5306122448979591,4.0,0.0,1,0.022535211267605604,1,0,0,0,0,0,0,0,0,0,0,0,0,0
2026-05-13,AOT,0.0,-0.0055754708764574005,0.01749849896438664,0.47,0.5714144407022494,0.3877551020408163,1.0,0.0,1,0.02898550724637672,0,0,0,0,0,0,1,0,0,0,0,0,0,0
2026-05-13,AWC,-0.00943395377648304,0.003972667734643642,0.017248361521460254,0.12,0.26474316484215,0.0,0.0,0.0,1,0.0380953170274696,0,0,0,0,0,0,0,1,0,0,0,0,0,0
2026-05-13,BANPU,0.00900895714943828,-0.01194960152231903,0.015865503198189065,0.78,0.5168610876183813,0.3469387755102041,0.0,0.0,0,0.0,0,0,0,0,0,0,1,0,0,0,0,0,0,0
2026-05-13,BBL,0.0,2.459889140611349e-05,0.007831091864744266,0.47,0.8021884428957072,0.4897959183673469,4.0,0.0,1,0.006116207951070374,0,0,0,0,0,0,0,0,1,0,0,0,0,0
2026-05-13,BDMS,-0.005464397720770453,-0.002179840234838215,0.002984887509646571,0.26,0.6121736045413307,0.4081632653061224,1.0,0.0,1,0.01648347387278326,0,0,0,0,0,0,1,0,0,0,0,0,0,0
2026-05-13,BEM,0.009523845854259694,-0.0036687412453887624,0.012502404234797369,0.8,0.3153698175379232,0.0204081632653061,0.0,0.0,1,0.018867905855434186,0,0,0,0,0,0,0,0,0,1,0,0,0,0
2026-05-13,BH,0.0,-0.0039295877447206974,0.005460572510071979,0.47,0.5733025950300475,0.4693877551020408,2.0,0.0,1,0.014245014245014342,0,0,0,0,0,0,1,0,0,0,0,0,0,0
2026-05-13,BJC,-0.007042213319620072,-0.005565667437941046,0.005784923438277795,0.2,0.3859487784668349,0.1020408163265306,2.0,0.0,1,0.014184383252072719,0,0,0,0,0,0,0,0,0,1,0,0,0,0
2026-05-13,BTS,0.0,-0.005696656670219036,0.008458633179698213,0.47,0.3820598396963626,0.0816326530612244,1.0,0.0,0,0.0,0,0,0,0,0,0,0,0,0,1,0,0,0,0
2026-05-13,CBG,-0.018404907975460127,0.014669942338946407,0.028634765065225755,0.02,0.4037334379706352,0.1428571428571428,0.0,0.0,1,0.03125,0,0,0,0,0,0,0,0,0,1,0,0,0,0
2026-05-13,CCET,0.025862002344394508,-0.00796260583503432,0.024164163598840615,0.92,0.2944691120222417,0.0408163265306122,0.0,0.0,1,0.0672269089394868,0,0,0,0,0,0,0,0,0,0,0,1,0,0
2026-05-13,CENTEL,-0.016000000000000014,0.00011824259543491422,0.017225345855051723,0.06,0.2958173008031775,0.0,1.0,0.0,1,0.016260162601626105,0,0,0,0,0,0,0,0,0,0,0,0,1,0
2026-05-13,COM7,-0.016806707199696347,-0.003354279748293454,0.00861433374614254,0.04,0.5390811125917591,0.3469387755102041,1.0,0.0,1,0.04700856407701148,0,0,0,0,0,0,1,0,0,0,0,0,0,0
2026-05-13,CPALL,0.0,-0.0010915657376331378,0.010864688389893275,0.47,0.4825031688955927,0.183673469387755,3.0,0.0,1,0.0685714285714285,0,0,0,0,0,0,0,0,0,1,0,0,0,0
2026-05-13,CPF,0.0,-0.008253888352994987,0.01064969505134752,0.47,0.7091921123853364,0.4897959183673469,1.0,0.0,1,0.021276677771900232,0,0,0,0,0,0,1,0,0,0,0,0,0,0
2026-05-13,CPN,0.0,-0.001480628331022027,0.015783825649258825,0.47,0.2998494178860543,0.0204081632653061,1.0,0.0,1,0.03571428571428581,0,0,0,0,0,0,0,0,0,0,0,1,0,0
2026-05-13,CRC,0.015957508328925174,0.004300407108314741,0.012110292465563261,0.86,0.1885120701342117,0.1224489795918367,2.0,0.0,1,0.07329840788320152,0,0,0,0,0,0,0,0,0,1,0,0,0,0
2026-05-13,DELTA,0.10333333333333328,0.006036214330555389,0.05456931739530694,1.0,0.7549857549857552,0.5102040816326531,16.0,-0.2,1,0.009063444108761365,0,0,0,0,0,0,0,0,0,0,0,1,0,0
2026-05-13,EGCO,0.004310344827586299,1.8310404655230706e-05,0.006765871139741902,0.66,0.2641362307564376,0.0,0.0,0.0,1,0.0042918454935623185,0,0,0,0,0,0,0,0,0,0,0,0,0,1
2026-05-13,GPSC,-0.006535947712418277,0.007161458054403713,0.03413229757168705,0.22,0.3084218345695337,0.0408163265306122,2.0,0.0,1,0.019736842105263053,0,0,0,0,0,0,1,0,0,0,0,0,0,0
2026-05-13,GULF,0.0,-0.0056914379612526215,0.018468180628572143,0.47,0.824860649548974,0.5306122448979591,3.0,0.0,1,0.021186440677966045,1,0,0,0,0,0,0,0,0,0,0,0,0,0
2026-05-13,HMPRO,0.0,-0.0016393506707326865,0.006898379198793907,0.47,0.3412017927251844,0.0816326530612244,1.0,0.0,1,0.016666650772094727,0,0,0,0,0,0,0,0,0,1,0,0,0,0
2026-05-13,IVL,0.029045549218502886,-0.0069619810286701165,0.035893616438791506,0.96,0.6190346064901138,0.4489795918367346,1.0,0.0,1,0.028225872669578544,0,0,0,0,0,0,1,0,0,0,0,0,0,0
2026-05-13,KBANK,-0.005102040816326481,-0.001497955965414155,0.009140687400015139,0.28,0.8492309488143115,0.5510204081632653,5.0,0.0,1,0.01025641025641022,0,0,0,0,0,0,0,0,1,0,0,0,0,0
2026-05-13,KKP,-0.012195121951219523,-0.001805139959226687,0.009533129466859053,0.08,0.6442502814112808,0.4081632653061224,0.0,0.0,1,0.006172839506172867,0,0,0,0,0,0,0,0,1,0,0,0,0,0
2026-05-13,KTB,0.0,0.001550205519671155,0.006414810441289513,0.47,0.750245974679521,0.3673469387755101,6.0,0.0,1,0.03053435114503822,0,0,0,0,0,0,0,0,1,0,0,0,0,0
2026-05-13,KTC,0.0,-0.0016666666666666607,0.007014066568854671,0.47,0.3257950366470686,0.0408163265306122,3.0,0.0,1,0.008474576271186418,1,0,0,0,0,0,0,0,0,0,0,0,0,0
2026-05-13,LH,0.0,-0.0065404144698344435,0.008874112348671035,0.47,0.2735033172691258,0.0,0.0,0.0,1,0.02234641447752228,0,1,0,0,0,0,0,0,0,0,0,0,0,0
2026-05-13,MINT,-0.009216624696208542,0.007703662996255245,0.015153078223531588,0.14,0.4943019943019943,0.2040816326530612,8.0,0.0,1,0.01860463342001273,1,0,0,0,0,0,0,0,0,0,0,0,0,0
2026-05-13,MTC,-0.008620689655172376,-0.005043709131961616,0.015267992730700492,0.18,0.2887361173649064,0.0,0.0,0.0,1,0.017391304347825987,0,0,1,0,0,0,0,0,0,0,0,0,0,0
2026-05-13,OR,0.016260146842582035,5.22421031719178e-05,0.011451506900253908,0.88,0.6153782616814699,0.2857142857142857,12.0,-0.06666666666666667,1,0.015999984741210893,0,0,0,0,0,0,0,0,0,0,0,1,0,0
2026-05-13,OSP,0.007092157807799149,-0.004137386589542635,0.0093617094083011,0.68,0.338970421015203,0.0612244897959183,0.0,0.0,1,0.028169054758972578,0,0,0,0,0,0,0,0,0,1,0,0,0,0
2026-05-13,PTT,0.0,0.00834398092742683,0.00907269302547023,0.47,0.7728921116235123,0.4285714285714285,3.0,0.0,1,0.006756756756756799,0,0,0,0,0,0,1,0,0,0,0,0,0,0
2026-05-13,PTTEP,0.0033222591362125353,0.000720541754045878,0.011883743423280264,0.62,0.6813255353395934,0.4489795918367346,7.0,0.0,0,0.0,0,0,0,0,0,0,1,0,0,0,0,0,0,0
2026-05-13,PTTGC,-0.006369426751592355,-0.004837132402654732,0.022864995047211352,0.24,0.6382595769495901,0.4693877551020408,6.0,0.0,1,0.012820512820512775,0,0,0,0,0,0,1,0,0,0,0,0,0,0
2026-05-13,RATCH,0.0,-0.0016388869597425693,0.006980911823210333,0.47,0.2677087625191304,0.0,0.0,0.0,0,0.0,0,0,0,1,0,0,0,0,0,0,0,0,0,0
2026-05-13,SAWAD,0.013761520867357158,-0.001288998628993232,0.012530389632402402,0.84,0.3498375384972611,0.0816326530612244,0.0,0.0,1,0.009049721816227319,0,0,0,0,0,0,0,0,0,1,0,0,0,0
2026-05-13,SCB,0.003816793893129722,-0.0015036509412139853,0.005086392875739838,0.64,0.7988495394135452,0.4693877551020408,17.0,0.0,1,0.011406844106463865,0,0,0,0,0,0,0,0,1,0,0,0,0,0
2026-05-13,SCC,0.008810572687224738,-0.007637829082447522,0.01026703591310808,0.76,0.6673911126530135,0.4489795918367346,4.0,0.0,0,0.0,0,0,0,0,0,0,1,0,0,0,0,0,0,0
2026-05-13,SCGP,0.00819675270763387,-0.008937019155962766,0.0197833921472235,0.7,0.5128534376254641,0.3469387755102041,0.0,0.0,1,0.03658534977943373,0,0,0,0,0,0,1,0,0,0,0,0,0,0
2026-05-13,TCAP,-0.004255319148936176,0.004400636203050756,0.013441400067917754,0.32,0.3602260403234661,0.1020408163265306,1.0,0.0,1,0.004273504273504258,0,0,0,0,0,0,0,0,1,0,0,0,0,0
2026-05-13,TIDLOR,0.012195189013071817,0.0025969303631811825,0.020643323651653837,0.82,0.2781370028253271,0.0,1.0,0.0,1,0.012048079122839894,0,0,0,0,1,0,0,0,0,0,0,0,0,0
2026-05-13,TISCO,-0.004464285714285698,-0.001777777777777767,0.003986332825456755,0.3,0.6406867342025374,0.4081632653061224,2.0,0.0,1,0.004484304932735439,0,0,0,0,0,0,0,0,1,0,0,0,0,0
2026-05-13,TLI,-0.00990102749433508,0.002045037099095204,0.009074740877780554,0.1,0.299872962494744,0.0,0.0,0.0,1,0.030000019073486373,0,0,0,0,0,1,0,0,0,0,0,0,0,0
2026-05-13,TOP,0.016759776536312776,-0.008339453845446898,0.02365916085374775,0.9,0.7386039040525615,0.5102040816326531,9.0,0.0,1,0.0219780219780219,0,0,0,0,0,0,1,0,0,0,0,0,0,0
2026-05-13,TRUE,0.03546102003059581,0.011780897582010197,0.023294709769940608,0.98,0.7259234069997916,0.5510204081632653,7.0,0.0,1,0.013698613874707277,1,0,0,0,0,0,0,0,0,0,0,0,0,0
2026-05-13,TTB,-0.008849549119871458,-0.005232364697375336,0.01002393354938939,0.16,0.389142793520201,0.2448979591836734,13.0,0.0,1,0.017857125751218117,0,0,0,0,0,0,0,0,1,0,0,0,0,0
2026-05-13,TU,0.008771963580347819,-0.005083723407617024,0.011535453504794615,0.74,0.2779194133981291,0.0,1.0,0.0,1,0.008695685345193604,0,0,0,0,0,0,0,0,0,0,1,0,0,0
2026-05-13,WHA,0.02702700090373522,0.002002076268502373,0.0176416097071009,0.94,0.2667685974671863,0.0204081632653061,3.0,0.0,1,0.026315764707210976,1,0,0,0,0,0,0,0,0,0,0,0,0,0
2026-05-14,ADVANC,0.022535211267605604,0.007354444850923736,0.009255895323238663,0.72,0.8340338761433772,0.5306122448979591,5.0,0.0,1,0.005509641873278293,1,0,0,0,0,0,0,0,0,0,0,0,0,0
2026-05-14,AOT,0.02898550724637672,0.002099564845118418,0.022968304687417278,0.8,0.5714144407022494,0.3877551020408163,2.0,0.0,0,-0.0046948356807511304,0,0,0,0,0,0,1,0,0,0,0,0,0,0
2026-05-14,AWC,0.0380953170274696,0.00770823959022462,0.022616725400768724,0.92,0.26474316484215,0.0,0.0,0.0,0,-0.018348605792718242,0,0,0,0,0,0,0,1,0,0,0,0,0,0
2026-05-14,BANPU,0.0,-0.008588260082379761,0.016352103737200935,0.06,0.5168610876183813,0.3469387755102041,0.0,0.0,0,0.0,0,0,0,0,0,0,1,0,0,0,0,0,0,0
2026-05-14,BBL,0.006116207951070374,0.0036943236620483157,0.0040262541214350295,0.18,0.8021884428957072,0.4897959183673469,4.0,0.0,1,0.003039513677811634,0,0,0,0,0,0,0,0,1,0,0,0,0,0
2026-05-14,BDMS,0.01648347387278326,0.001116854539718437,0.009012003406961656,0.5,0.6121736045413307,0.4081632653061224,1.0,0.0,0,-0.01081085205078125,0,0,0,0,0,0,1,0,0,0,0,0,0,0
2026-05-14,BEM,0.018867905855434186,-0.001747001297067774,0.015391098596920985,0.6,0.3153698175379232,0.0204081632653061,0.0,0.0,0,-0.027777794947839718,0,0,0,0,0,0,0,0,0,1,0,0,0,0
2026-05-14,BH,0.014245014245014342,-0.0016392441135949288,0.009723194295680533,0.44,0.5733025950300475,0.4693877551020408,1.0,0.0,0,-0.002808988764044895,0,0,0,0,0,0,1,0,0,0,0,0,0,0
2026-05-14,BJC,0.014184383252072719,2.9827271302962366e-05,0.008655743280393983,0.42,0.3859487784668349,0.1020408163265306,2.0,0.0,0,-0.013986000461365,0,0,0,0,0,0,0,0,0,1,0,0,0,0
2026-05-14,BTS,0.0,-0.00192307515962582,0.004300126782764593,0.06,0.3820598396963626,0.0816326530612244,1.0,0.0,1,0.009708728874782357,0,0,0,0,0,0,0,0,0,1,0,0,0,0
2026-05-14,CBG,0.03125,0.01420853294297324,0.028270612738920484,0.86,0.4037334379706352,0.1428571428571428,1.0,0.0,0,-0.0060606060606061,0,0,0,0,0,0,0,0,0,1,0,0,0,0
2026-05-14,CCET,0.0672269089394868,0.01354729232998957,0.0340167006645643,0.96,0.2944691120222417,0.0408163265306122,0.0,0.0,0,-0.047244050142243865,0,0,0,0,0,0,0,0,0,0,0,1,0,0
2026-05-14,CENTEL,0.016260162601626105,0.0033702751157601353,0.018671630766441016,0.48,0.2958173008031775,0.0,1.0,0.0,0,-0.02400000000000002,0,0,0,0,0,0,0,0,0,0,0,0,1,0
2026-05-14,COM7,0.04700856407701148,0.0052070937000889385,0.024544167652365285,0.94,0.5390811125917591,0.3469387755102041,1.0,0.0,0,0.0,0,0,0,0,0,0,1,0,0,0,0,0,0,0
2026-05-14,CPALL,0.0685714285714285,0.010349992703925271,0.033598438334619174,0.98,0.4825031688955927,0.183673469387755,2.0,0.0,0,-0.010695187165775444,0,0,0,0,0,0,0,0,0,1,0,0,0,0
2026-05-14,CPF,0.021276677771900232,-0.00297814076266143,0.017150923957512394,0.66,0.7091921123853364,0.4897959183673469,2.0,0.0,0,-0.010416705989173769,0,0,0,0,0,0,1,0,0,0,0,0,0,0
2026-05-14,CPN,0.03571428571428581,0.0009378193630162456,0.020739994407358797,0.88,0.2998494178860543,0.0204081632653061,1.0,0.0,0,-0.007662835249042099,0,0,0,0,0,0,0,0,0,0,0,1,0,0
2026-05-14,CRC,0.07329840788320152,0.015751540825907885,0.033741058678775165,1.0,0.1885120701342117,0.1224489795918367,2.0,0.0,0,-0.019512176513671875,0,0,0,0,0,0,0,0,0,1,0,0,0,0
2026-05-14,DELTA,0.009063444108761365,0.012802463523824682,0.051823275827669234,0.3,0.7549857549857552,0.5102040816326531,17.0,-0.2,0,-0.04491017964071853,0,0,0,0,0,0,0,0,0,0,0,1,0,0
2026-05-14,EGCO,0.0042918454935623185,-0.0008400586940571885,0.005574975766849297,0.14,0.2641362307564376,0.0,0.0,0.0,0,-0.004273504273504258,0,0,0,0,0,0,0,0,0,0,0,0,0,1
2026-05-14,GPSC,0.019736842105263053,-0.0024966157014144398,0.012719703447748755,0.62,0.3084218345695337,0.0408163265306122,2.0,0.0,0,-0.006451612903225823,0,0,0,0,0,0,1,0,0,0,0,0,0,0
2026-05-14,GULF,0.021186440677966045,-0.0047463308956182445,0.019946946458448207,0.64,0.824860649548974,0.5306122448979591,4.0,0.0,0,-0.008298755186721962,1,0,0,0,0,0,0,0,0,0,0,0,0,0
2026-05-14,HMPRO,0.016666650772094727,4.109643173937361e-05,0.010164351174321143,0.52,0.3412017927251844,0.0816326530612244,2.0,0.0,0,-0.01639342724524051,0,0,0,0,0,0,0,0,0,1,0,0,0,0
2026-05-14,IVL,0.028225872669578544,0.01149872560260321,0.018877251955180818,0.78,0.6190346064901138,0.4489795918367346,1.0,0.0,0,-0.043137299512748695,0,0,0,0,0,0,1,0,0,0,0,0,0,0
2026-05-14,KBANK,0.01025641025641022,0.0030978553479543923,0.007758426199526032,0.32,0.8492309488143115,0.5510204081632653,7.0,0.0,0,-0.0025380710659898,0,0,0,0,0,0,0,0,1,0,0,0,0,0
2026-05-14,KKP,0.006172839506172867,-0.0011821928530991288,0.010019717174448611,0.2,0.6442502814112808,0.4081632653061224,0.0,0.0,1,0.0030674846625766694,0,0,0,0,0,0,0,0,1,0,0,0,0,0
2026-05-14,KTB,0.03053435114503822,0.007657075748678799,0.01428117127987297,0.84,0.750245974679521,0.3673469387755101,10.0,0.0,1,0.014814814814814836,0,0,0,0,0,0,0,0,1,0,0,0,0,0
2026-05-14,KTC,0.008474576271186418,-0.0016524236813369342,0.007039652853554929,0.24,0.3257950366470686,0.0408163265306122,4.0,0.0,0,-0.01680672268907568,1,0,0,0,0,0,0,0,0,0,0,0,0,0
2026-05-14,LH,0.02234641447752228,0.002253201457758247,0.011568986977456196,0.7,0.2735033172691258,0.0,0.0,0.0,0,-0.005464475534834423,0,1,0,0,0,0,0,0,0,0,0,0,0,0
2026-05-14,MINT,0.01860463342001273,0.009492233658813642,0.015948864591863784,0.58,0.4943019943019943,0.2040816326530612,9.0,0.0,0,-0.009132367994271307,1,0,0,0,0,0,0,0,0,0,0,0,0,0
2026-05-14,MTC,0.017391304347825987,-0.0049552787708709856,0.015427663251987658,0.54,0.2887361173649064,0.0,0.0,0.0,0,-0.02564102564102566,0,0,1,0,0,0,0,0,0,0,0,0,0,0
2026-05-14,OR,0.015999984741210893,0.004852245154929724,0.012235596588970186,0.46,0.6153782616814699,0.2857142857142857,13.0,-0.06666666666666667,0,-0.007873970810807207,0,0,0,0,0,0,0,0,0,0,0,1,0,0
2026-05-14,OSP,0.028169054758972578,0.0014964243622518803,0.01745319073832075,0.76,0.338970421015203,0.0612244897959183,1.0,0.0,1,0.00684927569743965,0,0,0,0,0,0,0,0,0,1,0,0,0,0
2026-05-14,PTT,0.006756756756756799,0.00828688157455284,0.009083825179746936,0.22,0.7728921116235123,0.4285714285714285,5.0,0.0,0,-0.02684563758389258,0,0,0,0,0,0,1,0,0,0,0,0,0,0
2026-05-14,PTTEP,0.0,0.004707252717501031,0.0038519989847027166,0.06,0.6813255353395934,0.4489795918367346,3.0,0.0,0,-0.0066225165562914245,0,0,0,0,0,0,1,0,0,0,0,0,0,0
2026-05-14,PTTGC,0.012820512820512775,0.006476970161447815,0.007886199656037922,0.38,0.6382595769495901,0.4693877551020408,4.0,0.0,0,-0.03797468354430378,0,0,0,0,0,0,1,0,0,0,0,0,0,0
2026-05-14,RATCH,0.0,1.4005602240896308e-05,0.00591734622839591,0.06,0.2677087625191304,0.0,0.0,0.0,0,-0.008333333333333304,0,0,0,1,0,0,0,0,0,0,0,0,0,0
2026-05-14,SAWAD,0.009049721816227319,-0.0008273654435480005,0.01293615539822101,0.28,0.3498375384972611,0.0816326530612244,0.0,0.0,0,0.0,0,0,0,0,0,0,0,0,0,1,0,0,0,0
2026-05-14,SCB,0.011406844106463865,0.0022871518423429383,0.006359862484149539,0.34,0.7988495394135452,0.4693877551020408,18.0,0.0,0,0.0,0,0,0,0,0,0,0,0,1,0,0,0,0,0
2026-05-14,SCC,0.0,-0.004276484544632387,0.009211714598511512,0.06,0.6673911126530135,0.4489795918367346,1.0,0.0,0,-0.017467248908296984,0,0,0,0,0,0,1,0,0,0,0,0,0,0
2026-05-14,SCGP,0.03658534977943373,-0.0035616967728915538,0.02804318894327788,0.9,0.5128534376254641,0.3469387755102041,0.0,0.0,0,-0.06666669658586089,0,0,0,0,0,0,1,0,0,0,0,0,0,0
2026-05-14,TCAP,0.004273504273504258,0.007002061948581306,0.01136172547538434,0.12,0.3602260403234661,0.1020408163265306,1.0,0.0,1,0.008510638297872353,0,0,0,0,0,0,0,0,1,0,0,0,0,0
2026-05-14,TIDLOR,0.012048079122839894,0.003787021243505806,0.021062852465415147,0.36,0.2781370028253271,0.0,1.0,0.0,0,-0.005952266482584623,0,0,0,0,1,0,0,0,0,0,0,0,0,0
2026-05-14,TISCO,0.004484304932735439,7.972097658215383e-06,0.00446434354791819,0.16,0.6406867342025374,0.4081632653061224,2.0,0.0,1,0.008928571428571397,0,0,0,0,0,0,0,0,1,0,0,0,0,0
2026-05-14,TLI,0.030000019073486373,0.006024831109287998,0.01554663609318546,0.82,0.299872962494744,0.0,0.0,0.0,1,0.05825237055190802,0,0,0,0,0,1,0,0,0,0,0,0,0,0
2026-05-14,TOP,0.0219780219780219,-0.000785954713000403,0.026539561828538793,0.68,0.7386039040525615,0.5102040816326531,9.0,0.0,0,-0.010752688172043001,0,0,0,0,0,0,1,0,0,0,0,0,0,0
2026-05-14,TRUE,0.013698613874707277,0.0073263815823499945,0.019299401870523872,0.4,0.7259234069997916,0.5510204081632653,8.0,0.0,0,-0.0067568139052188725,1,0,0,0,0,0,0,0,0,0,0,0,0,0
2026-05-14,TTB,0.017857125751218117,0.0018173180774168519,0.011605084978103634,0.56,0.389142793520201,0.2448979591836734,10.0,0.0,1,0.008771921569070251,0,0,0,0,0,0,0,0,1,0,0,0,0,0
2026-05-14,TU,0.008695685345193604,-0.0033445863385783035,0.013049632402988133,0.26,0.2779194133981291,0.0,1.0,0.0,0,-0.008620722256998503,0,0,0,0,0,0,0,0,0,0,1,0,0,0
2026-05-14,WHA,0.026315764707210976,0.006406855037338311,0.020819506949182456,0.74,0.2667685974671863,0.0204081632653061,4.0,0.0,0,0.0,1,0,0,0,0,0,0,0,0,0,0,0,0,0
2026-05-15,ADVANC,0.005509641873278293,0.008456373225579395,0.008454741290922213,0.86,0.8340338761433772,0.5306122448979591,5.0,0.0,0,0.0,1,0,0,0,0,0,0,0,0,0,0,0,0,0
2026-05-15,AOT,-0.0046948356807511304,0.006847801500437378,0.016667223258015857,0.64,0.5714144407022494,0.3877551020408163,2.0,0.0,0,-0.009433962264150941,0,0,0,0,0,0,1,0,0,0,0,0,0,0
2026-05-15,AWC,-0.018348605792718242,0.0002289753756677948,0.02406628132808145,0.22,0.26474316484215,0.0,0.0,0.0,0,-0.009345896432088385,0,0,0,0,0,0,0,1,0,0,0,0,0,0
2026-05-15,BANPU,0.0,-0.006878868126386361,0.01679815159296006,0.76,0.5168610876183813,0.3469387755102041,0.0,0.0,0,0.0,0,0,0,0,0,0,1,0,0,0,0,0,0,0
2026-05-15,BBL,0.003039513677811634,0.0024446412582917352,0.002558063273492887,0.82,0.8021884428957072,0.4897959183673469,4.0,0.0,1,0.015151515151515138,0,0,0,0,0,0,0,0,1,0,0,0,0,0
2026-05-15,BDMS,-0.01081085205078125,-0.001045315870437813,0.01051799336448899,0.32,0.6121736045413307,0.4081632653061224,1.0,0.0,0,0.0,0,0,0,0,0,0,1,0,0,0,0,0,0,0
2026-05-15,BEM,-0.027777794947839718,-0.0054677083362666854,0.019369843892361766,0.12,0.3153698175379232,0.0204081632653061,0.0,0.0,0,-0.009523845854259694,0,0,0,0,0,0,0,0,0,1,0,0,0,0
2026-05-15,BH,-0.002808988764044895,-0.0010868357382701976,0.009520315270952847,0.68,0.5733025950300475,0.4693877551020408,2.0,-0.2,0,0.0,0,0,0,0,0,0,1,0,0,0,0,0,0,0
2026-05-15,BJC,-0.013986000461365,-0.0013687661057824707,0.010452632471348101,0.3,0.3859487784668349,0.1020408163265306,2.0,0.0,0,-0.01418445088854714,0,0,0,0,0,0,0,0,0,1,0,0,0,0
2026-05-15,BTS,0.009708728874782357,0.0019417457749564715,0.004341875547825679,0.96,0.3820598396963626,0.0816326530612244,1.0,0.0,0,-0.01923075159625831,0,0,0,0,0,0,0,0,0,1,0,0,0,0
2026-05-15,CBG,-0.0060606060606061,0.0026068013412416267,0.01943242135552519,0.58,0.4037334379706352,0.1428571428571428,1.0,0.0,0,-0.024390243902439046,0,0,0,0,0,0,0,0,0,1,0,0,0,0
2026-05-15,CCET,-0.047244050142243865,0.0040984823015407955,0.04385829976111672,0.04,0.2944691120222417,0.0408163265306122,0.0,0.0,0,-0.016528988151582213,0,0,0,0,0,0,0,0,0,0,0,1,0,0
2026-05-15,CENTEL,-0.02400000000000002,-0.0030557411444024573,0.02187765390773762,0.18,0.2958173008031775,0.0,1.0,0.0,1,0.008196721311475308,0,0,0,0,0,0,0,0,0,0,0,0,1,0
2026-05-15,COM7,0.0,0.006043916989342835,0.024213024871393655,0.76,0.5390811125917591,0.3469387755102041,1.0,0.0,1,0.030612244897959107,0,0,0,0,0,0,1,0,0,0,0,0,0,0
2026-05-15,CPALL,-0.010695187165775444,0.011581741787624122,0.032444877291096456,0.36,0.4825031688955927,0.183673469387755,2.0,0.0,1,0.03243243243243232,0,0,0,0,0,0,0,0,0,1,0,0,0,0
2026-05-15,CPF,-0.010416705989173769,6.67231677089486e-05,0.012961353037320471,0.38,0.7091921123853364,0.4897959183673469,2.0,0.0,0,0.0,0,0,0,0,0,0,1,0,0,0,0,0,0,0
2026-05-15,CPN,-0.007662835249042099,0.00017448308243859235,0.02102831971873127,0.5,0.2998494178860543,0.0204081632653061,1.0,0.0,0,-0.015444015444015413,0,0,0,0,0,0,0,0,0,0,0,1,0,0
2026-05-15,CRC,-0.019512176513671875,0.013954376712009853,0.03567453248026901,0.2,0.1885120701342117,0.1224489795918367,3.0,-0.2,0,-0.029850764680724562,0,0,0,0,0,0,0,0,0,1,0,0,0,0
2026-05-15,DELTA,-0.04491017964071853,0.0063601101353635055,0.05747943670798646,0.06,0.7549857549857552,0.5102040816326531,16.0,-0.2,0,-0.006269592476489061,0,0,0,0,0,0,0,0,0,0,0,1,0,0
2026-05-15,EGCO,-0.004273504273504258,7.368110816430295e-06,0.004291896880876086,0.66,0.2641362307564376,0.0,0.0,0.0,0,-0.030042918454935674,0,0,0,0,0,0,0,0,0,0,0,0,0,1
2026-05-15,GPSC,-0.006451612903225823,-0.0012391675814226622,0.01172599795327306,0.56,0.3084218345695337,0.0408163265306122,2.0,0.0,0,-0.01948051948051943,0,0,0,0,0,0,1,0,0,0,0,0,0,0
2026-05-15,GULF,-0.008298755186721962,-0.0007380657386306444,0.015549488897665562,0.46,0.824860649548974,0.5306122448979591,4.0,0.0,1,0.004184100418409997,1,0,0,0,0,0,0,0,0,0,0,0,0,0
2026-05-15,HMPRO,-0.01639342724524051,-0.001598254109787378,0.01226836873972539,0.28,0.3412017927251844,0.0816326530612244,2.0,0.0,0,-0.016666650772094727,0,0,0,0,0,0,0,0,0,1,0,0,0,0
2026-05-15,IVL,-0.043137299512748695,0.00370115219986229,0.031070976002907695,0.08,0.6190346064901138,0.4489795918367346,2.0,0.0,0,-0.008196672910408598,0,0,0,0,0,0,1,0,0,0,0,0,0,0
2026-05-15,KBANK,-0.0025380710659898,0.0015593132997048897,0.008007347517030004,0.7,0.8492309488143115,0.5510204081632653,7.0,0.0,1,0.010178117048346147,0,0,0,0,0,0,0,0,1,0,0,0,0,0
2026-05-15,KKP,0.0030674846625766694,-0.0017882081157057472,0.009549968582564024,0.84,0.6442502814112808,0.4081632653061224,0.0,0.0,0,-0.006116207951070374,0,0,0,0,0,0,0,0,1,0,0,0,0,0
2026-05-15,KTB,0.014814814814814836,0.009081577173180233,0.01463637060721748,0.98,0.750245974679521,0.3673469387755101,14.0,0.0,1,0.014598540145985384,0,0,0,0,0,0,0,0,1,0,0,0,0,0
2026-05-15,KTC,-0.01680672268907568,-0.0033471015524854097,0.009603194890207997,0.26,0.3257950366470686,0.0408163265306122,4.0,0.0,0,-0.017094017094017144,1,0,0,0,0,0,0,0,0,0,0,0,0,0
2026-05-15,LH,-0.005464475534834423,0.0011603063507913624,0.012081797895147826,0.62,0.2735033172691258,0.0,0.0,0.0,0,-0.0054945655957939765,0,1,0,0,0,0,0,0,0,0,0,0,0,0
2026-05-15,MINT,-0.009132367994271307,0.0047949356591474816,0.017538385851073524,0.4,0.4943019943019943,0.2040816326530612,9.0,0.0,1,0.009216536799961261,1,0,0,0,0,0,0,0,0,0,0,0,0,0
2026-05-15,MTC,-0.02564102564102566,-0.010083483899076118,0.017492170179549217,0.16,0.2887361173649064,0.0,0.0,0.0,0,-0.04385964912280704,0,0,1,0,0,0,0,0,0,0,0,0,0,0
2026-05-15,OR,-0.007873970810807207,0.004890345039087007,0.012185514699596608,0.48,0.6153782616814699,0.2857142857142857,16.0,-0.05,0,-0.007936537971601432,0,0,0,0,0,0,0,0,0,0,0,1,0,0
2026-05-15,OSP,0.00684927569743965,0.00286627950173981,0.01757474526004284,0.88,0.338970421015203,0.0612244897959183,1.0,0.0,0,-0.013605429378242606,0,0,0,0,0,0,0,0,0,1,0,0,0,0
2026-05-15,PTT,-0.02684563758389258,-0.0012780501380298848,0.0153771537191465,0.14,0.7728921116235123,0.4285714285714285,6.0,0.0,1,0.006896551724137945,0,0,0,0,0,0,1,0,0,0,0,0,0,0
2026-05-15,PTTEP,-0.0066225165562914245,0.0020268172028529373,0.0060724111275797955,0.54,0.6813255353395934,0.4489795918367346,2.0,0.0,1,0.026666666666666616,0,0,0,0,0,0,1,0,0,0,0,0,0,0
2026-05-15,PTTGC,-0.03797468354430378,-0.0037323456323802517,0.020372005381867852,0.1,0.6382595769495901,0.4693877551020408,4.0,0.0,1,0.013157894736842035,0,0,0,0,0,0,1,0,0,0,0,0,0,0
2026-05-15,RATCH,-0.008333333333333304,1.4005602240896308e-05,0.005917346228395909,0.44,0.2677087625191304,0.0,0.0,0.0,0,-0.008403361344537785,0,0,0,1,0,0,0,0,0,0,0,0,0,0
2026-05-15,SAWAD,0.0,-0.0008273654435480005,0.01293615539822101,0.76,0.3498375384972611,0.0816326530612244,1.0,0.0,0,-0.035874406476706144,0,0,0,0,0,0,0,0,0,1,0,0,0,0
2026-05-15,SCB,0.0,0.0015266955685786954,0.006360726778748644,0.76,0.7988495394135452,0.4693877551020408,18.0,0.0,1,0.015037593984962516,0,0,0,0,0,0,0,0,1,0,0,0,0,0
2026-05-15,SCC,-0.017467248908296984,-0.005205831762189228,0.010441505607939133,0.24,0.6673911126530135,0.4489795918367346,1.0,0.0,1,0.004444444444444473,0,0,0,0,0,0,1,0,0,0,0,0,0,0
2026-05-15,SCGP,-0.06666669658586089,-0.009202728397756044,0.0379170728266706,0.02,0.5128534376254641,0.3469387755102041,0.0,0.0,0,-0.008403313529497414,0,0,0,0,0,0,1,0,0,0,0,0,0,0
2026-05-15,TCAP,0.008510638297872353,0.007823132339433303,0.01127516074427987,0.9,0.3602260403234661,0.1020408163265306,1.0,0.0,0,0.0,0,0,0,0,0,0,0,0,1,0,0,0,0,0
2026-05-15,TIDLOR,-0.005952266482584623,-0.003464041025768405,0.015028636935324633,0.6,0.2781370028253271,0.0,1.0,0.0,0,-0.053892241154213205,0,0,0,0,1,0,0,0,0,0,0,0,0,0
2026-05-15,TISCO,0.008928571428571397,0.0017936863833724948,0.005986539162418518,0.94,0.6406867342025374,0.4081632653061224,2.0,0.0,1,0.004424778761061843,0,0,0,0,0,0,0,0,1,0,0,0,0,0
2026-05-15,TLI,0.05825237055190802,0.01867530903436687,0.026328630667341105,1.0,0.299872962494744,0.0,0.0,0.0,1,0.05504590848330948,0,0,0,0,0,1,0,0,0,0,0,0,0,0
2026-05-15,TOP,-0.010752688172043001,-0.005075529780564092,0.025946629135135416,0.34,0.7386039040525615,0.5102040816326531,9.0,0.0,1,0.03804347826086962,0,0,0,0,0,0,1,0,0,0,0,0,0,0
2026-05-15,TRUE,-0.0067568139052188725,0.004294340299326249,0.020255108745284106,0.52,0.7259234069997916,0.5510204081632653,8.0,0.0,0,-0.013605427026303296,1,0,0,0,0,0,0,0,0,0,0,0,0,0
2026-05-15,TTB,0.008771921569070251,0.0035717023912309022,0.011920429234352827,0.92,0.389142793520201,0.2448979591836734,10.0,0.0,1,0.008695644061371466,0,0,0,0,0,0,0,0,1,0,0,0,0,0
2026-05-15,TU,-0.008620722256998503,-0.001678903569090795,0.011292176095283596,0.42,0.2779194133981291,0.0,1.0,0.0,0,-0.017391287762185792,0,0,0,0,0,0,0,0,0,0,1,0,0,0
2026-05-15,WHA,0.0,0.005552149152017715,0.02101577729340665,0.76,0.2667685974671863,0.0204081632653061,5.0,0.0,0,-0.012820501064172207,1,0,0,0,0,0,0,0,0,0,0,0,0,0
2026-05-18,ADVANC,0.0,0.008456373225579395,0.008454741290922213,0.61,0.8340338761433772,0.5306122448979591,5.0,0.0,1,0.010958904109588996,1,0,0,0,0,0,0,0,0,0,0,0,0,0
2026-05-18,AOT,-0.009433962264150941,0.006912228559802313,0.016587426997160804,0.38,0.5714144407022494,0.3877551020408163,2.0,0.0,1,0.004761904761904745,0,0,0,0,0,0,1,0,0,0,0,0,0,0
2026-05-18,AWC,-0.009345896432088385,0.0020981323799763806,0.02254418862810619,0.4,0.26474316484215,0.0,0.0,0.0,1,0.009434066238082961,0,0,0,0,0,0,0,1,0,0,0,0,0,0
2026-05-18,BANPU,0.0,-0.005154723674986661,0.01701567650874987,0.61,0.5168610876183813,0.3469387755102041,0.0,0.0,1,0.008928605640421639,0,0,0,0,0,0,1,0,0,0,0,0,0,0
2026-05-18,BBL,0.015151515151515138,0.0048614473560794295,0.006285831339315327,0.9,0.8021884428957072,0.4897959183673469,5.0,0.0,0,0.0,0,0,0,0,0,0,0,0,1,0,0,0,0,0
2026-05-18,BDMS,0.0,-0.001045315870437813,0.01051799336448899,0.61,0.6121736045413307,0.4081632653061224,1.0,0.0,0,0.0,0,0,0,0,0,0,1,0,0,0,0,0,0,0
2026-05-18,BEM,-0.009523845854259694,-0.003668777400951706,0.01823946080457676,0.36,0.3153698175379232,0.0204081632653061,0.0,0.0,1,0.00961542164785767,0,0,0,0,0,0,0,0,0,1,0,0,0,0
2026-05-18,BH,0.0,0.0011540606202732119,0.007685245266476597,0.61,0.5733025950300475,0.4693877551020408,2.0,-0.2,0,-0.0028169014084507005,0,0,0,0,0,0,1,0,0,0,0,0,0,0
2026-05-18,BJC,-0.01418445088854714,-0.004205656283491899,0.011823267618569418,0.28,0.3859487784668349,0.1020408163265306,2.0,0.0,1,0.021582748127196183,0,0,0,0,0,0,0,0,0,1,0,0,0,0
2026-05-18,BTS,-0.01923075159625831,-0.0019044045442951907,0.010558733825361868,0.16,0.3820598396963626,0.0816326530612244,0.0,0.0,0,0.0,0,0,0,0,0,0,0,0,0,1,0,0,0,0
2026-05-18,CBG,-0.024390243902439046,-0.001036679538011609,0.022890279557308917,0.12,0.4037334379706352,0.1428571428571428,1.0,0.0,1,0.018750000000000044,0,0,0,0,0,0,0,0,0,1,0,0,0,0
2026-05-18,CCET,-0.016528988151582213,0.0024733473771238355,0.044581930623360695,0.24,0.2944691120222417,0.0408163265306122,0.0,0.0,0,0.0,0,0,0,0,0,0,0,0,0,0,0,1,0,0
2026-05-18,CENTEL,0.008196721311475308,0.0018094095695055045,0.020927765501004742,0.76,0.2958173008031775,0.0,1.0,0.0,1,0.008130081300812941,0,0,0,0,0,0,0,0,0,0,0,0,1,0
2026-05-18,COM7,0.030612244897959107,0.013006689307814257,0.025501534648218603,0.94,0.5390811125917591,0.3469387755102041,1.0,0.0,0,0.0,0,0,0,0,0,0,1,0,0,0,0,0,0,0
2026-05-18,CPALL,0.03243243243243232,0.01692537113125343,0.033422420007083876,0.96,0.4825031688955927,0.183673469387755,2.0,0.0,0,-0.010471204188481686,0,0,0,0,0,0,0,0,0,1,0,0,0,0
2026-05-18,CPF,0.0,6.67231677089486e-05,0.01296135303732047,0.61,0.7091921123853364,0.4897959183673469,2.0,0.0,0,0.0,0,0,0,0,0,0,1,0,0,0,0,0,0,0
2026-05-18,CPN,-0.015444015444015413,0.000946683854639363,0.020188275889533397,0.26,0.2998494178860543,0.0204081632653061,1.0,0.0,1,0.007843137254901933,0,0,0,0,0,0,0,0,0,0,0,1,0,0
2026-05-18,CRC,-0.029850764680724562,0.006920389887269928,0.040888958856115,0.1,0.1885120701342117,0.1224489795918367,3.0,-0.2,1,0.01025644938151049,0,0,0,0,0,0,0,0,0,1,0,0,0,0
2026-05-18,DELTA,-0.006269592476489061,0.008964712540387243,0.05630956940975123,0.5,0.7549857549857552,0.5102040816326531,14.0,-0.2,0,-0.012618296529968487,0,0,0,0,0,0,0,0,0,0,0,1,0,0
2026-05-18,EGCO,-0.030042918454935674,-0.006001215580170705,0.01410838220598908,0.08,0.2641362307564376,0.0,0.0,0.0,0,-0.004424778761061954,0,0,0,0,0,0,0,0,0,0,0,0,0,1
2026-05-18,GPSC,-0.01948051948051943,-0.0038449488968813838,0.01433198314570057,0.14,0.3084218345695337,0.0408163265306122,2.0,0.0,1,0.013245033112582849,0,0,0,0,0,0,1,0,0,0,0,0,0,0
2026-05-18,GULF,0.004184100418409997,0.0042654210117180295,0.01075151107501559,0.68,0.824860649548974,0.5306122448979591,4.0,0.0,1,0.008333333333333304,1,0,0,0,0,0,0,0,0,0,0,0,0,0
2026-05-18,HMPRO,-0.016666650772094727,-0.003278685449048102,0.013879391749946452,0.22,0.3412017927251844,0.0816326530612244,2.0,0.0,1,0.016949136104436047,0,0,0,0,0,0,0,0,0,1,0,0,0,0
2026-05-18,IVL,-0.008196672910408598,-0.0012715119801377517,0.030460792074152015,0.46,0.6190346064901138,0.4489795918367346,2.0,0.0,1,0.00826441360552943,0,0,0,0,0,0,1,0,0,0,0,0,0,0
2026-05-18,KBANK,0.010178117048346147,0.0015436546580920752,0.007986136638762197,0.82,0.8492309488143115,0.5510204081632653,8.0,0.0,0,-0.0025188916876573986,0,0,0,0,0,0,0,0,1,0,0,0,0,0
2026-05-18,KKP,-0.006116207951070374,-0.0005872072816774043,0.008209083315027657,0.52,0.6442502814112808,0.4081632653061224,0.0,0.0,0,-0.006153846153846176,0,0,0,0,0,0,0,0,1,0,0,0,0,0
2026-05-18,KTB,0.014598540145985384,0.013528002759629221,0.011281400805641974,0.86,0.750245974679521,0.3673469387755101,16.0,0.0,0,-0.007194244604316502,0,0,0,0,0,0,0,0,1,0,0,0,0,0
2026-05-18,KTC,-0.017094017094017144,-0.005085232702381282,0.011370926003929466,0.2,0.3257950366470686,0.0408163265306122,4.0,0.0,1,0.008695652173912993,1,0,0,0,0,0,0,0,0,0,0,0,0,0
2026-05-18,LH,-0.0054945655957939765,0.0011663645884714357,0.01207761454602741,0.54,0.2735033172691258,0.0,0.0,0.0,0,-0.005524856784194343,0,1,0,0,0,0,0,0,0,0,0,0,0,0
2026-05-18,MINT,0.009216536799961261,0.007581642810375033,0.0167378678886625,0.8,0.4943019943019943,0.2040816326530612,10.0,0.0,0,-0.009132367994271307,1,0,0,0,0,0,0,0,0,0,0,0,0,0
2026-05-18,MTC,-0.04385964912280704,-0.013855413723637522,0.022754635143118714,0.04,0.2887361173649064,0.0,1.0,0.0,1,0.03669724770642202,0,0,1,0,0,0,0,0,0,0,0,0,0,0
2026-05-18,OR,-0.007936537971601432,0.0016770305139581331,0.013194255016464112,0.48,0.6153782616814699,0.2857142857142857,17.0,-0.05,0,0.0,0,0,0,0,0,0,0,0,0,0,0,1,0,0
2026-05-18,OSP,-0.013605429378242606,0.002903811684920754,0.017530418077790506,0.3,0.338970421015203,0.0612244897959183,1.0,0.0,1,0.034482758620689724,0,0,0,0,0,0,0,0,0,1,0,0,0,0
2026-05-18,PTT,0.006896551724137945,0.0001012602067977042,0.015823286987237683,0.74,0.7728921116235123,0.4285714285714285,6.0,0.0,0,0.0,0,0,0,0,0,0,1,0,0,0,0,0,0,0
2026-05-18,PTTEP,0.026666666666666616,0.005339948515984227,0.012595059574709352,0.92,0.6813255353395934,0.4489795918367346,2.0,0.0,0,-0.009740259740259716,0,0,0,0,0,0,1,0,0,0,0,0,0,0
2026-05-18,PTTGC,0.013157894736842035,-0.002391089265656987,0.021404711970639763,0.84,0.6382595769495901,0.4693877551020408,4.0,0.0,0,-0.012987012987012991,0,0,0,0,0,0,1,0,0,0,0,0,0,0
2026-05-18,RATCH,-0.008403361344537785,-0.003347338935574218,0.00458359947484671,0.42,0.2677087625191304,0.0,0.0,0.0,0,0.0,0,0,0,1,0,0,0,0,0,0,0,0,0,0
2026-05-18,SAWAD,-0.035874406476706144,-0.004430821512619354,0.019638828400869158,0.06,0.3498375384972611,0.0816326530612244,2.0,0.0,1,0.01860463342001273,0,0,0,0,0,0,0,0,0,1,0,0,0,0
2026-05-18,SCB,0.015037593984962516,0.0052917901231469555,0.007830315622931332,0.88,0.7988495394135452,0.4693877551020408,18.0,0.0,0,-0.0037037037037036535,0,0,0,0,0,0,0,0,1,0,0,0,0,0
2026-05-18,SCC,0.004444444444444473,-0.003451142007499475,0.011325463360092231,0.72,0.6673911126530135,0.4489795918367346,1.0,0.0,0,-0.004424778761061954,0,0,0,0,0,0,1,0,0,0,0,0,0,0
2026-05-18,SCGP,-0.008403313529497414,-0.009283385000139898,0.037914303704127406,0.44,0.5128534376254641,0.3469387755102041,0.0,0.0,0,-0.01271191269321903,0,0,0,0,0,0,1,0,0,0,0,0,0,0
2026-05-18,TCAP,0.0,0.006945939356977182,0.011769207081119098,0.61,0.3602260403234661,0.1020408163265306,2.0,0.0,0,-0.00421940928270037,0,0,0,0,0,0,0,0,1,0,0,0,0,0
2026-05-18,TIDLOR,-0.053892241154213205,-0.010713075845884767,0.027306328590211277,0.02,0.2781370028253271,0.0,2.0,0.0,1,0.025316531123971586,0,0,0,0,1,0,0,0,0,0,0,0,0,0
2026-05-18,TISCO,0.004424778761061843,0.0017857849927277014,0.00598215761089743,0.7,0.6406867342025374,0.4081632653061224,2.0,0.0,0,-0.004405286343612369,0,0,0,0,0,0,0,0,1,0,0,0,0,0
2026-05-18,TLI,0.05504590848330948,0.0286794617522683,0.02919274454579689,1.0,0.299872962494744,0.0,0.0,0.0,0,0.0,0,0,0,0,0,1,0,0,0,0,0,0,0,0
2026-05-18,TOP,0.03804347826086962,0.004649567988011949,0.031815680664272074,0.98,0.7386039040525615,0.5102040816326531,10.0,0.0,0,-0.015706806282722474,0,0,0,0,0,0,1,0,0,0,0,0,0,0
2026-05-18,TRUE,-0.013605427026303296,0.004351029514160065,0.020191793342635548,0.32,0.7259234069997916,0.5510204081632653,9.0,0.0,1,0.006896610345865195,1,0,0,0,0,0,0,0,0,0,0,0,0,0
2026-05-18,TTB,0.008695644061371466,0.007080741027479487,0.009731226296160824,0.78,0.389142793520201,0.2448979591836734,10.0,0.0,0,0.0,0,0,0,0,0,0,0,0,1,0,0,0,0,0
2026-05-18,TU,-0.017391287762185792,-0.0017088722187285743,0.011343883920832786,0.18,0.2779194133981291,0.0,1.0,0.0,1,0.008849506735177037,0,0,0,0,0,0,0,0,0,0,1,0,0,0
2026-05-18,WHA,-0.012820501064172207,0.0036991707299358855,0.02238351488302167,0.34,0.2667685974671863,0.0204081632653061,5.0,0.0,1,0.047619106597052596,1,0,0,0,0,0,0,0,0,0,0,0,0,0
2026-05-19,ADVANC,0.010958904109588996,0.009505296904640036,0.008354235657273784,0.82,0.8340338761433772,0.5306122448979591,5.0,0.0,0,-0.0027100271002710175,1,0,0,0,0,0,0,0,0,0,0,0,0,0
2026-05-19,AOT,0.004761904761904745,0.003923722812675878,0.014974131776235982,0.58,0.5714144407022494,0.3877551020408163,2.0,0.0,0,-0.004739336492891044,0,0,0,0,0,0,1,0,0,0,0,0,0,0
2026-05-19,AWC,0.009434066238082961,0.002080185452852579,0.02253683388438452,0.76,0.26474316484215,0.0,0.0,0.0,1,0.01869157004308586,0,0,0,0,0,0,0,1,0,0,0,0,0,0
2026-05-19,BANPU,0.008928605640421639,0.0035875125579719835,0.004912486026304573,0.74,0.5168610876183813,0.3469387755102041,0.0,0.0,1,0.02654868899744267,0,0,0,0,0,0,1,0,0,0,0,0,0,0
2026-05-19,BBL,0.0,0.0048614473560794295,0.006285831339315328,0.46,0.8021884428957072,0.4897959183673469,4.0,0.0,1,0.017910447761193993,0,0,0,0,0,0,0,0,1,0,0,0,0,0
2026-05-19,BDMS,0.0,4.1644820246311556e-05,0.010227785732675769,0.46,0.6121736045413307,0.4081632653061224,1.0,0.0,0,-0.010928899668246395,0,0,0,0,0,0,1,0,0,0,0,0,0,0
2026-05-19,BEM,0.00961542164785767,0.0001411065110904275,0.018717423844334762,0.78,0.3153698175379232,0.0204081632653061,0.0,0.0,0,-0.01904760088239399,0,0,0,0,0,0,0,0,0,1,0,0,0,0
2026-05-19,BH,-0.0028169014084507005,0.0017238248145037493,0.0071394664069983045,0.32,0.5733025950300475,0.4693877551020408,2.0,-0.2,0,-0.019774011299435013,0,0,0,0,0,0,1,0,0,0,0,0,0,0
2026-05-19,BJC,0.021582748127196183,0.00011089334194733791,0.016683449003811923,0.92,0.3859487784668349,0.1020408163265306,2.0,0.0,0,-0.007042213319620072,0,0,0,0,0,0,0,0,0,1,0,0,0,0
2026-05-19,BTS,0.0,-0.0019044045442951907,0.010558733825361868,0.46,0.3820598396963626,0.0816326530612244,0.0,0.0,0,0.0,0,0,0,0,0,0,0,0,0,1,0,0,0,0
2026-05-19,CBG,0.018750000000000044,0.00022884841229895426,0.023969870270030766,0.9,0.4037334379706352,0.1428571428571428,1.0,0.0,0,-0.018404907975460127,0,0,0,0,0,0,0,0,0,1,0,0,0,0
2026-05-19,CCET,0.0,0.005863174598011045,0.043363648636109094,0.46,0.2944691120222417,0.0408163265306122,0.0,0.0,1,0.08403361613918325,0,0,0,0,0,0,0,0,0,0,0,1,0,0
2026-05-19,CENTEL,0.008130081300812941,-0.0014826069572171363,0.01745484698514427,0.64,0.2958173008031775,0.0,1.0,0.0,1,0.024193548387096753,0,0,0,0,0,0,0,0,0,0,0,0,1,0
2026-05-19,COM7,0.0,0.012162820355054848,0.025931202470309587,0.46,0.5390811125917591,0.3469387755102041,1.0,0.0,0,-0.017821812393641667,0,0,0,0,0,0,1,0,0,0,0,0,0,0
2026-05-19,CPALL,-0.010471204188481686,0.01596749392992074,0.03428969350792004,0.1,0.4825031688955927,0.183673469387755,2.0,0.0,0,-0.010582010582010581,0,0,0,0,0,0,0,0,0,1,0,0,0,0
2026-05-19,CPF,0.0,0.0021719943565452924,0.011593284513564728,0.46,0.7091921123853364,0.4897959183673469,2.0,0.0,0,-0.00526317797209086,0,0,0,0,0,0,1,0,0,0,0,0,0,0
2026-05-19,CPN,0.007843137254901933,0.004090114455226046,0.019688933959749914,0.62,0.2998494178860543,0.0204081632653061,1.0,0.0,1,0.0077821011673151474,0,0,0,0,0,0,0,0,0,0,0,1,0,0
2026-05-19,CRC,0.01025644938151049,0.01002988487984815,0.04031529999579884,0.8,0.1885120701342117,0.1224489795918367,3.0,-0.2,0,-0.00507616129933619,0,0,0,0,0,0,0,0,0,1,0,0,0,0
2026-05-19,DELTA,-0.012618296529968487,0.009719741758983713,0.055908430334979047,0.08,0.7549857549857552,0.5102040816326531,13.0,-0.2,1,0.03194888178913735,0,0,0,0,0,0,0,0,0,0,0,1,0,0
2026-05-19,EGCO,-0.004424778761061954,-0.006027802233670654,0.014104480374884473,0.23,0.2641362307564376,0.0,0.0,0.0,1,0.004444444444444473,0,0,0,0,0,0,0,0,0,0,0,0,0,1
2026-05-19,GPSC,0.013245033112582849,0.000102759024336474,0.01603709451661616,0.84,0.3084218345695337,0.0408163265306122,2.0,0.0,1,0.006535947712418277,0,0,0,0,0,0,1,0,0,0,0,0,0,0
2026-05-19,GULF,0.008333333333333304,0.005081023848597477,0.010904147493681246,0.68,0.824860649548974,0.5306122448979591,5.0,0.0,0,-0.004132231404958664,1,0,0,0,0,0,0,0,0,0,0,0,0,0
2026-05-19,HMPRO,0.016949136104436047,0.00011114177183910723,0.01666966110170199,0.86,0.3412017927251844,0.0816326530612244,2.0,0.0,0,-0.008333365122477177,0,0,0,0,0,0,0,0,0,1,0,0,0,0
2026-05-19,IVL,0.00826441360552943,0.002840372614090714,0.029984653669524963,0.66,0.6190346064901138,0.4489795918367346,1.0,0.0,1,0.00409841518760623,0,0,0,0,0,0,1,0,0,0,0,0,0,0
2026-05-19,KBANK,-0.0025188916876573986,0.0020551047469565377,0.007524762138340991,0.34,0.8492309488143115,0.5510204081632653,7.0,0.0,1,0.002525252525252597,0,0,0,0,0,0,0,0,1,0,0,0,0,0
2026-05-19,KKP,-0.006153846153846176,-0.0030449703774773074,0.007502549705210226,0.18,0.6442502814112808,0.4081632653061224,1.0,0.0,1,0.003095975232198178,0,0,0,0,0,0,0,0,1,0,0,0,0,0
2026-05-19,KTB,-0.007194244604316502,0.010550692300304388,0.014663852900823223,0.16,0.750245974679521,0.3673469387755101,15.0,0.0,0,0.0,0,0,0,0,0,0,0,0,1,0,0,0,0,0
2026-05-19,KTC,0.008695652173912993,-0.003346102267598683,0.01290467120597935,0.7,0.3257950366470686,0.0408163265306122,5.0,0.0,0,-0.008620689655172376,1,0,0,0,0,0,0,0,0,0,0,0,0,0
2026-05-19,LH,-0.005524856784194343,0.0011725033125399077,0.01207335088484942,0.2,0.2735033172691258,0.0,0.0,0.0,0,0.0,0,1,0,0,0,0,0,0,0,0,0,0,0,0
2026-05-19,MINT,-0.009132367994271307,6.796190704456695e-05,0.013065223900974603,0.14,0.4943019943019943,0.2040816326530612,9.0,0.0,1,0.009216536799961261,1,0,0,0,0,0,0,0,0,0,0,0,0,0
2026-05-19,MTC,0.03669724770642202,-0.0048065624729514145,0.03236154179478924,0.98,0.2887361173649064,0.0,2.0,0.0,0,-0.017699115044247815,0,0,1,0,0,0,0,0,0,0,0,0,0,0
2026-05-19,OR,0.0,0.003289924560276858,0.012157938973196308,0.46,0.6153782616814699,0.2857142857142857,17.0,-0.05,1,0.008000030517578027,0,0,0,0,0,0,0,0,0,0,0,1,0,0
2026-05-19,OSP,0.034482758620689724,0.0125975635013317,0.019179300337687864,0.96,0.338970421015203,0.0612244897959183,1.0,0.0,1,0.0066666920979818745,0,0,0,0,0,0,0,0,0,1,0,0,0,0
2026-05-19,PTT,0.0,-0.002638465820599567,0.013956153977789097,0.46,0.7728921116235123,0.4285714285714285,5.0,0.0,1,0.013698630136986356,0,0,0,0,0,0,1,0,0,0,0,0,0,0
2026-05-19,PTTEP,-0.009740259740259716,0.002725229901265602,0.01435047483666981,0.12,0.6813255353395934,0.4489795918367346,1.0,0.0,1,0.003278688524590123,0,0,0,0,0,0,1,0,0,0,0,0,0,0
2026-05-19,PTTGC,-0.012987012987012991,-0.0062705431451108625,0.021167226317895457,0.04,0.6382595769495901,0.4693877551020408,1.0,0.0,0,0.0,0,0,0,0,0,0,1,0,0,0,0,0,0,0
2026-05-19,RATCH,0.0,-0.003347338935574218,0.00458359947484671,0.46,0.2677087625191304,0.0,0.0,0.0,1,0.008474576271186418,0,0,0,1,0,0,0,0,0,0,0,0,0,0
2026-05-19,SAWAD,0.01860463342001273,0.001108293925378212,0.02178440250016997,0.88,0.3498375384972611,0.0816326530612244,2.0,0.0,0,-0.02739727816990678,0,0,0,0,0,0,0,0,0,1,0,0,0,0
2026-05-19,SCB,-0.0037037037037036535,0.00531150565617049,0.007801765832097809,0.3,0.7988495394135452,0.4693877551020408,14.0,0.0,0,0.0,0,0,0,0,0,0,0,0,1,0,0,0,0,0
2026-05-19,SCC,-0.004424778761061954,-0.0017274021075379454,0.010088894126708565,0.23,0.6673911126530135,0.4489795918367346,0.0,0.0,1,0.004444444444444473,0,0,0,0,0,0,1,0,0,0,0,0,0,0
2026-05-19,SCGP,-0.01271191269321903,-0.008599964064301946,0.03779065526080318,0.06,0.5128534376254641,0.3469387755102041,0.0,0.0,1,0.017167448024748122,0,0,0,0,0,0,1,0,0,0,0,0,0,0
2026-05-19,TCAP,-0.00421940928270037,0.0008618828279480129,0.005542804992094558,0.28,0.3602260403234661,0.1020408163265306,2.0,0.0,1,0.008474576271186418,0,0,0,0,0,0,0,0,1,0,0,0,0,0
2026-05-19,TIDLOR,0.025316531123971586,-0.0020569416753829063,0.031038096274537026,0.94,0.2781370028253271,0.0,3.0,0.0,0,-0.006172903324950019,0,0,0,0,1,0,0,0,0,0,0,0,0,0
2026-05-19,TISCO,-0.004405286343612369,0.0017936166128941222,0.005971979100493925,0.26,0.6406867342025374,0.4081632653061224,1.0,0.0,0,0.0,0,0,0,0,0,0,0,0,1,0,0,0,0,0
2026-05-19,TLI,0.0,0.026679454122873758,0.03107432961485324,0.46,0.299872962494744,0.0,0.0,0.0,0,0.0,0,0,0,0,0,1,0,0,0,0,0,0,0,0
2026-05-19,TOP,-0.015706806282722474,0.010064356464087765,0.022732672022585967,0.02,0.7386039040525615,0.5102040816326531,10.0,0.0,1,0.010638297872340496,0,0,0,0,0,0,1,0,0,0,0,0,0,0
2026-05-19,TRUE,0.006896610345865195,0.007138800663929223,0.019161478296849756,0.6,0.7259234069997916,0.5510204081632653,10.0,0.0,1,0.002766182948489071,1,0,0,0,0,0,0,0,0,0,0,0,0,0
2026-05-19,TTB,0.0,0.005295028452357675,0.010118864336221643,0.46,0.389142793520201,0.2448979591836734,9.0,0.0,1,0.008620681681899223,0,0,0,0,0,0,0,0,1,0,0,0,0,0
2026-05-19,TU,0.008849506735177037,6.102912830683316e-05,0.012325088008006883,0.72,0.2779194133981291,0.0,0.0,0.0,0,-0.017543843505051004,0,0,0,0,0,0,0,0,0,0,1,0,0,0
2026-05-19,WHA,0.047619106597052596,0.01762827422876532,0.023985112826454123,1.0,0.2667685974671863,0.0204081632653061,6.0,0.0,0,-0.00826445466776271,1,0,0,0,0,0,0,0,0,0,0,0,0,0
2026-05-20,ADVANC,-0.0027100271002710175,0.007258746030040375,0.010027297205274654,0.38,0.8340338761433772,0.5306122448979591,5.0,0.0,0,-0.02717391304347827,1,0,0,0,0,0,0,0,0,0,0,0,0,0
2026-05-20,AOT,-0.004739336492891044,0.0029758555140976693,0.015427728474655686,0.34,0.5714144407022494,0.3877551020408163,2.0,0.0,1,0.004761904761904745,0,0,0,0,0,0,1,0,0,0,0,0,0,0
2026-05-20,AWC,0.01869157004308586,0.007705290216766358,0.022454338132733148,0.92,0.26474316484215,0.0,0.0,0.0,0,0.0,0,0,0,0,0,0,0,1,0,0,0,0,0,0
2026-05-20,BANPU,0.02654868899744267,0.007095458927572862,0.01154150335962278,0.96,0.5168610876183813,0.3469387755102041,0.0,0.0,1,0.017241362300696395,0,0,0,0,0,0,1,0,0,0,0,0,0,0
2026-05-20,BBL,0.017910447761193993,0.008443536908318228,0.007754556980910185,0.9,0.8021884428957072,0.4897959183673469,2.0,0.0,0,-0.008797653958944274,0,0,0,0,0,0,0,0,1,0,0,0,0,0
2026-05-20,BDMS,-0.010928899668246395,-0.0010512555692488768,0.011208195545869794,0.16,0.6121736045413307,0.4081632653061224,2.0,0.0,1,0.005524882837687928,0,0,0,0,0,0,1,0,0,0,0,0,0,0
2026-05-20,BEM,-0.01904760088239399,-0.005573182836240309,0.019482511398685908,0.06,0.3153698175379232,0.0204081632653061,0.0,0.0,0,0.0,0,0,0,0,0,0,0,0,0,1,0,0,0,0
2026-05-20,BH,-0.019774011299435013,-0.002230977445383253,0.012092053209890196,0.04,0.5733025950300475,0.4693877551020408,2.0,-0.2,0,0.0,0,0,0,0,0,0,1,0,0,0,0,0,0,0
2026-05-20,BJC,-0.007042213319620072,0.00011089334194733791,0.016683449003811923,0.26,0.3859487784668349,0.1020408163265306,2.0,0.0,1,0.021276541059871645,0,0,0,0,0,0,0,0,0,1,0,0,0,0
2026-05-20,BTS,0.0,-0.0019044045442951907,0.010558733825361868,0.46,0.3820598396963626,0.0816326530612244,0.0,0.0,0,-0.00980391240220746,0,0,0,0,0,0,0,0,0,1,0,0,0,0
2026-05-20,CBG,-0.018404907975460127,0.00022884841229895426,0.023969870270030766,0.08,0.4037334379706352,0.1428571428571428,1.0,0.0,0,-0.006249999999999978,0,0,0,0,0,0,0,0,0,1,0,0,0,0
2026-05-20,CCET,0.08403361613918325,0.017497497356968796,0.056025667290443754,1.0,0.2944691120222417,0.0408163265306122,0.0,0.0,1,0.04651165885368336,0,0,0,0,0,0,0,0,0,0,0,1,0,0
2026-05-20,CENTEL,0.024193548387096753,0.006556102720202217,0.018330935049914395,0.94,0.2958173008031775,0.0,1.0,0.0,1,0.007874015748031482,0,0,0,0,0,0,0,0,0,0,0,0,1,0
2026-05-20,COM7,-0.017821812393641667,0.011959799316265785,0.026217110981392094,0.1,0.5390811125917591,0.3469387755102041,1.0,0.0,1,0.018145192612223138,0,0,0,0,0,0,1,0,0,0,0,0,0,0
2026-05-20,CPALL,-0.010582010582010581,0.013851091813518623,0.03581428437545494,0.18,0.4825031688955927,0.183673469387755,2.0,0.0,0,0.0,0,0,0,0,0,0,0,0,0,1,0,0,0,0
2026-05-20,CPF,-0.00526317797209086,0.0011193587621271205,0.012068978859542247,0.3,0.7091921123853364,0.4897959183673469,2.0,0.0,1,0.01058205116276123,0,0,0,0,0,0,1,0,0,0,0,0,0,0
2026-05-20,CPN,0.0077821011673151474,0.005646534688689075,0.0195921284690772,0.72,0.2998494178860543,0.0204081632653061,0.0,0.0,1,0.019305019305019266,0,0,0,0,0,0,0,0,0,0,0,1,0,0
2026-05-20,CRC,-0.00507616129933619,0.005823150954195877,0.04063824096467656,0.32,0.1885120701342117,0.1224489795918367,3.0,-0.2,1,0.020408143405366452,0,0,0,0,0,0,0,0,0,1,0,0,0,0
2026-05-20,DELTA,0.03194888178913735,-0.004557148549855472,0.028348247232689434,0.98,0.7549857549857552,0.5102040816326531,15.0,-0.2,1,0.009287925696594534,0,0,0,0,0,0,0,0,0,0,0,1,0,0
2026-05-20,EGCO,0.004444444444444473,-0.006000982310299019,0.014129158997156152,0.65,0.2641362307564376,0.0,0.0,0.0,1,0.017699115044247815,0,0,0,0,0,0,0,0,0,0,0,0,0,1
2026-05-20,GPSC,0.006535947712418277,0.002717138109303785,0.015747160074913336,0.68,0.3084218345695337,0.0408163265306122,1.0,0.0,1,0.045454545454545414,0,0,0,0,0,0,1,0,0,0,0,0,0,0
2026-05-20,GULF,-0.004132231404958664,0.004254577567605744,0.011524473220023533,0.36,0.824860649548974,0.5306122448979591,5.0,0.0,1,0.008298755186721962,1,0,0,0,0,0,0,0,0,0,0,0,0,0
2026-05-20,HMPRO,-0.008333365122477177,-0.0015555312526563281,0.017094726923266346,0.22,0.3412017927251844,0.0816326530612244,2.0,0.0,1,0.016806787340397866,0,0,0,0,0,0,0,0,0,1,0,0,0,0
2026-05-20,IVL,0.00409841518760623,-0.0021490541920886176,0.026394683715204228,0.62,0.6190346064901138,0.4489795918367346,1.0,0.0,0,-0.008163295070313548,0,0,0,0,0,0,1,0,0,0,0,0,0,0
2026-05-20,KBANK,0.002525252525252597,0.003580563415272353,0.006400182937427568,0.54,0.8492309488143115,0.5510204081632653,6.0,0.0,0,-0.007556675062972307,0,0,0,0,0,0,0,0,1,0,0,0,0,0
2026-05-20,KKP,0.003095975232198178,1.3249059206232871e-05,0.005752725807401887,0.58,0.6442502814112808,0.4081632653061224,1.0,0.0,1,0.006172839506172867,0,0,0,0,0,0,0,0,1,0,0,0,0,0
2026-05-20,KTB,0.0,0.010550692300304388,0.014663852900823223,0.46,0.750245974679521,0.3673469387755101,13.0,0.0,0,0.0,0,0,0,0,0,0,0,0,1,0,0,0,0,0
2026-05-20,KTC,-0.008620689655172376,-0.005070240198633158,0.012921723660521196,0.2,0.3257950366470686,0.0408163265306122,6.0,0.0,1,0.008695652173912993,1,0,0,0,0,0,0,0,0,0,0,0,0,0
2026-05-20,LH,0.0,0.0011725033125399077,0.01207335088484942,0.46,0.2735033172691258,0.0,0.0,0.0,1,0.016666717440995127,0,1,0,0,0,0,0,0,0,0,0,0,0,0
2026-05-20,MINT,0.009216536799961261,0.0037545942062785277,0.012372720880627018,0.82,0.4943019943019943,0.2040816326530612,7.0,0.0,1,0.004566227543908896,1,0,0,0,0,0,0,0,0,0,0,0,0,0
2026-05-20,MTC,-0.017699115044247815,-0.006622247550766502,0.03287956939147792,0.12,0.2887361173649064,0.0,2.0,0.0,1,0.018018018018018056,0,0,1,0,0,0,0,0,0,0,0,0,0,0
2026-05-20,OR,0.008000030517578027,0.0016379012952760564,0.01038718498968731,0.74,0.6153782616814699,0.2857142857142857,16.0,-0.05,1,0.007936462283165913,0,0,0,0,0,0,0,0,0,0,0,1,0,0
2026-05-20,OSP,0.0066666920979818745,0.012512470359368245,0.019210750800733825,0.7,0.338970421015203,0.0612244897959183,1.0,0.0,0,0.0,0,0,0,0,0,0,0,0,0,1,0,0,0,0
2026-05-20,PTT,0.013698630136986356,0.0001012602067977042,0.015823286987237683,0.86,0.7728921116235123,0.4285714285714285,5.0,0.0,1,0.006756756756756799,0,0,0,0,0,0,1,0,0,0,0,0,0,0
2026-05-20,PTTEP,0.003278688524590123,0.00271651577894112,0.01435003488682419,0.6,0.6813255353395934,0.4489795918367346,2.0,0.0,0,-0.016339869281045805,0,0,0,0,0,0,1,0,0,0,0,0,0,0
2026-05-20,PTTGC,0.0,-0.0049966577947923915,0.02135065510652021,0.46,0.6382595769495901,0.4693877551020408,1.0,0.0,0,-0.013157894736842146,0,0,0,0,0,0,1,0,0,0,0,0,0,0
2026-05-20,RATCH,0.008474576271186418,-0.0016524236813369342,0.007039652853554929,0.77,0.2677087625191304,0.0,0.0,0.0,1,0.008403361344537785,0,0,0,1,0,0,0,0,0,0,0,0,0,0
2026-05-20,SAWAD,-0.02739727816990678,-0.0071234658820745755,0.023515393415558347,0.02,0.3498375384972611,0.0816326530612244,2.0,0.0,1,0.018779415033167268,0,0,0,0,0,0,0,0,0,1,0,0,0,0
2026-05-20,SCB,0.0,0.004548146877544545,0.008162942887708873,0.46,0.7988495394135452,0.4693877551020408,17.0,0.0,0,-0.0037174721189591198,0,0,0,0,0,0,0,0,1,0,0,0,0,0
2026-05-20,SCC,0.004444444444444473,-0.0026006277560939985,0.009088086992313362,0.65,0.6673911126530135,0.4489795918367346,0.0,0.0,1,0.004424778761061843,0,0,0,0,0,0,1,0,0,0,0,0,0,0
2026-05-20,SCGP,0.017167448024748122,-0.006805825000879095,0.03898162918837307,0.88,0.5128534376254641,0.3469387755102041,0.0,0.0,0,0.0,0,0,0,0,0,0,1,0,0,0,0,0,0,0
2026-05-20,TCAP,0.008474576271186418,0.0034078619119725317,0.005528291929443472,0.77,0.3602260403234661,0.1020408163265306,2.0,0.0,0,0.0,0,0,0,0,0,0,0,0,1,0,0,0,0,0
2026-05-20,TIDLOR,-0.006172903324950019,-0.005730560142987273,0.02999914260983975,0.28,0.2781370028253271,0.0,4.0,0.0,1,0.10558999099814259,0,0,0,0,1,0,0,0,0,0,0,0,0,0
2026-05-20,TISCO,0.0,0.002686473755751262,0.005067738330279026,0.46,0.6406867342025374,0.4081632653061224,1.0,0.0,1,0.004424778761061843,0,0,0,0,0,0,0,0,1,0,0,0,0,0
2026-05-20,TLI,0.0,0.028659659621740774,0.02835714818131857,0.46,0.299872962494744,0.0,0.0,0.0,0,-0.017391287762185792,0,0,0,0,0,1,0,0,0,0,0,0,0,0
2026-05-20,TOP,0.010638297872340496,0.00884006073129331,0.02244495359616339,0.84,0.7386039040525615,0.5102040816326531,10.0,0.0,0,-0.0052631578947368585,0,0,0,0,0,0,1,0,0,0,0,0,0,0
2026-05-20,TRUE,0.002766182948489071,0.0005998332475078749,0.010860826436663019,0.56,0.7259234069997916,0.5510204081632653,10.0,0.0,0,-0.027586180588294762,1,0,0,0,0,0,0,0,0,0,0,0,0,0
2026-05-20,TTB,0.008620681681899223,0.008789074612711811,0.006314957713087998,0.8,0.389142793520201,0.2448979591836734,9.0,0.0,0,-0.017094001418896276,0,0,0,0,0,0,0,0,1,0,0,0,0,0
2026-05-20,TU,-0.017543843505051004,-0.005202132288772932,0.013258751812654462,0.14,0.2779194133981291,0.0,0.0,0.0,0,0.0,0,0,0,0,0,0,0,0,0,0,1,0,0,0
2026-05-20,WHA,-0.00826445466776271,0.01056998311446573,0.02566194911010386,0.24,0.2667685974671863,0.0204081632653061,6.0,0.0,1,0.0166666501098216,1,0,0,0,0,0,0,0,0,0,0,0,0,0
2026-05-21,ADVANC,-0.02717391304347827,-0.0026830788321764,0.014664796024282988,0.04,0.8340338761433772,0.5306122448979591,3.0,0.0,0,-0.008379888268156388,1,0,0,0,0,0,0,0,0,0,0,0,0,0
2026-05-21,AOT,0.004761904761904745,-0.001868864982796725,0.006351980572365005,0.52,0.5714144407022494,0.3877551020408163,1.0,0.0,0,0.0,0,0,0,0,0,0,1,0,0,0,0,0,0,0
2026-05-21,AWC,0.0,8.622681127243848e-05,0.014682952153782854,0.36,0.26474316484215,0.0,0.0,0.0,0,0.0,0,0,0,0,0,0,0,1,0,0,0,0,0,0
2026-05-21,BANPU,0.017241362300696395,0.01054373138771214,0.011466975432386766,0.8,0.5168610876183813,0.3469387755102041,0.0,0.0,1,0.008474527642289953,0,0,0,0,0,0,1,0,0,0,0,0,0,0
2026-05-21,BBL,-0.008797653958944274,0.0054607645263152985,0.01104411792440512,0.16,0.8021884428957072,0.4897959183673469,2.0,0.0,0,-0.00295857988165682,0,0,0,0,0,0,0,0,1,0,0,0,0,0
2026-05-21,BDMS,0.005524882837687928,-0.0032429737762679433,0.00731873120535329,0.54,0.6121736045413307,0.4081632653061224,2.0,0.0,0,-0.005494526224051444,0,0,0,0,0,0,1,0,0,0,0,0,0,0
2026-05-21,BEM,0.0,-0.009346764007327146,0.014838859270658783,0.36,0.3153698175379232,0.0204081632653061,0.0,0.0,0,0.0,0,0,0,0,0,0,0,0,0,1,0,0,0,0
2026-05-21,BH,0.0,-0.005079980294386122,0.00833375478603266,0.36,0.5733025950300475,0.4693877551020408,2.0,-0.2,0,0.0,0,0,0,0,0,0,1,0,0,0,0,0,0,0
2026-05-21,BJC,0.021276541059871645,0.0015293249035071232,0.018393012717101986,0.94,0.3859487784668349,0.1020408163265306,2.0,0.0,0,-0.006944404891978451,0,0,0,0,0,0,0,0,0,1,0,0,0,0
2026-05-21,BTS,-0.00980391240220746,-0.0038651870247366827,0.01101702736710563,0.14,0.3820598396963626,0.0816326530612244,1.0,0.0,0,0.0,0,0,0,0,0,0,0,0,0,1,0,0,0,0
2026-05-21,CBG,-0.006249999999999978,-0.0072711515877010415,0.01655771990621626,0.22,0.4037334379706352,0.1428571428571428,1.0,0.0,0,-0.0062893081761006275,0,0,0,0,0,0,0,0,0,1,0,0,0,0
2026-05-21,CCET,0.04651165885368336,0.013354447339808107,0.05205402111064159,0.98,0.2944691120222417,0.0408163265306122,0.0,0.0,1,0.17777774952076109,0,0,0,0,0,0,0,0,0,0,0,1,0,0
2026-05-21,CENTEL,0.007874015748031482,0.004878873349483293,0.01758973666640131,0.6,0.2958173008031775,0.0,1.0,0.0,1,0.0078125,0,0,0,0,0,0,0,0,0,0,0,0,1,0
2026-05-21,COM7,0.018145192612223138,0.006187125023308116,0.018658590309501098,0.86,0.5390811125917591,0.3469387755102041,1.0,0.0,1,0.01980198019801982,0,0,0,0,0,0,1,0,0,0,0,0,0,0
2026-05-21,CPALL,0.0,0.0001368060992329223,0.018626467643960164,0.36,0.4825031688955927,0.183673469387755,3.0,0.0,0,-0.005347593582887722,0,0,0,0,0,0,0,0,0,1,0,0,0,0
2026-05-21,CPF,0.01058205116276123,-0.0010195665597006799,0.00779408482430407,0.72,0.7091921123853364,0.4897959183673469,2.0,0.0,0,-0.010471243923821483,0,0,0,0,0,0,1,0,0,0,0,0,0,0
2026-05-21,CPN,0.019305019305019266,0.002364681406835767,0.013820616278358391,0.9,0.2998494178860543,0.0204081632653061,0.0,0.0,1,0.007575757575757569,0,0,0,0,0,0,0,0,0,0,0,1,0,0
2026-05-21,CRC,0.020408143405366452,-0.004754901941371137,0.020653100291910014,0.92,0.1885120701342117,0.1224489795918367,3.0,-0.2,1,0.014999961853027433,0,0,0,0,0,0,0,0,0,1,0,0,0,0
2026-05-21,DELTA,0.009287925696594534,-0.004512252232288838,0.02837537639743228,0.7,0.7549857549857552,0.5102040816326531,16.0,-0.2,1,0.018404907975460016,0,0,0,0,0,0,0,0,0,0,0,1,0,0
2026-05-21,EGCO,0.017699115044247815,-0.0033195284001619196,0.01745231983807442,0.82,0.2641362307564376,0.0,0.0,0.0,1,0.008695652173912993,0,0,0,0,0,0,0,0,0,0,0,0,0,1
2026-05-21,GPSC,0.045454545454545414,0.007860678779160257,0.024476661389323924,0.96,0.3084218345695337,0.0408163265306122,0.0,0.0,0,0.0,0,0,0,0,0,0,1,0,0,0,0,0,0,0
2026-05-21,GULF,0.008298755186721962,0.0016770404693569273,0.00754491266945639,0.64,0.824860649548974,0.5306122448979591,5.0,0.0,0,0.0,1,0,0,0,0,0,0,0,0,0,0,0,0,0
2026-05-21,HMPRO,0.016806787340397866,-0.0015275039389957001,0.017132145611702416,0.78,0.3412017927251844,0.0816326530612244,2.0,0.0,0,-0.008264494075791107,0,0,0,0,0,0,0,0,0,1,0,0,0,0
2026-05-21,IVL,-0.008163295070313548,-0.009426887740067036,0.02022015034212129,0.18,0.6190346064901138,0.4489795918367346,1.0,0.0,1,0.016460965862101773,0,0,0,0,0,0,1,0,0,0,0,0,0,0
2026-05-21,KBANK,-0.007556675062972307,1.794635139584777e-05,0.006705581904018446,0.2,0.8492309488143115,0.5510204081632653,7.0,-0.2,0,0.0,0,0,0,0,0,0,0,0,1,0,0,0,0,0
2026-05-21,KKP,0.006172839506172867,1.3249059206232871e-05,0.005752725807401886,0.56,0.6442502814112808,0.4081632653061224,2.0,0.0,0,-0.009202453987730008,0,0,0,0,0,0,0,0,1,0,0,0,0,0
2026-05-21,KTB,0.0,0.004443822071296744,0.009818547433444787,0.36,0.750245974679521,0.3673469387755101,13.0,0.0,1,0.007246376811594235,0,0,0,0,0,0,0,0,1,0,0,0,0,0
2026-05-21,KTC,0.008695652173912993,-0.005026025018087843,0.012979904989405438,0.68,0.3257950366470686,0.0408163265306122,6.0,0.0,0,0.0,1,0,0,0,0,0,0,0,0,0,0,0,0,0
2026-05-21,LH,0.016666717440995127,3.656390523447684e-05,0.00959619158970482,0.76,0.2735033172691258,0.0,0.0,0.0,0,-0.005464475534834423,0,1,0,0,0,0,0,0,0,0,0,0,0,0
2026-05-21,MINT,0.004566227543908896,0.0009469130310577611,0.00939490026658718,0.5,0.4943019943019943,0.2040816326530612,7.0,0.0,0,-0.004545471884987551,1,0,0,0,0,0,0,0,0,0,0,0,0,0
2026-05-21,MTC,0.018018018018018056,-0.006496904816728088,0.03299499125619296,0.84,0.2887361173649064,0.0,3.0,0.0,0,-0.008849557522123908,0,0,1,0,0,0,0,0,0,0,0,0,0,0
2026-05-21,OR,0.007936462283165913,2.519680366706023e-05,0.007936825542429337,0.62,0.6153782616814699,0.2857142857142857,18.0,-0.05,0,0.0,0,0,0,0,0,0,0,0,0,0,0,1,0,0
2026-05-21,OSP,0.0,0.006878659407573729,0.01752816259295963,0.36,0.338970421015203,0.0612244897959183,1.0,0.0,0,-0.006622541651882585,0,0,0,0,0,0,0,0,0,1,0,0,0,0
2026-05-21,PTT,0.006756756756756799,0.0001012602067977042,0.015823286987237683,0.58,0.7728921116235123,0.4285714285714285,6.0,0.0,0,-0.01342281879194629,0,0,0,0,0,0,1,0,0,0,0,0,0,0
2026-05-21,PTTEP,-0.016339869281045805,-0.000551458077268041,0.01677842433726428,0.1,0.6813255353395934,0.4489795918367346,2.0,0.0,1,0.0033222591362125353,0,0,0,0,0,0,1,0,0,0,0,0,0,0
2026-05-21,PTTGC,-0.013157894736842146,-0.010192339306263376,0.018957719943050157,0.12,0.6382595769495901,0.4693877551020408,1.0,0.0,0,0.0,0,0,0,0,0,0,1,0,0,0,0,0,0,0
2026-05-21,RATCH,0.008403361344537785,2.8248587570622875e-05,0.008403747099967445,0.66,0.2677087625191304,0.0,0.0,0.0,0,0.0,0,0,0,1,0,0,0,0,0,0,0,0,0,0
2026-05-21,SAWAD,0.018779415033167268,-0.005177527238686586,0.02550661072800286,0.88,0.3498375384972611,0.0816326530612244,2.0,0.0,0,0.0,0,0,0,0,0,0,0,0,0,1,0,0,0,0
2026-05-21,SCB,-0.0037174721189591198,0.0015232836324599486,0.0077792076687161005,0.26,0.7988495394135452,0.4693877551020408,18.0,-0.1,1,0.00746268656716409,0,0,0,0,0,0,0,0,1,0,0,0,0,0
2026-05-21,SCC,0.004424778761061843,-0.0017156720038816297,0.009605345377810234,0.47,0.6673911126530135,0.4489795918367346,0.0,0.0,0,-0.008810572687224627,0,0,0,0,0,0,1,0,0,0,0,0,0,0
2026-05-21,SCGP,0.0,-0.01412289495676584,0.031520220883384964,0.36,0.5128534376254641,0.3469387755102041,0.0,0.0,1,0.02953581574079256,0,0,0,0,0,0,1,0,0,0,0,0,0,0
2026-05-21,TCAP,0.0,0.00255316105727168,0.005689017159986037,0.36,0.3602260403234661,0.1020408163265306,2.0,0.0,1,0.004201680672268893,0,0,0,0,0,0,0,0,1,0,0,0,0,0
2026-05-21,TIDLOR,0.10558999099814259,0.012977822232073267,0.05900415550210241,1.0,0.2781370028253271,0.0,5.0,0.0,0,0.0,0,0,0,0,1,0,0,0,0,0,0,0,0,0
2026-05-21,TISCO,0.004424778761061843,0.0026745685214165428,0.005062526192876579,0.47,0.6406867342025374,0.4081632653061224,1.0,0.0,0,-0.004405286343612369,0,0,0,0,0,0,0,0,1,0,0,0,0,0
2026-05-21,TLI,-0.017391287762185792,0.019181398254606342,0.034950741804315684,0.06,0.299872962494744,0.0,0.0,0.0,1,0.008849506735177037,0,0,0,0,0,1,0,0,0,0,0,0,0,0
2026-05-21,TOP,-0.0052631578947368585,0.0033918247567415573,0.021754207302593066,0.24,0.7386039040525615,0.5102040816326531,9.0,0.0,1,0.005291005291005346,0,0,0,0,0,0,1,0,0,0,0,0,0,0
2026-05-21,TRUE,-0.027586180588294762,-0.007657125645092533,0.013727861038881583,0.02,0.7259234069997916,0.5510204081632653,8.0,0.0,0,-0.021276608696346178,1,0,0,0,0,0,0,0,0,0,0,0,0,0
2026-05-21,TTB,-0.017094001418896276,0.0017988491786889327,0.011212744746353323,0.08,0.389142793520201,0.2448979591836734,8.0,0.0,1,0.008695644061371466,0,0,0,0,0,0,0,0,1,0,0,0,0,0
2026-05-21,TU,0.0,-0.006941269357811653,0.011423307917987808,0.36,0.2779194133981291,0.0,0.0,0.0,1,0.008928605640421639,0,0,0,0,0,0,0,0,0,0,1,0,0,0
2026-05-21,WHA,0.0166666501098216,0.008640160194987857,0.02451918206477001,0.74,0.2667685974671863,0.0204081632653061,7.0,0.0,1,0.02459013990675496,1,0,0,0,0,0,0,0,0,0,0,0,0,0
2026-05-22,ADVANC,-0.008379888268156388,-0.005460984860463336,0.014026529554897256,0.14,0.8340338761433772,0.5306122448979591,3.0,0.0,0,-0.0028169014084507005,1,0,0,0,0,0,0,0,0,0,0,0,0,0
2026-05-22,AOT,0.0,-0.0009298978466464991,0.006174319361095318,0.49,0.5714144407022494,0.3877551020408163,1.0,0.0,1,0.028436018957346043,0,0,0,0,0,0,1,0,0,0,0,0,0,0
2026-05-22,AWC,0.0,0.0037559479698160867,0.010667549517340147,0.49,0.26474316484215,0.0,0.0,0.0,1,0.07339442317087297,0,0,0,0,0,0,0,1,0,0,0,0,0,0
2026-05-22,BANPU,0.008474527642289953,0.012238636916170132,0.010058751302717729,0.78,0.5168610876183813,0.3469387755102041,0.0,0.0,0,0.0,0,0,0,0,0,0,1,0,0,0,0,0,0,0
2026-05-22,BBL,-0.00295857988165682,0.0042611458144216074,0.011680300105644869,0.34,0.8021884428957072,0.4897959183673469,2.0,0.0,1,0.0029673590504450953,0,0,0,0,0,0,0,0,1,0,0,0,0,0
2026-05-22,BDMS,-0.005494526224051444,-0.002179708610921982,0.006252986258839184,0.24,0.6121736045413307,0.4081632653061224,2.0,0.0,1,0.005524882837687928,0,0,0,0,0,0,1,0,0,0,0,0,0,0
2026-05-22,BEM,0.0,-0.0037912050177592027,0.010886974961661215,0.49,0.3153698175379232,0.0204081632653061,0.0,0.0,1,0.009708682130449064,0,0,0,0,0,0,0,0,0,1,0,0,0,0
2026-05-22,BH,0.0,-0.0045181825415771424,0.00861505352595172,0.49,0.5733025950300475,0.4693877551020408,2.0,0.0,1,0.011527377521613813,0,0,0,0,0,0,1,0,0,0,0,0,0,0
2026-05-22,BJC,-0.006944404891978451,0.002937644017384433,0.017134567612595276,0.18,0.3859487784668349,0.1020408163265306,1.0,0.0,1,0.006992966885427165,0,0,0,0,0,0,0,0,0,1,0,0,0,0
2026-05-22,BTS,0.0,-0.0058069327996931545,0.008621719124490022,0.49,0.3820598396963626,0.0816326530612244,1.0,0.0,1,0.019801961500356402,0,0,0,0,0,0,0,0,0,1,0,0,0,0
2026-05-22,CBG,-0.0062893081761006275,-0.007316892010799947,0.016553855208463135,0.22,0.4037334379706352,0.1428571428571428,1.0,0.0,1,0.06329113924050622,0,0,0,0,0,0,0,0,0,1,0,0,0,0
2026-05-22,CCET,0.17777774952076109,0.058358807272409094,0.07757958299939438,1.0,0.2944691120222417,0.0408163265306122,2.0,0.0,1,0.15094337585601258,0,0,0,0,0,0,0,0,0,0,0,1,0,0
2026-05-22,CENTEL,0.0078125,0.011241373349483297,0.007242326147593996,0.76,0.2958173008031775,0.0,1.0,0.0,1,0.03875968992248069,0,0,0,0,0,0,0,0,0,0,0,0,1,0
2026-05-22,COM7,0.01980198019801982,0.01014752106291208,0.019113032535242856,0.94,0.5390811125917591,0.3469387755102041,1.0,0.0,0,0.0,0,0,0,0,0,0,1,0,0,0,0,0,0,0
2026-05-22,CPALL,-0.005347593582887722,0.0012063248158104666,0.017991723082576676,0.28,0.4825031688955927,0.183673469387755,3.0,0.0,1,0.005376344086021501,0,0,0,0,0,0,0,0,0,1,0,0,0,0
2026-05-22,CPF,-0.010471243923821483,-0.0010304741466302225,0.007810544373713663,0.06,0.7091921123853364,0.4897959183673469,2.0,0.0,1,0.021164001407603106,0,0,0,0,0,0,1,0,0,0,0,0,0,0
2026-05-22,CPN,0.007575757575757569,0.0054123999717957,0.012690538006255775,0.74,0.2998494178860543,0.0204081632653061,0.0,0.0,0,-0.007518796992481258,0,0,0,0,0,0,0,0,0,0,0,1,0,0
2026-05-22,CRC,0.014999961853027433,0.0021475257319687247,0.020251309577872363,0.88,0.1885120701342117,0.1224489795918367,3.0,0.0,1,0.03940892485102476,0,0,0,0,0,0,0,0,0,1,0,0,0,0
2026-05-22,DELTA,0.018404907975460016,0.008150765290946872,0.018111402291828664,0.92,0.7549857549857552,0.5102040816326531,17.0,0.0,1,0.006024096385542244,0,0,0,0,0,0,0,0,0,0,0,1,0,0
2026-05-22,EGCO,0.008695652173912993,-0.0007256971106784693,0.018221886300483374,0.82,0.2641362307564376,0.0,0.0,0.0,1,0.004310344827586299,0,0,0,0,0,0,0,0,0,0,0,0,0,1
2026-05-22,GPSC,0.0,0.009151001359805422,0.023690988407658885,0.49,0.3084218345695337,0.0408163265306122,0.0,0.0,1,0.037267080745341685,0,0,0,0,0,0,1,0,0,0,0,0,0,0
2026-05-22,GULF,0.0,0.0033367915067013198,0.005413523044032501,0.49,0.824860649548974,0.5306122448979591,3.0,0.0,1,0.020576131687242816,1,0,0,0,0,0,0,0,0,0,0,0,0,0
2026-05-22,HMPRO,-0.008264494075791107,9.828269489418063e-05,0.015694084096433823,0.16,0.3412017927251844,0.0816326530612244,2.0,0.0,1,0.008333365122477288,0,0,0,0,0,0,0,0,0,1,0,0,0,0
2026-05-22,IVL,0.016460965862101773,0.0024927653349030576,0.010709999702816303,0.9,0.6190346064901138,0.4489795918367346,1.0,0.0,0,0.0,0,0,0,0,0,0,1,0,0,0,0,0,0,0
2026-05-22,KBANK,0.0,0.0005255605645938077,0.006558163820238584,0.49,0.8492309488143115,0.5510204081632653,7.0,-0.2,0,-0.005076142131979711,0,0,0,0,0,0,0,0,1,0,0,0,0,0
2026-05-22,KKP,-0.009202453987730008,-0.002440738670855103,0.006668319981309894,0.08,0.6442502814112808,0.4081632653061224,3.0,0.0,1,0.015479876160990669,0,0,0,0,0,0,0,0,1,0,0,0,0,0
2026-05-22,KTB,0.007246376811594235,0.0029301344706526232,0.0082833578130454,0.7,0.750245974679521,0.3673469387755101,13.0,0.0,1,0.007194244604316502,0,0,0,0,0,0,0,0,1,0,0,0,0,0
2026-05-22,KTC,0.0,-0.0016646804802727066,0.011223798805369965,0.49,0.3257950366470686,0.0408163265306122,7.0,0.0,1,0.02586206896551735,1,0,0,0,0,0,0,0,0,0,0,0,0,0
2026-05-22,LH,-0.005464475534834423,3.656390523447684e-05,0.00959619158970482,0.26,0.2735033172691258,0.0,0.0,0.0,1,0.016483500288558606,0,1,0,0,0,0,0,0,0,0,0,0,0,0
2026-05-22,MINT,-0.004545471884987551,0.0018642922529145123,0.00832801097158635,0.3,0.4943019943019943,0.2040816326530612,7.0,0.0,1,0.022831050625997884,1,0,0,0,0,0,0,0,0,0,0,0,0,0
2026-05-22,MTC,-0.008849557522123908,-0.003138611192947738,0.03137405267208989,0.1,0.2887361173649064,0.0,4.0,0.0,1,0.03571428571428581,0,0,1,0,0,0,0,0,0,0,0,0,0,0
2026-05-22,OR,0.0,0.0015999909658285017,0.006655386941705608,0.49,0.6153782616814699,0.2857142857142857,16.0,0.0,0,-0.007873970810807207,0,0,0,0,0,0,0,0,0,0,0,1,0,0
2026-05-22,OSP,-0.006622541651882585,0.004184295937709281,0.01854002110063295,0.2,0.338970421015203,0.0612244897959183,1.0,0.0,1,0.013333320617675781,0,0,0,0,0,0,0,0,0,1,0,0,0,0
2026-05-22,PTT,-0.01342281879194629,0.0027858239651869622,0.010274198796986751,0.04,0.7728921116235123,0.4285714285714285,5.0,0.0,0,0.0,0,0,0,0,0,0,1,0,0,0,0,0,0,0
2026-05-22,PTTEP,0.0033222591362125353,0.001437497061232751,0.016465344775046922,0.64,0.6813255353395934,0.4489795918367346,2.0,0.0,0,-0.01655629139072845,0,0,0,0,0,0,1,0,0,0,0,0,0,0
2026-05-22,PTTGC,0.0,-0.0025974025974026204,0.010968026176932523,0.49,0.6382595769495901,0.4693877551020408,1.0,0.0,0,-0.033333333333333326,0,0,0,0,0,0,1,0,0,0,0,0,0,0
2026-05-22,RATCH,0.0,0.0016949152542372835,0.007047831548686953,0.49,0.2677087625191304,0.0,0.0,0.0,1,0.02499999999999991,0,0,0,1,0,0,0,0,0,0,0,0,0,0
2026-05-22,SAWAD,0.0,-0.005177527238686586,0.02550661072800286,0.49,0.3498375384972611,0.0816326530612244,2.0,0.0,1,0.018433161496169914,0,0,0,0,0,0,0,0,0,1,0,0,0,0
2026-05-22,SCB,0.00746268656716409,0.0030158209458927667,0.008122223584831174,0.72,0.7988495394135452,0.4693877551020408,17.0,-0.1,0,-0.007407407407407418,0,0,0,0,0,0,0,0,1,0,0,0,0,0
2026-05-22,SCC,-0.008810572687224627,1.566324033284161e-05,0.0062507693806357865,0.12,0.6673911126530135,0.4489795918367346,0.0,0.0,1,0.008888888888888946,0,0,0,0,0,0,1,0,0,0,0,0,0,0
2026-05-22,SCGP,0.02953581574079256,0.005117607508564848,0.01780691265136196,0.98,0.5128534376254641,0.3469387755102041,0.0,0.0,0,0.0,0,0,0,0,0,0,1,0,0,0,0,0,0,0
2026-05-22,TCAP,0.004201680672268893,0.001691369532150988,0.0048211078517123186,0.66,0.3602260403234661,0.1020408163265306,2.0,0.0,1,0.008368200836819994,0,0,0,0,0,0,0,0,1,0,0,0,0,0
2026-05-22,TIDLOR,0.0,0.01416827552859019,0.05858530357937831,0.49,0.2781370028253271,0.0,4.0,0.0,1,0.02808990327991312,0,0,0,0,1,0,0,0,0,0,0,0,0,0
2026-05-22,TISCO,-0.004405286343612369,7.796966979789489e-06,0.004415034703817536,0.32,0.6406867342025374,0.4081632653061224,0.0,0.0,0,0.0,0,0,0,0,0,0,0,0,1,0,0,0,0,0
2026-05-22,TLI,0.008849506735177037,0.009300825491260146,0.02728688295748347,0.84,0.299872962494744,0.0,0.0,0.0,1,0.008771963580347819,0,0,0,0,0,1,0,0,0,0,0,0,0,0
2026-05-22,TOP,0.005291005291005346,0.006600563449351227,0.020279557207805936,0.68,0.7386039040525615,0.5102040816326531,9.0,0.0,0,-0.02631578947368418,0,0,0,0,0,0,1,0,0,0,0,0,0,0
2026-05-22,TRUE,-0.021276608696346178,-0.010561084603317995,0.014969398317989548,0.02,0.7259234069997916,0.5510204081632653,8.0,0.0,1,0.007246335247339308,1,0,0,0,0,0,0,0,0,0,0,0,0,0
2026-05-22,TTB,0.008695644061371466,0.0017835936771491757,0.01120093139462248,0.8,0.389142793520201,0.2448979591836734,5.0,0.0,1,0.008620681681899223,0,0,0,0,0,0,0,0,1,0,0,0,0,0
2026-05-22,TU,0.008928605640421639,-0.003431403778327624,0.013317323714295799,0.86,0.2779194133981291,0.0,0.0,0.0,1,0.008849506735177037,0,0,0,0,0,0,0,0,0,0,1,0,0,0
2026-05-22,WHA,0.02459013990675496,0.013558188176338849,0.02481720998110651,0.96,0.2667685974671863,0.0204081632653061,7.0,0.0,1,0.019999980926513672,1,0,0,0,0,0,0,0,0,0,0,0,0,0
2026-05-25,ADVANC,-0.0028169014084507005,-0.006024365142153476,0.01380720790351579,0.16,0.8340338761433772,0.5306122448979591,4.0,0.0,0,-0.0028248587570621764,1,0,0,0,0,0,0,0,0,0,0,0,0,0
2026-05-25,AOT,0.028436018957346043,0.006644098397652898,0.012803317352055926,0.86,0.5714144407022494,0.3877551020408163,2.0,0.0,0,-0.004608294930875556,0,0,0,0,0,0,1,0,0,0,0,0,0,0
2026-05-25,AWC,0.07339442317087297,0.02030401189040836,0.030675125324992874,0.98,0.26474316484215,0.0,0.0,0.0,0,-0.025641002128344415,0,0,0,0,0,0,0,1,0,0,0,0,0,0
2026-05-25,BANPU,0.0,0.012238636916170132,0.010058751302717729,0.23,0.5168610876183813,0.3469387755102041,0.0,0.0,0,-0.02521002072919387,0,0,0,0,0,0,1,0,0,0,0,0,0,0
2026-05-25,BBL,0.0029673590504450953,0.001824314594207599,0.009988751800713083,0.3,0.8021884428957072,0.4897959183673469,2.0,0.0,1,0.026627218934911268,0,0,0,0,0,0,0,0,1,0,0,0,0,0
2026-05-25,BDMS,0.005524882837687928,-0.0010747320433843965,0.007157235540003494,0.36,0.6121736045413307,0.4081632653061224,2.0,0.0,1,0.0054944214246803735,0,0,0,0,0,0,1,0,0,0,0,0,0,0
2026-05-25,BEM,0.009708682130449064,5.5300579182548935e-05,0.011720821758529535,0.58,0.3153698175379232,0.0204081632653061,0.0,0.0,0,0.0,0,0,0,0,0,0,0,0,0,1,0,0,0,0
2026-05-25,BH,0.011527377521613813,-0.00221270703725438,0.011262177040623041,0.6,0.5733025950300475,0.4693877551020408,3.0,0.0,1,0.01139601139601143,0,0,0,0,0,0,1,0,0,0,0,0,0,0
2026-05-25,BJC,0.006992966885427165,0.007173127572179294,0.014212288115958403,0.4,0.3859487784668349,0.1020408163265306,2.0,0.0,0,-0.006944404891978451,0,0,0,0,0,0,0,0,0,1,0,0,0,0
2026-05-25,BTS,0.019801961500356402,0.0019996098196297884,0.010819452163787628,0.7,0.3820598396963626,0.0816326530612244,1.0,0.0,0,-0.009708728874782357,0,0,0,0,0,0,0,0,0,1,0,0,0,0
2026-05-25,CBG,0.06329113924050622,0.010219384617789106,0.032605636903182654,0.96,0.4037334379706352,0.1428571428571428,2.0,0.0,0,-0.023809523809523836,0,0,0,0,0,0,0,0,0,1,0,0,0,0
2026-05-25,CCET,0.15094337585601258,0.09185328007392805,0.0731927057303657,1.0,0.2944691120222417,0.0408163265306122,4.0,0.0,0,0.0,0,0,0,0,0,0,0,0,0,0,0,1,0,0
2026-05-25,CENTEL,0.03875968992248069,0.01735396707168437,0.013883209130350514,0.92,0.2958173008031775,0.0,0.0,0.0,0,0.0,0,0,0,0,0,0,0,0,0,0,0,0,1,0
2026-05-25,COM7,0.0,0.004025072083320258,0.01547560503915748,0.23,0.5390811125917591,0.3469387755102041,0.0,0.0,0,-0.01941747572815533,0,0,0,0,0,0,1,0,0,0,0,0,0,0
2026-05-25,CPALL,0.005376344086021501,-0.004204892853471698,0.006905093743531182,0.34,0.4825031688955927,0.183673469387755,4.0,0.0,0,0.0,0,0,0,0,0,0,0,0,0,1,0,0,0,0
2026-05-25,CPF,0.021164001407603106,0.0032023261348903985,0.012707953126874751,0.76,0.7091921123853364,0.4897959183673469,2.0,0.0,0,0.0,0,0,0,0,0,0,1,0,0,0,0,0,0,0
2026-05-25,CPN,-0.007518796992481258,0.0069974436621025315,0.009537596565487869,0.1,0.2998494178860543,0.0204081632653061,0.0,0.0,0,-0.0037878787878787845,0,0,0,0,0,0,0,0,0,0,0,1,0,0
2026-05-25,CRC,0.03940892485102476,0.01599946363831859,0.01616788881272822,0.94,0.1885120701342117,0.1224489795918367,4.0,0.0,0,-0.014218063459024544,0,0,0,0,0,0,0,0,0,1,0,0,0,0
2026-05-25,DELTA,0.006024096385542244,0.010609503063353131,0.016419809813384756,0.38,0.7549857549857552,0.5102040816326531,18.0,0.0,0,0.0,0,0,0,0,0,0,0,0,0,0,0,1,0,0
2026-05-25,EGCO,0.004310344827586299,0.006144955545825925,0.008030900833890171,0.32,0.2641362307564376,0.0,0.0,0.0,0,0.0,0,0,0,0,0,0,0,0,0,0,0,0,0,1
2026-05-25,GPSC,0.037267080745341685,0.020500521404977646,0.019822611047944094,0.9,0.3084218345695337,0.0408163265306122,0.0,0.0,0,-0.0239520958083832,0,0,0,0,0,0,1,0,0,0,0,0,0,0
2026-05-25,GULF,0.020576131687242816,0.006615197760467884,0.009486333678481597,0.74,0.824860649548974,0.5306122448979591,4.0,0.0,0,-0.0040322580645161255,1,0,0,0,0,0,0,0,0,0,0,0,0,0
2026-05-25,HMPRO,0.008333365122477288,0.005098285873808584,0.012717807711969278,0.46,0.3412017927251844,0.0816326530612244,2.0,0.0,0,0.0,0,0,0,0,0,0,0,0,0,1,0,0,0,0
2026-05-25,IVL,0.0,0.004132099916984777,0.009183260235229898,0.23,0.6190346064901138,0.4489795918367346,2.0,0.0,0,0.0,0,0,0,0,0,0,1,0,0,0,0,0,0,0
2026-05-25,KBANK,-0.005076142131979711,-0.002525291271471364,0.003990826749340414,0.14,0.8492309488143115,0.5510204081632653,7.0,-0.2,1,0.010204081632652962,0,0,0,0,0,0,0,0,1,0,0,0,0,0
2026-05-25,KKP,0.015479876160990669,0.0018784781515571059,0.009902362814236162,0.64,0.6442502814112808,0.4081632653061224,3.0,0.0,0,0.0,0,0,0,0,0,0,0,0,1,0,0,0,0,0
2026-05-25,KTB,0.007194244604316502,0.001449275362318847,0.006031631047444023,0.42,0.750245974679521,0.3673469387755101,14.0,0.0,0,0.0,0,0,0,0,0,0,0,0,1,0,0,0,0,0
2026-05-25,KTC,0.02586206896551735,0.006926536731634192,0.0127916679844141,0.82,0.3257950366470686,0.0408163265306122,8.0,0.0,0,0.0,1,0,0,0,0,0,0,0,0,0,0,0,0,0
2026-05-25,LH,0.016483500288558606,0.004432177082104994,0.011309827794244496,0.66,0.2735033172691258,0.0,1.0,0.0,0,-0.005405400180747089,0,1,0,0,0,0,0,0,0,0,0,0,0,0
2026-05-25,MINT,0.022831050625997884,0.004587195018121837,0.012509012015575662,0.78,0.4943019943019943,0.2040816326530612,8.0,0.0,0,0.0,1,0,0,0,0,0,0,0,0,0,0,0,0,0
2026-05-25,MTC,0.03571428571428581,0.012776175774470832,0.025111089040460697,0.88,0.2887361173649064,0.0,4.0,0.0,0,-0.008620689655172376,0,0,1,0,0,0,0,0,0,0,0,0,0,0
2026-05-25,OR,-0.007873970810807207,0.0016125043979873465,0.0066329949121059955,0.08,0.6153782616814699,0.2857142857142857,17.0,0.0,0,-0.007936537971601432,0,0,0,0,0,0,0,0,0,0,0,1,0,0
2026-05-25,OSP,0.013333320617675781,0.009572045936892959,0.01578781654596954,0.62,0.338970421015203,0.0612244897959183,1.0,0.0,0,0.0,0,0,0,0,0,0,0,0,0,1,0,0,0,0
2026-05-25,PTT,0.0,0.001406513620359373,0.010044736071695386,0.23,0.7728921116235123,0.4285714285714285,5.0,0.0,0,-0.006802721088435382,0,0,0,0,0,0,1,0,0,0,0,0,0,0
2026-05-25,PTTEP,-0.01655629139072845,-0.0072070945502462624,0.009975606716793938,0.06,0.6813255353395934,0.4489795918367346,1.0,0.0,0,-0.013468013468013518,0,0,0,0,0,0,1,0,0,0,0,0,0,0
2026-05-25,PTTGC,-0.033333333333333326,-0.011895648211437692,0.013650747044487795,0.02,0.6382595769495901,0.4693877551020408,2.0,0.0,0,-0.01379310344827589,0,0,0,0,0,0,1,0,0,0,0,0,0,0
2026-05-25,RATCH,0.02499999999999991,0.008375587523144823,0.010206402317586339,0.8,0.2677087625191304,0.0,0.0,0.0,0,-0.008130081300813052,0,0,0,1,0,0,0,0,0,0,0,0,0,0
2026-05-25,SAWAD,0.018433161496169914,0.005683986355888626,0.02017208840870532,0.68,0.3498375384972611,0.0816326530612244,2.0,0.0,0,-0.018099529937821268,0,0,0,0,0,0,0,0,0,1,0,0,0,0
2026-05-25,SCB,-0.007407407407407418,-0.0014731793325812204,0.005640193007543934,0.12,0.7988495394135452,0.4693877551020408,17.0,-0.2,1,0.00746268656716409,0,0,0,0,0,0,0,0,1,0,0,0,0,0
2026-05-25,SCC,0.008888888888888946,0.0009045521292217363,0.007270795770958059,0.56,0.6673911126530135,0.4489795918367346,0.0,0.0,1,0.017621145374449254,0,0,0,0,0,0,1,0,0,0,0,0,0,0
2026-05-25,SCGP,0.0,0.00679827021446433,0.016564993343887405,0.23,0.5128534376254641,0.3469387755102041,0.0,0.0,0,-0.02459017995287438,0,0,0,0,0,0,1,0,0,0,0,0,0,0
2026-05-25,TCAP,0.008368200836819994,0.003365009699514987,0.0054928661006576765,0.48,0.3602260403234661,0.1020408163265306,2.0,0.0,1,0.004149377593360981,0,0,0,0,0,0,0,0,1,0,0,0,0,0
2026-05-25,TIDLOR,0.02808990327991312,0.030564704415415457,0.044571051616672464,0.84,0.2781370028253271,0.0,4.0,0.0,0,0.0,0,0,0,0,1,0,0,0,0,0,0,0,0,0
2026-05-25,TISCO,0.0,-0.0008771587852325791,0.0036927200323821525,0.23,0.6406867342025374,0.4081632653061224,0.0,0.0,1,0.004424778761061843,0,0,0,0,0,0,0,0,1,0,0,0,0,0
2026-05-25,TLI,0.008771963580347819,4.603651066781289e-05,0.010697048748796012,0.52,0.299872962494744,0.0,0.0,0.0,0,-0.026086973107379396,0,0,0,0,0,1,0,0,0,0,0,0,0,0
2026-05-25,TOP,-0.02631578947368418,-0.006271290097559534,0.015095099299296756,0.04,0.7386039040525615,0.5102040816326531,5.0,0.0,0,-0.010810810810810811,0,0,0,0,0,0,1,0,0,0,0,0,0,0
2026-05-25,TRUE,0.007246335247339308,-0.006390732148589473,0.01671233471852757,0.44,0.7259234069997916,0.5510204081632653,7.0,0.0,0,-0.007194203635955465,1,0,0,0,0,0,0,0,0,0,0,0,0,0
2026-05-25,TTB,0.008620681681899223,0.001768601201254727,0.011189410891856193,0.5,0.389142793520201,0.2448979591836734,7.0,-0.1,1,0.008547000709448138,0,0,0,0,0,0,0,0,1,0,0,0,0,0
2026-05-25,TU,0.008849506735177037,0.0018167551211449417,0.011485109780415085,0.54,0.2779194133981291,0.0,0.0,0.0,0,-0.008771879924703185,0,0,0,0,0,0,0,0,0,0,1,0,0,0
2026-05-25,WHA,0.019999980926513672,0.020122284574476023,0.0199612141737038,0.72,0.2667685974671863,0.0204081632653061,6.0,0.0,0,-0.01960782480441492,1,0,0,0,0,0,0,0,0,0,0,0,0,0
2026-05-26,ADVANC,-0.0028248587570621764,-0.00878111771548371,0.010563651632388774,0.52,0.8340338761433772,0.5306122448979591,3.0,0.0,0,-0.0028328611898017497,1,0,0,0,0,0,0,0,0,0,0,0,0,0
2026-05-26,AOT,-0.004608294930875556,0.004770058459096838,0.013795047255725243,0.46,0.5714144407022494,0.3877551020408163,2.0,0.0,1,0.0092592592592593,0,0,0,0,0,0,1,0,0,0,0,0,0,0
2026-05-26,AWC,-0.025641002128344415,0.013288998217122882,0.03711667336027384,0.04,0.26474316484215,0.0,0.0,0.0,1,0.017543843138140724,0,0,0,0,0,0,0,1,0,0,0,0,0,0
2026-05-26,BANPU,-0.02521002072919387,0.005410911642247029,0.01976784258203274,0.06,0.5168610876183813,0.3469387755102041,0.0,0.0,1,0.017241362300696395,0,0,0,0,0,0,1,0,0,0,0,0,0,0
2026-05-26,BBL,0.026627218934911268,0.007149758381189852,0.014740715997695922,1.0,0.8021884428957072,0.4897959183673469,2.0,0.0,1,0.0028818443804035088,0,0,0,0,0,0,0,0,1,0,0,0,0,0
2026-05-26,BDMS,0.0054944214246803735,2.4152241551678167e-05,0.007759914259575765,0.88,0.6121736045413307,0.4081632653061224,3.0,0.0,0,0.0,0,0,0,0,0,0,1,0,0,0,0,0,0,0
2026-05-26,BEM,0.0,-0.001867783750388985,0.010483636384790246,0.68,0.3153698175379232,0.0204081632653061,0.0,0.0,0,0.0,0,0,0,0,0,0,0,0,0,1,0,0,0,0
2026-05-26,BH,0.01139601139601143,0.000629875523638046,0.012764964896716538,0.96,0.5733025950300475,0.4693877551020408,3.0,0.0,1,0.0028169014084507005,0,0,0,0,0,0,1,0,0,0,0,0,0,0
2026-05-26,BJC,-0.006944404891978451,0.0014676969683443675,0.012618086229943424,0.4,0.3859487784668349,0.1020408163265306,2.0,0.0,0,-0.006993033575937835,0,0,0,0,0,0,0,0,0,1,0,0,0,0
2026-05-26,BTS,-0.009708728874782357,5.786404467331696e-05,0.012067280687643109,0.28,0.3820598396963626,0.0816326530612244,1.0,0.0,1,0.00980391240220757,0,0,0,0,0,0,0,0,0,1,0,0,0,0
2026-05-26,CBG,-0.023809523809523836,0.0017074798558843307,0.03526840947656024,0.12,0.4037334379706352,0.1428571428571428,2.0,0.0,0,-0.0060975609756097615,0,0,0,0,0,0,0,0,0,1,0,0,0,0
2026-05-26,CCET,0.0,0.09185328007392805,0.0731927057303657,0.68,0.2944691120222417,0.0408163265306122,9.0,0.0,0,-0.016393401615722336,0,0,0,0,0,0,0,0,0,0,0,1,0,0
2026-05-26,CENTEL,0.0,0.015727950811521785,0.015603160281235073,0.68,0.2958173008031775,0.0,0.0,0.0,0,-0.014925373134328401,0,0,0,0,0,0,0,0,0,0,0,0,1,0
2026-05-26,COM7,-0.01941747572815533,0.00014157693768919178,0.018814366686117023,0.16,0.5390811125917591,0.3469387755102041,0.0,0.0,1,0.00990099009900991,0,0,0,0,0,0,1,0,0,0,0,0,0,0
2026-05-26,CPALL,0.0,-0.0021106520157753604,0.0060664347263928685,0.68,0.4825031688955927,0.183673469387755,5.0,0.0,0,-0.016042780748663055,0,0,0,0,0,0,0,0,0,1,0,0,0,0
2026-05-26,CPF,0.0,0.0032023261348903985,0.01270795312687475,0.68,0.7091921123853364,0.4897959183673469,2.0,0.0,0,0.0,0,0,0,0,0,0,1,0,0,0,0,0,0,0
2026-05-26,CPN,-0.0037878787878787845,0.004671240453546388,0.010635023141062135,0.5,0.2998494178860543,0.0204081632653061,0.0,0.0,0,-0.0076045627376425395,0,0,0,0,0,0,0,0,0,0,0,1,0,0
2026-05-26,CRC,-0.014218063459024544,0.011104561070211582,0.021248052204916525,0.2,0.1885120701342117,0.1224489795918367,3.0,0.0,0,-0.004807619124471918,0,0,0,0,0,0,0,0,0,1,0,0,0,0
2026-05-26,DELTA,0.0,0.01313316236934683,0.012446156204538112,0.68,0.7549857549857552,0.5102040816326531,22.0,0.0,1,0.05988023952095811,0,0,0,0,0,0,0,0,0,0,0,1,0,0
2026-05-26,EGCO,0.0,0.007029911298038316,0.006710196247879353,0.68,0.2641362307564376,0.0,0.0,0.0,0,0.0,0,0,0,0,0,0,0,0,0,0,0,0,0,1
2026-05-26,GPSC,-0.0239520958083832,0.013061095620784436,0.028365522301714338,0.1,0.3084218345695337,0.0408163265306122,0.0,0.0,0,0.0,0,0,0,0,0,0,1,0,0,0,0,0,0,0
2026-05-26,GULF,-0.0040322580645161255,0.0041420794808979975,0.010485667148690437,0.48,0.824860649548974,0.5306122448979591,3.0,0.0,1,0.012145748987854255,1,0,0,0,0,0,0,0,0,0,0,0,0,0
2026-05-26,HMPRO,0.0,0.001708458652921374,0.01089800161405148,0.68,0.3412017927251844,0.0816326530612244,2.0,0.0,0,0.0,0,0,0,0,0,0,0,0,0,1,0,0,0,0
2026-05-26,IVL,0.0,0.002479217195878891,0.00899537660477007,0.68,0.6190346064901138,0.4489795918367346,2.0,0.0,0,-0.008097195276033364,0,0,0,0,0,0,1,0,0,0,0,0,0,0
2026-05-26,KBANK,0.010204081632652962,1.9303392590708235e-05,0.006952856897145224,0.94,0.8492309488143115,0.5510204081632653,6.0,-0.2,1,0.002525252525252597,0,0,0,0,0,0,0,0,1,0,0,0,0,0
2026-05-26,KKP,0.0,0.003109247382326341,0.008995327108292563,0.68,0.6442502814112808,0.4081632653061224,3.0,0.0,1,0.060975609756097615,0,0,0,0,0,0,0,0,1,0,0,0,0,0
2026-05-26,KTB,0.0,0.0028881242831821476,0.003954769997952339,0.68,0.750245974679521,0.3673469387755101,14.0,0.0,0,0.0,0,0,0,0,0,0,0,0,1,0,0,0,0,0
2026-05-26,KTC,0.0,0.005187406296851593,0.013078908092751584,0.68,0.3257950366470686,0.0408163265306122,8.0,0.0,1,0.008403361344537785,1,0,0,0,0,0,0,0,0,0,0,0,0,0
2026-05-26,LH,-0.005405400180747089,0.004456068402794444,0.011283631595742926,0.44,0.2735033172691258,0.0,1.0,0.0,0,-0.005434777327093299,0,1,0,0,0,0,0,0,0,0,0,0,0,0
2026-05-26,MINT,0.0,0.006413668616976098,0.010512343295740044,0.68,0.4943019943019943,0.2040816326530612,5.0,0.0,0,-0.008928520490927738,1,0,0,0,0,0,0,0,0,0,0,0,0,0
2026-05-26,MTC,-0.008620689655172376,0.0037125883021519534,0.022344642812599288,0.32,0.2887361173649064,0.0,4.0,0.0,0,0.0,0,0,1,0,0,0,0,0,0,0,0,0,0,0
2026-05-26,OR,-0.007936537971601432,2.519680366706023e-05,0.007936825542429336,0.36,0.6153782616814699,0.2857142857142857,16.0,0.0,0,0.0,0,0,0,0,0,0,0,0,0,0,0,1,0,0
2026-05-26,OSP,0.0,0.002675494212755014,0.007587636880833254,0.68,0.338970421015203,0.0612244897959183,1.0,0.0,0,0.0,0,0,0,0,0,0,0,0,0,1,0,0,0,0
2026-05-26,PTT,-0.006802721088435382,4.5969402672296765e-05,0.010720829516628939,0.42,0.7728921116235123,0.4285714285714285,4.0,0.0,0,0.0,0,0,0,0,0,0,1,0,0,0,0,0,0,0
2026-05-26,PTTEP,-0.013468013468013518,-0.007952645295797024,0.010344731360897934,0.24,0.6813255353395934,0.4489795918367346,1.0,0.0,0,-0.013651877133105783,0,0,0,0,0,0,1,0,0,0,0,0,0,0
2026-05-26,PTTGC,-0.01379310344827589,-0.012056866303690272,0.013671602708044689,0.22,0.6382595769495901,0.4693877551020408,2.0,0.0,0,-0.006993006993006978,0,0,0,0,0,0,1,0,0,0,0,0,0,0
2026-05-26,RATCH,-0.008130081300813052,0.006749571262982213,0.012305990265420301,0.34,0.2677087625191304,0.0,0.0,0.0,1,0.008196721311475308,0,0,0,1,0,0,0,0,0,0,0,0,0,0
2026-05-26,SAWAD,-0.018099529937821268,-0.0016568463156781733,0.02095785060694612,0.18,0.3498375384972611,0.0816326530612244,3.0,0.0,0,-0.0046083123481043264,0,0,0,0,0,0,0,0,0,1,0,0,0,0
2026-05-26,SCB,0.00746268656716409,0.0007600987215923283,0.006655522419787644,0.9,0.7988495394135452,0.4693877551020408,15.0,-0.2,1,0.0037037037037037646,0,0,0,0,0,0,0,0,1,0,0,0,0,0
2026-05-26,SCC,0.017621145374449254,0.005313736956323978,0.009556359824253657,0.98,0.6673911126530135,0.4489795918367346,0.0,0.0,0,-0.008658008658008698,0,0,0,0,0,0,1,0,0,0,0,0,0,0
2026-05-26,SCGP,-0.02459017995287438,0.00442261676253326,0.020457058305936988,0.08,0.5128534376254641,0.3469387755102041,1.0,0.0,0,-0.004201616694398003,0,0,0,0,0,0,1,0,0,0,0,0,0,0
2026-05-26,TCAP,0.004149377593360981,0.005038767074727257,0.0035274216837067225,0.84,0.3602260403234661,0.1020408163265306,1.0,0.0,1,0.008264462809917328,0,0,0,0,0,0,0,0,1,0,0,0,0,0
2026-05-26,TIDLOR,0.0,0.02550139819062114,0.046703284285847635,0.68,0.2781370028253271,0.0,4.0,0.0,0,-0.005464375523072218,0,0,0,0,1,0,0,0,0,0,0,0,0,0
2026-05-26,TISCO,0.004424778761061843,0.0008888542357022633,0.0036950498195652353,0.86,0.6406867342025374,0.4081632653061224,0.0,0.0,1,0.004405286343612369,0,0,0,0,0,0,0,0,1,0,0,0,0,0
2026-05-26,TLI,-0.026086973107379396,-0.005171358110808067,0.01584718781749683,0.02,0.299872962494744,0.0,0.0,0.0,0,-0.008928520490927738,0,0,0,0,0,1,0,0,0,0,0,0,0,0
2026-05-26,TOP,-0.010810810810810811,-0.005292091003177202,0.014476120161458036,0.26,0.7386039040525615,0.5102040816326531,4.0,0.0,1,0.016393442622950838,0,0,0,0,0,0,1,0,0,0,0,0,0,0
2026-05-26,TRUE,-0.007194203635955465,-0.009208894944953605,0.015013247609265147,0.38,0.7259234069997916,0.5510204081632653,6.0,0.0,0,-0.014492739601511984,1,0,0,0,0,0,0,0,0,0,0,0,0,0
2026-05-26,TTB,0.008547000709448138,0.0034780013431443546,0.011500219235793896,0.92,0.389142793520201,0.2448979591836734,7.0,-0.1,0,-0.008474568565903118,0,0,0,0,0,0,0,0,1,0,0,0,0,0
2026-05-26,TU,-0.008771879924703185,-0.0017075222108311027,0.011491169761808806,0.3,0.2779194133981291,0.0,0.0,0.0,0,-0.008849591131132817,0,0,0,0,0,0,0,0,0,0,1,0,0,0
2026-05-26,WHA,-0.01960782480441492,0.006676898294182521,0.01944424461080808,0.14,0.2667685974671863,0.0204081632653061,6.0,0.0,1,0.019999980926513672,1,0,0,0,0,0,0,0,0,0,0,0,0,0
2026-05-27,ADVANC,-0.0028328611898017497,-0.008805684533389858,0.010546131281616546,0.42,0.8340338761433772,0.5306122448979591,3.0,0.0,1,0.0028409090909091717,1,0,0,0,0,0,0,0,0,0,0,0,0,0
2026-05-27,AOT,0.0092592592592593,0.007569777609526906,0.012764653442373911,0.82,0.5714144407022494,0.3877551020408163,2.0,0.0,1,0.00917431192660545,0,0,0,0,0,0,1,0,0,0,0,0,0,0
2026-05-27,AWC,0.017543843138140724,0.013059452836133856,0.03707843791508281,0.94,0.26474316484215,0.0,0.0,0.0,0,-0.02586204504569778,0,0,0,0,0,0,0,1,0,0,0,0,0,0
2026-05-27,BANPU,0.017241362300696395,0.003549446302897774,0.01759899902415119,0.92,0.5168610876183813,0.3469387755102041,0.0,0.0,0,-0.008474608462146094,0,0,0,0,0,0,1,0,0,0,0,0,0,0
2026-05-27,BBL,0.0028818443804035088,0.004144037705031756,0.01347595731820811,0.7,0.8021884428957072,0.4897959183673469,2.0,0.0,0,-0.011494252873563204,0,0,0,0,0,0,0,0,1,0,0,0,0,0
2026-05-27,BDMS,0.0,0.002209932175200957,0.004924635642973772,0.54,0.6121736045413307,0.4081632653061224,2.0,0.0,0,-0.010928899668246395,0,0,0,0,0,0,1,0,0,0,0,0,0,0
2026-05-27,BEM,0.0,0.0019417364260898129,0.004341854643124318,0.54,0.3153698175379232,0.0204081632653061,0.0,0.0,0,-0.009615329948400753,0,0,0,0,0,0,0,0,0,1,0,0,0,0
2026-05-27,BH,0.0028169014084507005,0.005148058065215189,0.005877327891878791,0.68,0.5733025950300475,0.4693877551020408,2.0,0.0,0,-0.002808988764044895,0,0,0,0,0,0,1,0,0,0,0,0,0,0
2026-05-27,BJC,-0.006993033575937835,0.0014775329170808149,0.012609810713581911,0.26,0.3859487784668349,0.1020408163265306,1.0,0.0,0,0.0,0,0,0,0,0,0,0,0,0,1,0,0,0,0
2026-05-27,BTS,0.00980391240220757,0.002018646525114831,0.012828053471193082,0.84,0.3820598396963626,0.0816326530612244,1.0,0.0,0,0.0,0,0,0,0,0,0,0,0,0,1,0,0,0,0
2026-05-27,CBG,-0.0060975609756097615,0.0041689492558544036,0.033917396672258134,0.3,0.4037334379706352,0.1428571428571428,2.0,0.0,0,-0.006134969325153339,0,0,0,0,0,0,0,0,0,1,0,0,0,0
2026-05-27,CCET,-0.016393401615722336,0.07176787652294694,0.08813025652729452,0.02,0.2944691120222417,0.0408163265306122,10.0,-0.2,0,-0.005555576748318192,0,0,0,0,0,0,0,0,0,0,0,1,0,0
2026-05-27,CENTEL,-0.014925373134328401,0.007904166507236753,0.01959423617716071,0.06,0.2958173008031775,0.0,0.0,0.0,1,0.015151515151515138,0,0,0,0,0,0,0,0,0,0,0,0,1,0
2026-05-27,COM7,0.00990099009900991,0.0056861374362195075,0.01608394858681906,0.86,0.5390811125917591,0.3469387755102041,0.0,0.0,0,0.0,0,0,0,0,0,0,1,0,0,0,0,0,0,0
2026-05-27,CPALL,-0.016042780748663055,-0.003202806049105855,0.008117616861920883,0.04,0.4825031688955927,0.183673469387755,4.0,0.0,1,0.010869565217391353,0,0,0,0,0,0,0,0,0,1,0,0,0,0
2026-05-27,CPF,0.0,0.004254961729308571,0.012031398662614917,0.54,0.7091921123853364,0.4897959183673469,2.0,0.0,0,-0.010362635414346344,0,0,0,0,0,0,1,0,0,0,0,0,0,0
2026-05-27,CPN,-0.0076045627376425395,0.0015939076725548507,0.01168420807358395,0.24,0.2998494178860543,0.0204081632653061,0.0,0.0,0,-0.011494252873563204,0,0,0,0,0,0,0,0,0,0,0,1,0,0
2026-05-27,CRC,-0.004807619124471918,0.011158269505184438,0.021197206002084273,0.36,0.1885120701342117,0.1224489795918367,2.0,0.0,0,0.0,0,0,0,0,0,0,0,0,0,1,0,0,0,0
2026-05-27,DELTA,0.05988023952095811,0.01871943391571098,0.023952311960731876,0.98,0.7549857549857552,0.5102040816326531,23.0,-0.02857142857142857,0,-0.0028248587570621764,0,0,0,0,0,0,0,0,0,0,0,1,0,0
2026-05-27,EGCO,0.0,0.006141022409149421,0.007397488280888322,0.54,0.2641362307564376,0.0,0.0,0.0,0,-0.0042918454935622075,0,0,0,0,0,0,0,0,0,0,0,0,0,1
2026-05-27,GPSC,0.0,0.01175390607830078,0.028887204619370582,0.54,0.3084218345695337,0.0408163265306122,0.0,0.0,0,-0.012269938650306789,0,0,0,0,0,0,1,0,0,0,0,0,0,0
2026-05-27,GULF,0.012145748987854255,0.007397675559460581,0.009777484825090735,0.88,0.824860649548974,0.5306122448979591,4.0,0.0,0,-0.01200000000000001,1,0,0,0,0,0,0,0,0,0,0,0,0,0
2026-05-27,HMPRO,0.0,0.0033751316774168092,0.009529655923735562,0.54,0.3412017927251844,0.0816326530612244,2.0,0.0,0,-0.008264494075791107,0,0,0,0,0,0,0,0,0,1,0,0,0,0
2026-05-27,IVL,-0.008097195276033364,4.00951031509722e-05,0.010039413787293795,0.22,0.6190346064901138,0.4489795918367346,2.0,0.0,0,-0.0010278119257861595,0,0,0,0,0,0,1,0,0,0,0,0,0,0
2026-05-27,KBANK,0.002525252525252597,1.9303392590708235e-05,0.006952856897145224,0.66,0.8492309488143115,0.5510204081632653,10.0,-0.2,1,0.0025188916876575096,0,0,0,0,0,0,0,0,1,0,0,0,0,0
2026-05-27,KKP,0.060975609756097615,0.014685174287106228,0.02739602589263332,1.0,0.6442502814112808,0.4081632653061224,4.0,0.0,0,-0.008620689655172376,0,0,0,0,0,0,0,0,1,0,0,0,0,0
2026-05-27,KTB,0.0,0.0028881242831821476,0.003954769997952339,0.54,0.750245974679521,0.3673469387755101,14.0,0.0,0,0.0,0,0,0,0,0,0,0,0,1,0,0,0,0,0
2026-05-27,KTC,0.008403361344537785,0.008592216496793625,0.010558723149070423,0.8,0.3257950366470686,0.0408163265306122,8.0,0.0,0,0.0,1,0,0,0,0,0,0,0,0,0,0,0,0,0
2026-05-27,LH,-0.005434777327093299,0.0033691129373757843,0.01205556189769716,0.34,0.2735033172691258,0.0,1.0,0.0,0,-0.010929016211355558,0,1,0,0,0,0,0,0,0,0,0,0,0,0
2026-05-27,MINT,-0.008928520490927738,0.002784657158798298,0.01228531157544983,0.13,0.4943019943019943,0.2040816326530612,3.0,0.0,1,0.013513478682458668,1,0,0,0,0,0,0,0,0,0,0,0,0,0
2026-05-27,MTC,0.0,0.0072524113110015165,0.019298981752463813,0.54,0.2887361173649064,0.0,4.0,0.0,0,0.0,0,0,1,0,0,0,0,0,0,0,0,0,0,0
2026-05-27,OR,0.0,-0.0015748092998485452,0.00662524269785234,0.54,0.6153782616814699,0.2857142857142857,17.0,0.0,0,-0.008000030517578138,0,0,0,0,0,0,0,0,0,0,0,1,0,0
2026-05-27,OSP,0.0,0.0013421557931586393,0.007290894762632213,0.54,0.338970421015203,0.0612244897959183,1.0,0.0,1,0.0065789725476688155,0,0,0,0,0,0,0,0,0,1,0,0,0,0
2026-05-27,PTT,0.0,-0.0026937566247249743,0.0076782357451468,0.54,0.7728921116235123,0.4285714285714285,4.0,0.0,0,-0.006849315068493178,0,0,0,0,0,0,1,0,0,0,0,0,0,0
2026-05-27,PTTEP,-0.013651877133105783,-0.011338758427336204,0.008322611386594536,0.1,0.6813255353395934,0.4489795918367346,1.0,0.0,0,-0.0034602076124568004,0,0,0,0,0,0,1,0,0,0,0,0,0,0
2026-05-27,PTTGC,-0.006993006993006978,-0.013455467702291668,0.01243126199465427,0.28,0.6382595769495901,0.4693877551020408,2.0,0.0,0,0.0,0,0,0,0,0,0,1,0,0,0,0,0,0,0
2026-05-27,RATCH,0.008196721311475308,0.00669400027103999,0.012296877103143644,0.76,0.2677087625191304,0.0,0.0,0.0,0,-0.008130081300813052,0,0,0,1,0,0,0,0,0,0,0,0,0,0
2026-05-27,SAWAD,-0.0046083123481043264,0.0029009468486823177,0.01580506196844234,0.38,0.3498375384972611,0.0816326530612244,3.0,0.0,0,-0.004629647208502563,0,0,0,0,0,0,0,0,0,1,0,0,0,0
2026-05-27,SCB,0.0037037037037037646,0.0015008394623330812,0.0067551367625008725,0.72,0.7988495394135452,0.4693877551020408,15.0,-0.2,0,-0.0073800738007380184,0,0,0,0,0,0,0,0,1,0,0,0,0,0
2026-05-27,SCC,-0.008658008658008698,0.0026932463358333436,0.011460968577551104,0.18,0.6673911126530135,0.4489795918367346,0.0,0.0,0,-0.008733624454148492,0,0,0,0,0,0,1,0,0,0,0,0,0,0
2026-05-27,SCGP,-0.004201616694398003,0.00014880381870403526,0.019329926484295885,0.4,0.5128534376254641,0.3469387755102041,1.0,0.0,1,0.00843877000643678,0,0,0,0,0,0,1,0,0,0,0,0,0,0
2026-05-27,TCAP,0.008264462809917328,0.004996744382473439,0.0034771509007722923,0.78,0.3602260403234661,0.1020408163265306,1.0,0.0,0,-0.016393442622950838,0,0,0,0,0,0,0,0,1,0,0,0,0,0
2026-05-27,TIDLOR,-0.005464375523072218,0.0256431037509967,0.04658407564607769,0.32,0.2781370028253271,0.0,4.0,0.0,0,-0.005494507888036293,0,0,0,0,1,0,0,0,0,0,0,0,0,0
2026-05-27,TISCO,0.004405286343612369,0.001769911504424737,0.003946754870765603,0.74,0.6406867342025374,0.4081632653061224,0.0,0.0,0,-0.00877192982456143,0,0,0,0,0,0,0,0,1,0,0,0,0,0
2026-05-27,TLI,-0.008928520490927738,-0.006957062208993614,0.015620203869516736,0.13,0.299872962494744,0.0,0.0,0.0,0,-0.009009043066040445,0,0,0,0,0,1,0,0,0,0,0,0,0,0
2026-05-27,TOP,0.016393442622950838,-0.004141062053055133,0.01618713192956448,0.9,0.7386039040525615,0.5102040816326531,2.0,0.0,0,-0.010752688172043001,0,0,0,0,0,0,1,0,0,0,0,0,0,0
2026-05-27,TRUE,-0.014492739601511984,-0.012660679454953815,0.01347713672661646,0.08,0.7259234069997916,0.5510204081632653,5.0,0.0,1,0.0073528988963604824,1,0,0,0,0,0,0,0,0,0,0,0,0,0
2026-05-27,TTB,-0.008474568565903118,5.895129358388651e-05,0.012113911631285224,0.2,0.389142793520201,0.2448979591836734,6.0,-0.1,0,-0.017094001418896276,0,0,0,0,0,0,0,0,1,0,0,0,0,0
2026-05-27,TU,-0.008849591131132817,3.132826395253474e-05,0.00885000002032679,0.16,0.2779194133981291,0.0,0.0,0.0,0,-0.008928520490927738,0,0,0,0,0,0,0,0,0,0,1,0,0,0
2026-05-27,WHA,0.019999980926513672,0.012329785413037798,0.018074840473304675,0.96,0.2667685974671863,0.0204081632653061,5.0,0.0,0,-0.027450954726180976,1,0,0,0,0,0,0,0,0,0,0,0,0,0
2026-05-28,ADVANC,0.0028409090909091717,-0.0028027201065123687,0.003967270942830831,0.86,0.8340338761433772,0.5306122448979591,3.0,0.0,0,0.0,1,0,0,0,0,0,0,0,0,0,0,0,0,0
2026-05-28,AOT,0.00917431192660545,0.008452259042467047,0.012674206317009372,0.94,0.5714144407022494,0.3877551020408163,1.0,0.0,1,0.00454545454545463,0,0,0,0,0,0,1,0,0,0,0,0,0,0
2026-05-28,AWC,-0.02586204504569778,0.0078870438269943,0.0409567053334606,0.04,0.26474316484215,0.0,0.0,0.0,1,0.008849549119871458,0,0,0,0,0,0,0,1,0,0,0,0,0,0
2026-05-28,BANPU,-0.008474608462146094,-0.0015937478496707235,0.016307560864942557,0.38,0.5168610876183813,0.3469387755102041,0.0,0.0,0,-0.025641042361154165,0,0,0,0,0,0,1,0,0,0,0,0,0,0
2026-05-28,BBL,-0.011494252873563204,0.0036047179221079693,0.014159979895135332,0.15,0.8021884428957072,0.4897959183673469,3.0,0.0,1,0.005813953488372103,0,0,0,0,0,0,0,0,1,0,0,0,0,0
2026-05-28,BDMS,-0.010928899668246395,-0.0010808243259859073,0.007150223028502958,0.2,0.6121736045413307,0.4081632653061224,2.0,0.0,1,0.005524882837687928,0,0,0,0,0,0,1,0,0,0,0,0,0,0
2026-05-28,BEM,-0.009615329948400753,1.867043640966237e-05,0.006832117823207068,0.26,0.3153698175379232,0.0204081632653061,1.0,0.0,1,0.009708682130449064,0,0,0,0,0,0,0,0,0,1,0,0,0,0
2026-05-28,BH,-0.002808988764044895,0.004586260312406209,0.006584184486698605,0.64,0.5733025950300475,0.4693877551020408,2.0,0.0,1,0.011267605633802802,0,0,0,0,0,0,1,0,0,0,0,0,0,0
2026-05-28,BJC,0.0,-0.0027777752948935142,0.006238458245386827,0.75,0.3859487784668349,0.1020408163265306,1.0,0.0,0,0.0,0,0,0,0,0,0,0,0,0,1,0,0,0,0
2026-05-28,BTS,0.0,0.003979429005556323,0.011217336113851567,0.75,0.3820598396963626,0.0816326530612244,2.0,0.0,0,-0.009708728874782357,0,0,0,0,0,0,0,0,0,1,0,0,0,0
2026-05-28,CBG,-0.006134969325153339,0.004191955390823732,0.0339086005911847,0.5,0.4037334379706352,0.1428571428571428,1.0,0.0,0,-0.006172839506172867,0,0,0,0,0,0,0,0,0,1,0,0,0,0
2026-05-28,CCET,-0.005555576748318192,0.06135442940254663,0.09469240855588211,0.52,0.2944691120222417,0.0408163265306122,10.0,-0.2,0,-0.016759734271166393,0,0,0,0,0,0,0,0,0,0,0,1,0,0
2026-05-28,CENTEL,0.015151515151515138,0.009359666387933485,0.019859928998207148,1.0,0.2958173008031775,0.0,0.0,0.0,1,0.00746268656716409,0,0,0,0,0,0,0,0,0,0,0,0,1,0
2026-05-28,COM7,0.0,0.00205709891377488,0.014543281169080224,0.75,0.5390811125917591,0.3469387755102041,0.0,0.0,1,0.019607843137254832,0,0,0,0,0,0,1,0,0,0,0,0,0,0
2026-05-28,CPALL,0.010869565217391353,-0.0010288930056275847,0.010340780808752927,0.96,0.4825031688955927,0.183673469387755,4.0,0.0,1,0.016129032258064502,0,0,0,0,0,0,0,0,0,1,0,0,0,0
2026-05-28,CPF,-0.010362635414346344,6.602441388705582e-05,0.012893063265839057,0.24,0.7091921123853364,0.4897959183673469,1.0,0.0,0,-0.005235621961910741,0,0,0,0,0,0,1,0,0,0,0,0,0,0
2026-05-28,CPN,-0.011494252873563204,-0.004565946763161644,0.007314032935126854,0.15,0.2998494178860543,0.0204081632653061,0.0,0.0,0,0.0,0,0,0,0,0,0,0,0,0,0,0,1,0,0
2026-05-28,CRC,0.0,0.007076640824111147,0.020934030410491012,0.75,0.1885120701342117,0.1224489795918367,2.0,0.0,1,0.019323652356883825,0,0,0,0,0,0,0,0,0,1,0,0,0,0
2026-05-28,DELTA,-0.0028248587570621764,0.016296877024979638,0.025693930621333384,0.62,0.7549857549857552,0.5102040816326531,20.0,-0.02857142857142857,0,0.0,0,0,0,0,0,0,0,0,0,0,0,1,0,0
2026-05-28,EGCO,-0.0042918454935622075,0.0017428303015874168,0.0049352327630602065,0.58,0.2641362307564376,0.0,0.0,0.0,1,0.004310344827586299,0,0,0,0,0,0,0,0,0,0,0,0,0,1
2026-05-28,GPSC,-0.012269938650306789,0.00020900925733033927,0.022982989204125674,0.1,0.3084218345695337,0.0408163265306122,0.0,0.0,1,0.006211180124223503,0,0,0,0,0,0,1,0,0,0,0,0,0,0
2026-05-28,GULF,-0.01200000000000001,0.003337924522116187,0.012994679855702998,0.12,0.824860649548974,0.5306122448979591,3.0,0.0,1,0.004048582995951344,1,0,0,0,0,0,0,0,0,0,0,0,0,0
2026-05-28,HMPRO,-0.008264494075791107,-0.0016391246058209852,0.0069392912382147225,0.4,0.3412017927251844,0.0816326530612244,1.0,0.0,1,0.008333365122477288,0,0,0,0,0,0,0,0,0,1,0,0,0,0
2026-05-28,IVL,-0.0010278119257861595,0.0014671917320564498,0.009039097132916694,0.66,0.6190346064901138,0.4489795918367346,2.0,0.0,0,-0.041152264666530325,0,0,0,0,0,0,1,0,0,0,0,0,0,0
2026-05-28,KBANK,0.0025188916876575096,0.0020344167427166714,0.005520823288811194,0.84,0.8492309488143115,0.5510204081632653,8.0,0.0,1,0.01005025125628145,0,0,0,0,0,0,0,0,1,0,0,0,0,0
2026-05-28,KKP,-0.008620689655172376,0.01172646845483718,0.029279270348247836,0.36,0.6442502814112808,0.4081632653061224,5.0,0.0,1,0.020289855072463725,0,0,0,0,0,0,0,0,1,0,0,0,0,0
2026-05-28,KTB,0.0,0.0028881242831821476,0.003954769997952339,0.75,0.750245974679521,0.3673469387755101,12.0,0.0,0,-0.0071428571428571175,0,0,0,0,0,0,0,0,1,0,0,0,0,0
2026-05-28,KTC,0.0,0.006853086062011027,0.011232087408373816,0.75,0.3257950366470686,0.0408163265306122,8.0,0.0,0,0.0,1,0,0,0,0,0,0,0,0,0,0,0,0,0
2026-05-28,LH,-0.010929016211355558,-0.0021500337930943523,0.010684704010098476,0.18,0.2735033172691258,0.0,1.0,0.0,0,-0.005524856784194343,0,1,0,0,0,0,0,0,0,0,0,0,0,0
2026-05-28,MINT,0.013513478682458668,0.0045741073865082525,0.01322534006827164,0.98,0.4943019943019943,0.2040816326530612,2.0,0.0,0,0.0,1,0,0,0,0,0,0,0,0,0,0,0,0,0
2026-05-28,MTC,0.0,0.0036488077073979054,0.01844974372533385,0.75,0.2887361173649064,0.0,4.0,0.0,0,0.0,0,0,1,0,0,0,0,0,0,0,0,0,0,0
2026-05-28,OR,-0.008000030517578138,-0.004762107859997355,0.00434741829236197,0.44,0.6153782616814699,0.2857142857142857,16.0,0.0,0,0.0,0,0,0,0,0,0,0,0,0,0,0,1,0,0
2026-05-28,OSP,0.0065789725476688155,0.0026579503026924025,0.007576194251563983,0.88,0.338970421015203,0.0612244897959183,0.0,0.0,0,0.0,0,0,0,0,0,0,0,0,0,1,0,0,0,0
2026-05-28,PTT,-0.006849315068493178,-0.00541497098977497,0.005629223777205767,0.48,0.7728921116235123,0.4285714285714285,2.0,0.0,0,0.0,0,0,0,0,0,0,1,0,0,0,0,0,0,0
2026-05-28,PTTEP,-0.0034602076124568004,-0.008762826093618403,0.008380733222713465,0.6,0.6813255353395934,0.4489795918367346,1.0,0.0,0,-0.01736111111111116,0,0,0,0,0,0,1,0,0,0,0,0,0,0
2026-05-28,PTTGC,0.0,-0.010823888754923239,0.013824616827921729,0.75,0.6382595769495901,0.4693877551020408,2.0,0.0,0,-0.05633802816901412,0,0,0,0,0,0,1,0,0,0,0,0,0,0
2026-05-28,RATCH,-0.008130081300813052,0.003387311741969823,0.013847502301743949,0.42,0.2677087625191304,0.0,0.0,0.0,1,0.008196721311475308,0,0,0,1,0,0,0,0,0,0,0,0,0,0
2026-05-28,SAWAD,-0.004629647208502563,-0.0017808655996516486,0.013173716173376654,0.56,0.3498375384972611,0.0816326530612244,3.0,0.0,1,0.01860463342001273,0,0,0,0,0,0,0,0,0,1,0,0,0,0
2026-05-28,SCB,-0.0073800738007380184,0.0007683191259773015,0.007607305783443193,0.46,0.7988495394135452,0.4693877551020408,18.0,-0.1,0,0.0,0,0,0,0,0,0,0,0,1,0,0,0,0,0
2026-05-28,SCC,-0.008733624454148492,6.156569279127666e-05,0.012433439381552537,0.34,0.6673911126530135,0.4489795918367346,0.0,0.0,0,0.0,0,0,0,0,0,0,1,0,0,0,0,0,0,0
2026-05-28,SCGP,0.00843877000643678,0.0018365578199913911,0.019678942175115243,0.92,0.5128534376254641,0.3469387755102041,1.0,0.0,0,-0.012552269533425031,0,0,0,0,0,0,1,0,0,0,0,0,0,0
2026-05-28,TCAP,-0.016393442622950838,0.0017180558578832716,0.01033423880897635,0.08,0.3602260403234661,0.1020408163265306,1.0,0.0,0,-0.004166666666666652,0,0,0,0,0,0,0,0,1,0,0,0,0,0
2026-05-28,TIDLOR,-0.005494507888036293,0.003426203973760922,0.014057002834127214,0.54,0.2781370028253271,0.0,4.0,0.0,1,0.011049619089669838,0,0,0,0,1,0,0,0,0,0,0,0,0,0
2026-05-28,TISCO,-0.00877192982456143,-0.0008694302126999176,0.005734957955295585,0.32,0.6406867342025374,0.4081632653061224,0.0,0.0,0,0.0,0,0,0,0,0,0,0,0,1,0,0,0,0,0
2026-05-28,TLI,-0.009009043066040445,-0.005280613269764545,0.014639400884382607,0.28,0.299872962494744,0.0,0.0,0.0,1,0.009090943769975102,0,0,0,0,0,1,0,0,0,0,0,0,0,0
2026-05-28,TOP,-0.010752688172043001,-0.005238968108516362,0.01646602921735212,0.22,0.7386039040525615,0.5102040816326531,3.0,0.0,1,0.005434782608695565,0,0,0,0,0,0,1,0,0,0,0,0,0,0
2026-05-28,TRUE,0.0073528988963604824,-0.005672863558022767,0.012846767460021606,0.9,0.7259234069997916,0.5510204081632653,4.0,0.0,1,0.007299298019120881,1,0,0,0,0,0,0,0,0,0,0,0,0,0
2026-05-28,TTB,-0.017094001418896276,5.895129358388651e-05,0.012113911631285224,0.06,0.389142793520201,0.2448979591836734,6.0,-0.1,0,-0.008695644061371466,0,0,0,0,0,0,0,0,1,0,0,0,0,0
2026-05-28,TU,-0.008928520490927738,-0.0017543758342330128,0.009716277760258308,0.3,0.2779194133981291,0.0,1.0,0.0,1,0.00900895714943828,0,0,0,0,0,0,0,0,0,0,1,0,0,0
2026-05-28,WHA,-0.027450954726180976,0.0035062644458372814,0.024905951657557466,0.02,0.2667685974671863,0.0204081632653061,5.0,0.0,0,-0.012096762564130281,1,0,0,0,0,0,0,0,0,0,0,0,0,0
2026-05-29,ADVANC,0.0,-0.001126742452881091,0.0025329273948415535,0.42,0.8340338761433772,0.5306122448979591,2.0,0.0,0,0.0,1,0,0,0,0,0,0,0,0,0,0,0,0,0
2026-05-29,AOT,0.00454545454545463,0.009361349951557973,0.012064744403803514,0.6,0.5714144407022494,0.3877551020408163,1.0,0.0,0,0.0,0,0,0,0,0,0,1,0,0,0,0,0,0,0
2026-05-29,AWC,0.008849549119871458,0.009656953650968591,0.04072120117111161,0.78,0.26474316484215,0.0,0.0,0.0,0,0.0,0,0,0,0,0,0,0,1,0,0,0,0,0,0
2026-05-29,BANPU,-0.025641042361154165,-0.008416861850359548,0.01808226993537627,0.06,0.5168610876183813,0.3469387755102041,0.0,0.0,0,0.0,0,0,0,0,0,0,1,0,0,0,0,0,0,0
2026-05-29,BBL,0.005813953488372103,0.005359224596113754,0.013678747182246221,0.66,0.8021884428957072,0.4897959183673469,3.0,0.0,0,0.0,0,0,0,0,0,0,0,0,1,0,0,0,0,0
2026-05-29,BDMS,0.005524882837687928,0.001123057486361967,0.0071479347524752174,0.64,0.6121736045413307,0.4081632653061224,2.0,0.0,0,0.0,0,0,0,0,0,0,1,0,0,0,0,0,0,0
2026-05-29,BEM,0.009708682130449064,0.001960406862499475,0.008089431563839008,0.84,0.3153698175379232,0.0204081632653061,1.0,0.0,0,0.0,0,0,0,0,0,0,0,0,0,1,0,0,0,0
2026-05-29,BH,0.011267605633802802,0.00683978143916677,0.006550205067903317,0.9,0.5733025950300475,0.4693877551020408,1.0,0.0,0,0.0,0,0,0,0,0,0,1,0,0,0,0,0,0,0
2026-05-29,BJC,0.0,-0.001388894316497824,0.005839172172633062,0.42,0.3859487784668349,0.1020408163265306,1.0,0.0,0,0.0,0,0,0,0,0,0,0,0,0,1,0,0,0,0
2026-05-29,BTS,-0.009708728874782357,0.0020376832305998515,0.012806174737587361,0.16,0.3820598396963626,0.0816326530612244,2.0,0.0,0,0.0,0,0,0,0,0,0,0,0,0,1,0,0,0,0
2026-05-29,CBG,-0.006172839506172867,0.0042152491248092835,0.0338996391961523,0.22,0.4037334379706352,0.1428571428571428,1.0,0.0,0,0.0,0,0,0,0,0,0,0,0,0,1,0,0,0,0
2026-05-29,CCET,-0.016759734271166393,0.022446932644161133,0.07218911886761896,0.1,0.2944691120222417,0.0408163265306122,10.0,-0.2,0,0.0,0,0,0,0,0,0,0,0,0,0,0,1,0,0
2026-05-29,CENTEL,0.00746268656716409,0.009289703701366303,0.019867356731433933,0.72,0.2958173008031775,0.0,0.0,0.0,0,0.0,0,0,0,0,0,0,0,0,0,0,0,0,1,0
2026-05-29,COM7,0.019607843137254832,0.0020182715016218824,0.014484201581534361,0.98,0.5390811125917591,0.3469387755102041,0.0,0.0,0,0.0,0,0,0,0,0,0,1,0,0,0,0,0,0,0
2026-05-29,CPALL,0.016129032258064502,0.00326643216256286,0.012361443323037322,0.92,0.4825031688955927,0.183673469387755,5.0,0.0,0,0.0,0,0,0,0,0,0,0,0,0,1,0,0,0,0
2026-05-29,CPF,-0.005235621961910741,0.0011131488062692042,0.012005367594489147,0.26,0.7091921123853364,0.4897959183673469,1.0,0.0,0,0.0,0,0,0,0,0,0,1,0,0,0,0,0,0,0
2026-05-29,CPN,0.0,-0.006081098278313157,0.004356855980103325,0.42,0.2998494178860543,0.0204081632653061,0.0,0.0,0,0.0,0,0,0,0,0,0,0,0,0,0,0,1,0,0
2026-05-29,CRC,0.019323652356883825,0.007941378924882425,0.021426653567177857,0.96,0.1885120701342117,0.1224489795918367,1.0,0.0,0,0.0,0,0,0,0,0,0,0,0,0,1,0,0,0,0
2026-05-29,DELTA,0.0,0.012615895429887636,0.026618173124097328,0.42,0.7549857549857552,0.5102040816326531,20.0,-0.02857142857142857,0,0.0,0,0,0,0,0,0,0,0,0,0,0,1,0,0
2026-05-29,EGCO,0.004310344827586299,0.0008657688323220781,0.0035996633332475857,0.58,0.2641362307564376,0.0,0.0,0.0,0,0.0,0,0,0,0,0,0,0,0,0,0,0,0,0,1
2026-05-29,GPSC,0.006211180124223503,0.00145124528217504,0.023136215061924294,0.68,0.3084218345695337,0.0408163265306122,1.0,0.0,0,0.0,0,0,0,0,0,0,1,0,0,0,0,0,0,0
2026-05-29,GULF,0.004048582995951344,0.004147641121306456,0.012860131304781856,0.56,0.824860649548974,0.5306122448979591,3.0,0.0,0,0.0,1,0,0,0,0,0,0,0,0,0,0,0,0,0
2026-05-29,HMPRO,0.008333365122477288,0.0016804472338326937,0.006947522873826116,0.76,0.3412017927251844,0.0816326530612244,1.0,0.0,0,0.0,0,0,0,0,0,0,0,0,0,1,0,0,0,0
2026-05-29,IVL,-0.041152264666530325,-0.01005545437366997,0.017709948070028136,0.04,0.6190346064901138,0.4489795918367346,1.0,0.0,0,0.0,0,0,0,0,0,0,1,0,0,0,0,0,0,0
2026-05-29,KBANK,0.01005025125628145,0.004044466993972961,0.006360644632190459,0.86,0.8492309488143115,0.5510204081632653,9.0,-0.2,0,0.0,0,0,0,0,0,0,0,0,1,0,0,0,0,0
2026-05-29,KKP,0.020289855072463725,0.017624930266875928,0.026881477012613616,1.0,0.6442502814112808,0.4081632653061224,5.0,0.0,0,0.0,0,0,0,0,0,0,0,0,1,0,0,0,0,0
2026-05-29,KTB,-0.0071428571428571175,1.027749229187691e-05,0.005068950469667341,0.2,0.750245974679521,0.3673469387755101,10.0,0.0,0,0.0,0,0,0,0,0,0,0,0,1,0,0,0,0,0
2026-05-29,KTC,0.0,0.006853086062011027,0.011232087408373816,0.42,0.3257950366470686,0.0408163265306122,8.0,0.0,0,0.0,1,0,0,0,0,0,0,0,0,0,0,0,0,0
2026-05-29,LH,-0.005524856784194343,-0.0021621100429663363,0.010689419723685555,0.24,0.2735033172691258,0.0,1.0,0.0,0,0.0,0,1,0,0,0,0,0,0,0,0,0,0,0,0
2026-05-29,MINT,0.0,0.005483201763505763,0.012582348241171997,0.42,0.4943019943019943,0.2040816326530612,2.0,0.0,0,0.0,1,0,0,0,0,0,0,0,0,0,0,0,0,0
2026-05-29,MTC,0.0,0.005418719211822687,0.017342245419275686,0.42,0.2887361173649064,0.0,4.0,0.0,0,0.0,0,0,1,0,0,0,0,0,0,0,0,0,0,0
2026-05-29,OR,0.0,-0.004762107859997355,0.004347418292361969,0.42,0.6153782616814699,0.2857142857142857,13.0,0.0,0,0.0,0,0,0,0,0,0,0,0,0,0,0,1,0,0
2026-05-29,OSP,0.0,0.00398245863306892,0.0059531595530481155,0.42,0.338970421015203,0.0612244897959183,0.0,0.0,0,0.0,0,0,0,0,0,0,0,0,0,1,0,0,0,0
2026-05-29,PTT,0.0,-0.002730407231385712,0.0037388003713930166,0.42,0.7728921116235123,0.4285714285714285,4.0,0.0,0,0.0,0,0,0,0,0,0,1,0,0,0,0,0,0,0
2026-05-29,PTTEP,-0.01736111111111116,-0.012899500143083142,0.005551297521151258,0.08,0.6813255353395934,0.4489795918367346,1.0,0.0,0,0.0,0,0,0,0,0,0,1,0,0,0,0,0,0,0
2026-05-29,PTTGC,-0.05633802816901412,-0.02209149438872606,0.022825784526425637,0.02,0.6382595769495901,0.4693877551020408,4.0,0.0,0,0.0,0,0,0,0,0,0,1,0,0,0,0,0,0,0
2026-05-29,RATCH,0.008196721311475308,0.0050266560042648845,0.013831418686324096,0.74,0.2677087625191304,0.0,0.0,0.0,0,0.0,0,0,0,1,0,0,0,0,0,0,0,0,0,0
2026-05-29,SAWAD,0.01860463342001273,0.001940061084350897,0.016104019702583936,0.94,0.3498375384972611,0.0816326530612244,2.0,0.0,0,0.0,0,0,0,0,0,0,0,0,0,1,0,0,0,0
2026-05-29,SCB,0.0,-0.0007242181874555165,0.006635544925117446,0.42,0.7988495394135452,0.4693877551020408,17.0,-0.1,0,0.0,0,0,0,0,0,0,0,0,1,0,0,0,0,0
2026-05-29,SCC,0.0,0.0018236802302362021,0.011446892286817086,0.42,0.6673911126530135,0.4489795918367346,0.0,0.0,0,0.0,0,0,0,0,0,0,1,0,0,0,0,0,0,0
2026-05-29,SCGP,-0.012552269533425031,-0.006581059234852127,0.01259514925834063,0.12,0.5128534376254641,0.3469387755102041,1.0,0.0,0,0.0,0,0,0,0,0,0,1,0,0,0,0,0,0,0
2026-05-29,TCAP,-0.004166666666666652,4.438639009616274e-05,0.010507636349092872,0.28,0.3602260403234661,0.1020408163265306,1.0,0.0,0,0.0,0,0,0,0,0,0,0,0,1,0,0,0,0,0
2026-05-29,TIDLOR,0.011049619089669838,0.00563612779169489,0.01425093051934624,0.88,0.2781370028253271,0.0,4.0,0.0,0,0.0,0,0,0,0,1,0,0,0,0,0,0,0,0,0
2026-05-29,TISCO,0.0,1.1627056022556203e-05,0.005383569720883003,0.42,0.6406867342025374,0.4081632653061224,0.0,0.0,0,0.0,0,0,0,0,0,0,0,0,1,0,0,0,0,0
2026-05-29,TLI,0.009090943769975102,-0.005232325862804932,0.014697941480346274,0.82,0.299872962494744,0.0,0.0,0.0,0,0.0,0,0,0,0,0,1,0,0,0,0,0,0,0,0
2026-05-29,TOP,0.005434782608695565,-0.005210212644978318,0.016489124847470723,0.62,0.7386039040525615,0.5102040816326531,4.0,0.0,0,0.0,0,0,0,0,0,0,1,0,0,0,0,0,0,0
2026-05-29,TRUE,0.007299298019120881,4.231778507064465e-05,0.010266953800994667,0.7,0.7259234069997916,0.5510204081632653,5.0,-0.2,0,0.0,1,0,0,0,0,0,0,0,0,0,0,0,0,0
2026-05-29,TTB,-0.008695644061371466,-0.0034193063309646997,0.01149506978439615,0.18,0.389142793520201,0.2448979591836734,5.0,-0.1,0,0.0,0,0,0,0,0,0,0,0,1,0,0,0,0,0
2026-05-29,TU,0.00900895714943828,-0.0017383055324296849,0.009738405497237888,0.8,0.2779194133981291,0.0,1.0,0.0,0,0.0,0,0,0,0,0,0,0,0,0,0,1,0,0,0
2026-05-29,WHA,-0.012096762564130281,-0.0038311160483397665,0.022421889955549015,0.14,0.2667685974671863,0.0204081632653061,4.0,0.0,0,0.0,1,0,0,0,0,0,0,0,0,0,0,0,0,0
2026-06-01,ADVANC,0.0,-0.0005633621711909509,0.0023711183701579154,0.51,0.8340338761433772,0.5306122448979591,3.0,0.0,1,0.031161473087818692,1,0,0,0,0,0,0,0,0,0,0,0,0,0
2026-06-01,AOT,0.0,0.003674146160088765,0.006006302325954932,0.51,0.5714144407022494,0.3877551020408163,1.0,0.0,1,0.018099547511312153,0,0,0,0,0,0,1,0,0,0,0,0,0,0
2026-06-01,AWC,0.0,-0.005021930983206002,0.01991424340623908,0.51,0.26474316484215,0.0,0.0,0.0,1,0.017543843138140724,0,0,0,0,0,0,0,1,0,0,0,0,0,0
2026-06-01,BANPU,0.0,-0.008416861850359548,0.01808226993537627,0.51,0.5168610876183813,0.3469387755102041,0.0,0.0,1,0.008771963580347819,0,0,0,0,0,0,1,0,0,0,0,0,0,0
2026-06-01,BBL,0.0,0.004765752786024735,0.013871479025679074,0.51,0.8021884428957072,0.4897959183673469,2.0,0.0,1,0.014450867052023142,0,0,0,0,0,0,0,0,1,0,0,0,0,0
2026-06-01,BDMS,0.0,1.8080918824381342e-05,0.006711039608783311,0.51,0.6121736045413307,0.4081632653061224,2.0,0.0,0,0.0,0,0,0,0,0,0,1,0,0,0,0,0,0,0
2026-06-01,BEM,0.0,1.867043640966237e-05,0.006832117823207069,0.51,0.3153698175379232,0.0204081632653061,1.0,0.0,0,0.0,0,0,0,0,0,0,0,0,0,1,0,0,0,0
2026-06-01,BH,0.0,0.0045343059348440075,0.006516396863385875,0.51,0.5733025950300475,0.4693877551020408,1.0,0.0,0,-0.00835654596100277,0,0,0,0,0,0,1,0,0,0,0,0,0,0
2026-06-01,BJC,0.0,-0.002787487693583257,0.0038169634425986323,0.51,0.3859487784668349,0.1020408163265306,1.0,0.0,1,0.007042280479784058,0,0,0,0,0,0,0,0,0,1,0,0,0,0
2026-06-01,BTS,0.0,-0.001922709069471429,0.008157074847779172,0.51,0.3820598396963626,0.0816326530612244,2.0,0.0,1,0.01960782480441492,0,0,0,0,0,0,0,0,0,1,0,0,0,0
2026-06-01,CBG,0.0,-0.008442978723291961,0.008991607496261426,0.51,0.4037334379706352,0.1428571428571428,1.0,0.0,1,0.01863354037267073,0,0,0,0,0,0,0,0,0,1,0,0,0,0
2026-06-01,CCET,0.0,-0.007741742527041384,0.008378899921915841,0.51,0.2944691120222417,0.0408163265306122,12.0,-0.2,1,0.15909086229387492,0,0,0,0,0,0,0,0,0,0,0,1,0,0
2026-06-01,CENTEL,0.0,0.0015377657168701652,0.011137810022456727,0.51,0.2958173008031775,0.0,0.0,0.0,0,0.0,0,0,0,0,0,0,0,0,0,0,0,0,1,0
2026-06-01,COM7,0.0,0.0020182715016218824,0.014484201581534361,0.51,0.5390811125917591,0.3469387755102041,0.0,0.0,1,0.019230769230769162,0,0,0,0,0,0,1,0,0,0,0,0,0,0
2026-06-01,CPALL,0.0,0.0021911633453585598,0.012365859854012059,0.51,0.4825031688955927,0.183673469387755,5.0,0.0,0,-0.010582010582010581,0,0,0,0,0,0,0,0,0,1,0,0,0,0
2026-06-01,CPF,0.0,-0.003119651475251417,0.004640442420274046,0.51,0.7091921123853364,0.4897959183673469,1.0,0.0,0,0.0,0,0,0,0,0,0,1,0,0,0,0,0,0,0
2026-06-01,CPN,0.0,-0.004577338879816905,0.004988363788869102,0.51,0.2998494178860543,0.0204081632653061,1.0,0.0,1,0.011627906976744207,0,0,0,0,0,0,0,0,0,0,0,1,0,0
2026-06-01,CRC,0.0,5.959395467747264e-05,0.01223368621249712,0.51,0.1885120701342117,0.1224489795918367,1.0,0.0,0,0.0,0,0,0,0,0,0,0,0,0,1,0,0,0,0
2026-06-01,DELTA,0.0,0.011411076152779188,0.027122682469024134,0.51,0.7549857549857552,0.5102040816326531,22.0,-0.02857142857142857,1,0.0056657223796034994,0,0,0,0,0,0,0,0,0,0,0,1,0,0
2026-06-01,EGCO,0.0,3.6998668048182637e-06,0.0030413377742466523,0.51,0.2641362307564376,0.0,0.0,0.0,0,0.0,0,0,0,0,0,0,0,0,0,0,0,0,0,1
2026-06-01,GPSC,0.0,-0.006002170866893297,0.01206961858402013,0.51,0.3084218345695337,0.0408163265306122,1.0,0.0,1,0.0185185185185186,0,0,0,0,0,0,1,0,0,0,0,0,0,0
2026-06-01,GULF,0.0,3.241478385789254e-05,0.009002278798432954,0.51,0.824860649548974,0.5306122448979591,3.0,0.0,1,0.040322580645161255,1,0,0,0,0,0,0,0,0,0,0,0,0,0
2026-06-01,HMPRO,0.0,1.3774209337236165e-05,0.005868259706869936,0.51,0.3412017927251844,0.0816326530612244,1.0,0.0,0,0.0,0,0,0,0,0,0,0,0,0,1,0,0,0,0
2026-06-01,IVL,0.0,-0.01005545437366997,0.017709948070028136,0.51,0.6190346064901138,0.4489795918367346,1.0,0.0,1,0.025751090176663105,0,0,0,0,0,0,1,0,0,0,0,0,0,0
2026-06-01,KBANK,0.0,0.005059695420368904,0.004739460918611072,0.51,0.8492309488143115,0.5510204081632653,8.0,-0.2,1,0.014925373134328401,0,0,0,0,0,0,0,0,1,0,0,0,0,0
2026-06-01,KKP,0.0,0.014528955034677793,0.02805604579284935,0.51,0.6442502814112808,0.4081632653061224,6.0,0.0,1,0.02840909090909083,0,0,0,0,0,0,0,0,1,0,0,0,0,0
2026-06-01,KTB,0.0,-0.0014285714285714236,0.0031943828249996883,0.51,0.750245974679521,0.3673469387755101,8.0,0.0,1,0.014388489208633004,0,0,0,0,0,0,0,0,1,0,0,0,0,0
2026-06-01,KTC,0.0,0.001680672268907557,0.0037580974411761036,0.51,0.3257950366470686,0.0408163265306122,8.0,0.0,1,0.02499999999999991,1,0,0,0,0,0,0,0,0,0,0,0,0,0
2026-06-01,LH,0.0,-0.005458810100678058,0.003864244912227839,0.51,0.2735033172691258,0.0,1.0,0.0,1,0.011111167036458314,0,1,0,0,0,0,0,0,0,0,0,0,0,0
2026-06-01,MINT,0.0,0.000916991638306186,0.008033184548088075,0.51,0.4943019943019943,0.2040816326530612,1.0,0.0,0,-0.017777760823567745,1,0,0,0,0,0,0,0,0,0,0,0,0,0
2026-06-01,MTC,0.0,-0.0017241379310344751,0.0038552896163789306,0.51,0.2887361173649064,0.0,3.0,0.0,1,0.008695652173912993,0,0,1,0,0,0,0,0,0,0,0,0,0,0
2026-06-01,OR,0.0,-0.003187313697835914,0.004364466754793496,0.51,0.6153782616814699,0.2857142857142857,12.0,0.0,1,0.00806454714081517,0,0,0,0,0,0,0,0,0,0,0,1,0,0
2026-06-01,OSP,0.0,0.0013157945095337632,0.00294220596773849,0.51,0.338970421015203,0.0612244897959183,0.0,0.0,1,0.013071882795547163,0,0,0,0,0,0,0,0,0,1,0,0,0,0
2026-06-01,PTT,0.0,-0.002730407231385712,0.0037388003713930166,0.51,0.7728921116235123,0.4285714285714285,5.0,0.0,1,0.006896551724137945,0,0,0,0,0,0,1,0,0,0,0,0,0,0
2026-06-01,PTTEP,0.0,-0.009588241864937452,0.0074409414972664125,0.51,0.6813255353395934,0.4489795918367346,1.0,0.0,1,0.010600706713780994,0,0,0,0,0,0,1,0,0,0,0,0,0,0
2026-06-01,PTTGC,0.0,-0.015424827722059397,0.023576994699471623,0.51,0.6382595769495901,0.4693877551020408,4.0,0.0,1,0.029850746268656803,0,0,0,0,0,0,1,0,0,0,0,0,0,0
2026-06-01,RATCH,0.0,2.6656004264902224e-05,0.008163414906135027,0.51,0.2677087625191304,0.0,0.0,0.0,0,0.0,0,0,0,1,0,0,0,0,0,0,0,0,0,0
2026-06-01,SAWAD,0.0,-0.0017465712148830859,0.013239552386624881,0.51,0.3498375384972611,0.0816326530612244,1.0,0.0,0,0.0,0,0,0,0,0,0,0,0,0,1,0,0,0,0
2026-06-01,SCB,0.0,0.0007572632940259672,0.005500167332602363,0.51,0.7988495394135452,0.4693877551020408,15.0,0.0,1,0.02230483271375472,0,0,0,0,0,0,0,0,1,0,0,0,0,0
2026-06-01,SCC,0.0,4.590245245841285e-05,0.010743969694205442,0.51,0.6673911126530135,0.4489795918367346,0.0,0.0,1,0.008810572687224738,0,0,0,0,0,0,1,0,0,0,0,0,0,0
2026-06-01,SCGP,0.0,-0.006581059234852127,0.01259514925834063,0.51,0.5128534376254641,0.3469387755102041,1.0,0.0,1,0.059322016775454234,0,0,0,0,0,0,1,0,0,0,0,0,0,0
2026-06-01,TCAP,0.0,-0.0016292537772678362,0.00946509921683573,0.51,0.3602260403234661,0.1020408163265306,0.0,0.0,1,0.025104602510460206,0,0,0,0,0,0,0,0,1,0,0,0,0,0
2026-06-01,TIDLOR,0.0,1.814713571226534e-05,0.00674798955658215,0.51,0.2781370028253271,0.0,3.0,0.0,1,0.010789355369186904,0,0,0,0,1,0,0,0,0,0,0,0,0,0
2026-06-01,TISCO,0.0,1.1627056022556203e-05,0.005383569720883003,0.51,0.6406867342025374,0.4081632653061224,0.0,0.0,1,0.008849557522123908,0,0,0,0,0,0,0,0,1,0,0,0,0,0
2026-06-01,TLI,0.0,-0.0069867185788744955,0.013038266536955005,0.51,0.299872962494744,0.0,0.0,0.0,0,-0.009009043066040445,0,0,0,0,0,1,0,0,0,0,0,0,0,0
2026-06-01,TOP,0.0,5.294524975851811e-05,0.011519133434754743,0.51,0.7386039040525615,0.5102040816326531,2.0,0.0,0,0.0,0,0,0,0,0,0,1,0,0,0,0,0,0,0
2026-06-01,TRUE,0.0,-0.001406949264397217,0.009476858784717782,0.51,0.7259234069997916,0.5510204081632653,5.0,-0.2,1,0.014492739601511984,1,0,0,0,0,0,0,0,0,0,0,0,0,0
2026-06-01,TTB,0.0,-0.005143442667344544,0.009752097611481993,0.51,0.389142793520201,0.2448979591836734,5.0,0.0,1,0.017543843138140724,0,0,0,0,0,0,0,0,1,0,0,0,0,0
2026-06-01,TU,0.0,-0.003508206879465092,0.007978147500098879,0.51,0.2779194133981291,0.0,1.0,0.0,0,0.0,0,0,0,0,0,0,0,0,0,0,1,0,0,0
2026-06-01,WHA,0.0,-0.0078311122336425,0.018558832240026548,0.51,0.2667685974671863,0.0204081632653061,4.0,0.0,1,0.020408143405366452,1,0,0,0,0,0,0,0,0,0,0,0,0,0
2026-06-02,ADVANC,0.031161473087818692,0.006233904197785222,0.01407857826851244,0.94,0.8340338761433772,0.5306122448979591,4.0,0.0,0,0.0,1,0,0,0,0,0,0,0,0,0,0,0,0,0
2026-06-02,AOT,0.018099547511312153,0.008215714648526306,0.006720617950862583,0.7,0.5714144407022494,0.3877551020408163,1.0,0.0,0,0.0,0,0,0,0,0,0,1,0,0,0,0,0,0,0
2026-06-02,AWC,0.017543843138140724,0.0036150380700910255,0.018009651970825644,0.67,0.26474316484215,0.0,0.0,0.0,0,0.0,0,0,0,0,0,0,0,1,0,0,0,0,0,0
2026-06-02,BANPU,0.008771963580347819,-0.001620464988451209,0.016510333333234244,0.42,0.5168610876183813,0.3469387755102041,0.0,0.0,0,0.0,0,0,0,0,0,0,1,0,0,0,0,0,0,0
2026-06-02,BBL,0.014450867052023142,0.00233048240944711,0.009432612954144378,0.6,0.8021884428957072,0.4897959183673469,3.0,0.0,0,0.0,0,0,0,0,0,0,0,0,1,0,0,0,0,0
2026-06-02,BDMS,0.0,-0.0010808033661116935,0.006002593163537384,0.2,0.6121736045413307,0.4081632653061224,3.0,0.0,0,0.0,0,0,0,0,0,0,1,0,0,0,0,0,0,0
2026-06-02,BEM,0.0,1.867043640966237e-05,0.006832117823207068,0.2,0.3153698175379232,0.0204081632653061,1.0,0.0,0,0.0,0,0,0,0,0,0,0,0,0,1,0,0,0,0
2026-06-02,BH,-0.00835654596100277,0.0005837944634411674,0.007261406004710719,0.08,0.5733025950300475,0.4693877551020408,1.0,0.0,0,0.0,0,0,0,0,0,0,1,0,0,0,0,0,0,0
2026-06-02,BJC,0.007042280479784058,9.849380769244575e-06,0.004962251200277798,0.36,0.3859487784668349,0.1020408163265306,1.0,0.0,0,0.0,0,0,0,0,0,0,0,0,0,1,0,0,0,0
2026-06-02,BTS,0.01960782480441492,0.003940601666368027,0.01114900444938817,0.78,0.3820598396963626,0.0816326530612244,4.0,0.0,0,0.0,0,0,0,0,0,0,0,0,0,1,0,0,0,0
2026-06-02,CBG,0.01863354037267073,4.563411314695287e-05,0.010725209327786527,0.74,0.4037334379706352,0.1428571428571428,1.0,0.0,0,0.0,0,0,0,0,0,0,0,0,0,1,0,0,0,0
2026-06-02,CCET,0.15909086229387492,0.0240764299317336,0.0758156098974697,1.0,0.2944691120222417,0.0408163265306122,14.0,-0.2,0,0.0,0,0,0,0,0,0,0,0,0,0,0,1,0,0
2026-06-02,CENTEL,0.0,0.0015377657168701652,0.011137810022456727,0.2,0.2958173008031775,0.0,0.0,0.0,0,0.0,0,0,0,0,0,0,0,0,0,0,0,0,1,0
2026-06-02,COM7,0.019230769230769162,0.009747920493406781,0.009710945279864392,0.76,0.5390811125917591,0.3469387755102041,0.0,0.0,0,0.0,0,0,0,0,0,0,1,0,0,0,0,0,0,0
2026-06-02,CPALL,-0.010582010582010581,7.476122895644366e-05,0.013671274131344634,0.04,0.4825031688955927,0.183673469387755,6.0,0.0,0,0.0,0,0,0,0,0,0,0,0,0,1,0,0,0,0
2026-06-02,CPF,0.0,-0.003119651475251417,0.004640442420274046,0.2,0.7091921123853364,0.4897959183673469,1.0,0.0,0,0.0,0,0,0,0,0,0,1,0,0,0,0,0,0,0
2026-06-02,CPN,0.011627906976744207,-0.0014941817268923074,0.008859917452311275,0.54,0.2998494178860543,0.0204081632653061,1.0,0.0,0,0.0,0,0,0,0,0,0,0,0,0,0,0,1,0,0
2026-06-02,CRC,0.0,0.0029032066464823813,0.009412408006121396,0.2,0.1885120701342117,0.1224489795918367,1.0,0.0,0,0.0,0,0,0,0,0,0,0,0,0,1,0,0,0,0
2026-06-02,DELTA,0.0056657223796034994,0.012544220628699887,0.02664083316198982,0.32,0.7549857549857552,0.5102040816326531,24.0,-0.02857142857142857,0,0.0,0,0,0,0,0,0,0,0,0,0,0,1,0,0
2026-06-02,EGCO,0.0,3.6998668048182637e-06,0.003041337774246652,0.2,0.2641362307564376,0.0,0.0,0.0,0,0.0,0,0,0,0,0,0,0,0,0,0,0,0,0,1
2026-06-02,GPSC,0.0185185185185186,0.002491951998487063,0.0111916995729507,0.72,0.3084218345695337,0.0408163265306122,1.0,0.0,0,0.0,0,0,0,0,0,0,1,0,0,0,0,0,0,0
2026-06-02,GULF,0.040322580645161255,0.008903382525793369,0.019605290425249944,0.96,0.824860649548974,0.5306122448979591,4.0,0.0,0,0.0,1,0,0,0,0,0,0,0,0,0,0,0,0,0
2026-06-02,HMPRO,0.0,1.3774209337236165e-05,0.005868259706869936,0.2,0.3412017927251844,0.0816326530612244,1.0,0.0,0,0.0,0,0,0,0,0,0,0,0,0,1,0,0,0,0
2026-06-02,IVL,0.025751090176663105,-0.004905236338337349,0.0239944878226702,0.88,0.6190346064901138,0.4489795918367346,1.0,0.0,0,0.0,0,0,0,0,0,0,1,0,0,0,0,0,0,0
2026-06-02,KBANK,0.014925373134328401,0.0060039537207039915,0.0062501745528022465,0.64,0.8492309488143115,0.5510204081632653,9.0,-0.2,0,0.0,0,0,0,0,0,0,0,0,1,0,0,0,0,0
2026-06-02,KKP,0.02840909090909083,0.020210773216495958,0.027242976940663622,0.9,0.6442502814112808,0.4081632653061224,6.0,0.0,0,0.0,0,0,0,0,0,0,0,0,1,0,0,0,0,0
2026-06-02,KTB,0.014388489208633004,0.0014491264131551774,0.00786684805153394,0.58,0.750245974679521,0.3673469387755101,10.0,0.0,0,0.0,0,0,0,0,0,0,0,0,1,0,0,0,0,0
2026-06-02,KTC,0.02499999999999991,0.006680672268907539,0.01086806758425936,0.84,0.3257950366470686,0.0408163265306122,7.0,0.0,0,0.0,1,0,0,0,0,0,0,0,0,0,0,0,0,0
2026-06-02,LH,0.011111167036458314,-0.0021554966572369773,0.008362587012167603,0.52,0.2735033172691258,0.0,1.0,0.0,0,0.0,0,1,0,0,0,0,0,0,0,0,0,0,0,0
2026-06-02,MINT,-0.017777760823567745,-0.002638560526407363,0.011657308393241833,0.02,0.4943019943019943,0.2040816326530612,1.0,0.0,0,0.0,1,0,0,0,0,0,0,0,0,0,0,0,0,0
2026-06-02,MTC,0.008695652173912993,0.0017391304347825986,0.003888813873912655,0.4,0.2887361173649064,0.0,2.0,0.0,0,0.0,0,0,1,0,0,0,0,0,0,0,0,0,0,0
2026-06-02,OR,0.00806454714081517,1.29033246474064e-05,0.005679713381625803,0.38,0.6153782616814699,0.2857142857142857,12.0,0.0,0,0.0,0,0,0,0,0,0,0,0,0,0,0,1,0,0
2026-06-02,OSP,0.013071882795547163,0.003930171068643196,0.005850764404321495,0.56,0.338970421015203,0.0612244897959183,0.0,0.0,0,0.0,0,0,0,0,0,0,0,0,0,1,0,0,0,0
2026-06-02,PTT,0.006896551724137945,9.447331128953351e-06,0.004859915028343357,0.34,0.7728921116235123,0.4285714285714285,5.0,0.0,0,0.0,0,0,0,0,0,0,1,0,0,0,0,0,0,0
2026-06-02,PTTEP,0.010600706713780994,-0.00477449782857855,0.011159646054503286,0.48,0.6813255353395934,0.4489795918367346,1.0,0.0,0,0.0,0,0,0,0,0,0,1,0,0,0,0,0,0,0
2026-06-02,PTTGC,0.029850746268656803,-0.006696057778672859,0.031183956887700984,0.92,0.6382595769495901,0.4693877551020408,4.0,0.0,0,0.0,0,0,0,0,0,0,1,0,0,0,0,0,0,0
2026-06-02,RATCH,0.0,0.0016526722644275127,0.006833997263786715,0.2,0.2677087625191304,0.0,0.0,0.0,0,0.0,0,0,0,1,0,0,0,0,0,0,0,0,0,0
2026-06-02,SAWAD,0.0,0.0018733347726811677,0.009633997675073143,0.2,0.3498375384972611,0.0816326530612244,1.0,0.0,0,0.0,0,0,0,0,0,0,0,0,0,1,0,0,0,0
2026-06-02,SCB,0.02230483271375472,0.003725692523344093,0.011138722423658392,0.82,0.7988495394135452,0.4693877551020408,16.0,0.0,0,0.0,0,0,0,0,0,0,0,0,1,0,0,0,0,0
2026-06-02,SCC,0.008810572687224738,-0.0017162120849864904,0.007316703176668032,0.44,0.6673911126530135,0.4489795918367346,0.0,0.0,0,0.0,0,0,0,0,0,0,1,0,0,0,0,0,0,0
2026-06-02,SCGP,0.059322016775454234,0.010201380110813596,0.02848327046701576,0.98,0.5128534376254641,0.3469387755102041,1.0,0.0,0,0.0,0,0,0,0,0,0,1,0,0,0,0,0,0,0
2026-06-02,TCAP,0.025104602510460206,0.0025617912061520086,0.015425908514316224,0.86,0.3602260403234661,0.1020408163265306,0.0,0.0,0,0.0,0,0,0,0,0,0,0,0,1,0,0,0,0,0
2026-06-02,TIDLOR,0.010789355369186904,0.002176018209549646,0.00828972273144259,0.5,0.2781370028253271,0.0,2.0,0.0,0,0.0,0,0,0,0,1,0,0,0,0,0,0,0,0,0
2026-06-02,TISCO,0.008849557522123908,0.0008965828082349691,0.006531628152564935,0.46,0.6406867342025374,0.4081632653061224,1.0,0.0,0,0.0,0,0,0,0,0,0,0,0,1,0,0,0,0,0
2026-06-02,TLI,-0.009009043066040445,-0.0035711325706067054,0.00807657897152421,0.06,0.299872962494744,0.0,0.0,0.0,0,0.0,0,0,0,0,0,1,0,0,0,0,0,0,0,0
2026-06-02,TOP,0.0,0.0022151074119206803,0.009866212821154133,0.2,0.7386039040525615,0.5102040816326531,2.0,0.0,0,0.0,0,0,0,0,0,0,1,0,0,0,0,0,0,0
2026-06-02,TRUE,0.014492739601511984,0.0029304393830962725,0.011005527033910056,0.62,0.7259234069997916,0.5510204081632653,5.0,-0.2,0,0.0,1,0,0,0,0,0,0,0,0,0,0,0,0,0
2026-06-02,TTB,0.017543843138140724,-0.003344074181606027,0.013148285952214012,0.67,0.389142793520201,0.2448979591836734,6.0,0.0,0,0.0,0,0,0,0,0,0,0,0,1,0,0,0,0,0
2026-06-02,TU,0.0,-0.0017538308945244552,0.007480231216891192,0.2,0.2779194133981291,0.0,1.0,0.0,0,0.0,0,0,0,0,0,0,0,0,0,0,1,0,0,0
2026-06-02,WHA,0.020408143405366452,0.0001720814083137734,0.020713703641377475,0.8,0.2667685974671863,0.0204081632653061,3.0,0.0,0,0.0,1,0,0,0,0,0,0,0,0,0,0,0,0,0
2026-06-03,ADVANC,0.0,0.006800476435745573,0.013673658715757143,0.51,0.8340338761433772,0.5306122448979591,5.0,0.0,0,-0.01098901098901095,1,0,0,0,0,0,0,0,0,0,0,0,0,0
2026-06-03,AOT,0.0,0.0063638627966744465,0.007581705414865602,0.51,0.5714144407022494,0.3877551020408163,1.0,0.0,1,0.040000000000000036,0,0,0,0,0,0,1,0,0,0,0,0,0,0
2026-06-03,AWC,0.0,0.00010626944246288073,0.01623953401159035,0.51,0.26474316484215,0.0,0.0,0.0,0,-0.017241363363798556,0,0,0,0,0,0,0,1,0,0,0,0,0,0
2026-06-03,BANPU,0.0,-0.005068737448590488,0.01301699744943521,0.51,0.5168610876183813,0.3469387755102041,0.0,0.0,0,-0.008695685345193604,0,0,0,0,0,0,1,0,0,0,0,0,0,0
2026-06-03,BBL,0.0,0.0017541135333664082,0.009478434620256689,0.51,0.8021884428957072,0.4897959183673469,3.0,0.0,0,-0.005698005698005715,0,0,0,0,0,0,0,0,1,0,0,0,0,0
2026-06-03,BDMS,0.0,-0.0010808033661116935,0.006002593163537384,0.51,0.6121736045413307,0.4081632653061224,3.0,0.0,0,0.0,0,0,0,0,0,0,1,0,0,0,0,0,0,0
2026-06-03,BEM,0.0,1.867043640966237e-05,0.006832117823207069,0.51,0.3153698175379232,0.0204081632653061,1.0,0.0,0,0.0,0,0,0,0,0,0,0,0,0,1,0,0,0,0
2026-06-03,BH,0.0,2.041418175102727e-05,0.007153305727069548,0.51,0.5733025950300475,0.4693877551020408,1.0,0.0,0,-0.005617977528089901,0,0,0,0,0,0,1,0,0,0,0,0,0,0
2026-06-03,BJC,0.0,0.0014084560959568115,0.0031494035738833972,0.51,0.3859487784668349,0.1020408163265306,1.0,0.0,0,-0.006993033575937835,0,0,0,0,0,0,0,0,0,1,0,0,0,0
2026-06-03,BTS,0.0,0.0019798191859265123,0.010713633719236533,0.51,0.3820598396963626,0.0816326530612244,4.0,0.0,0,0.0,0,0,0,0,0,0,0,0,0,1,0,0,0,0
2026-06-03,CBG,0.0,0.0012651463082689052,0.010185131897806465,0.51,0.4037334379706352,0.1428571428571428,1.0,0.0,1,0.024390243902439046,0,0,0,0,0,0,0,0,0,1,0,0,0,0
2026-06-03,CCET,0.0,0.02735511025487807,0.07395969393185142,0.51,0.2944691120222417,0.0408163265306122,15.0,-0.2,0,-0.009803865653465582,0,0,0,0,0,0,0,0,0,0,0,1,0,0
2026-06-03,CENTEL,0.0,0.0045228403437358455,0.006763499063201332,0.51,0.2958173008031775,0.0,0.0,0.0,0,-0.014814814814814836,0,0,0,0,0,0,0,0,0,0,0,0,1,0
2026-06-03,COM7,0.0,0.007767722473604799,0.01063722750024136,0.51,0.5390811125917591,0.3469387755102041,0.0,0.0,0,-0.009433962264150941,0,0,0,0,0,0,1,0,0,0,0,0,0,0
2026-06-03,CPALL,0.0,0.0032833173786890545,0.01044475002703015,0.51,0.4825031688955927,0.183673469387755,6.0,0.0,0,-0.016042780748663055,0,0,0,0,0,0,0,0,0,1,0,0,0,0
2026-06-03,CPF,0.0,-0.003119651475251417,0.004640442420274046,0.51,0.7091921123853364,0.4897959183673469,1.0,0.0,0,-0.00526317797209086,0,0,0,0,0,0,1,0,0,0,0,0,0,0
2026-06-03,CPN,0.0,2.673082063620047e-05,0.008174999955617325,0.51,0.2998494178860543,0.0204081632653061,1.0,0.0,0,-0.011494252873563204,0,0,0,0,0,0,0,0,0,0,0,1,0,0
2026-06-03,CRC,0.0,0.003864730471376765,0.008641800048713252,0.51,0.1885120701342117,0.1224489795918367,1.0,0.0,1,0.009478618577014819,0,0,0,0,0,0,0,0,0,1,0,0,0,0
2026-06-03,DELTA,0.0,0.0005681727245082646,0.0031010536860765197,0.51,0.7549857549857552,0.5102040816326531,22.0,-0.2,1,0.0028169014084507005,0,0,0,0,0,0,0,0,0,0,0,1,0,0
2026-06-03,EGCO,0.0,3.6998668048182637e-06,0.003041337774246652,0.51,0.2641362307564376,0.0,0.0,0.0,1,0.0042918454935623185,0,0,0,0,0,0,0,0,0,0,0,0,0,1
2026-06-03,GPSC,0.0,0.002491951998487063,0.0111916995729507,0.51,0.3084218345695337,0.0408163265306122,1.0,0.0,0,0.0,0,0,0,0,0,0,1,0,0,0,0,0,0,0
2026-06-03,GULF,0.0,0.006474232728222518,0.019853986294096595,0.51,0.824860649548974,0.5306122448979591,4.0,0.0,1,0.04263565891472876,1,0,0,0,0,0,0,0,0,0,0,0,0,0
2026-06-03,HMPRO,0.0,1.3774209337236165e-05,0.005868259706869936,0.51,0.3412017927251844,0.0816326530612244,1.0,0.0,0,-0.008264494075791107,0,0,0,0,0,0,0,0,0,1,0,0,0,0
2026-06-03,IVL,0.0,-0.003285797283130676,0.02399844583976449,0.51,0.6190346064901138,0.4489795918367346,1.0,0.0,0,-0.012552269533425031,0,0,0,0,0,0,1,0,0,0,0,0,0,0
2026-06-03,KBANK,0.0,0.005498903215653472,0.006688225586279377,0.51,0.8492309488143115,0.5510204081632653,9.0,-0.2,0,-0.004901960784313708,0,0,0,0,0,0,0,0,1,0,0,0,0,0
2026-06-03,KKP,0.0,0.008015651265276435,0.015586994813310924,0.51,0.6442502814112808,0.4081632653061224,6.0,0.0,0,-0.0055248618784530246,0,0,0,0,0,0,0,0,1,0,0,0,0,0
2026-06-03,KTB,0.0,0.0014491264131551774,0.00786684805153394,0.51,0.750245974679521,0.3673469387755101,10.0,0.0,1,0.007092198581560183,0,0,0,0,0,0,0,0,1,0,0,0,0,0
2026-06-03,KTC,0.0,0.004999999999999982,0.011180339887498907,0.51,0.3257950366470686,0.0408163265306122,6.0,0.0,0,-0.024390243902439046,1,0,0,0,0,0,0,0,0,0,0,0,0,0
2026-06-03,LH,0.0,-0.0010685411918183174,0.00818102330630078,0.51,0.2735033172691258,0.0,1.0,0.0,1,0.005494500096186128,0,1,0,0,0,0,0,0,0,0,0,0,0,0
2026-06-03,MINT,0.0,-0.0008528564282218154,0.011124590616798541,0.51,0.4943019943019943,0.2040816326530612,1.0,0.0,1,0.004524904060796864,1,0,0,0,0,0,0,0,0,0,0,0,0,0
2026-06-03,MTC,0.0,0.0017391304347825986,0.003888813873912655,0.51,0.2887361173649064,0.0,2.0,0.0,0,-0.017241379310344862,0,0,1,0,0,0,0,0,0,0,0,0,0,0
2026-06-03,OR,0.0,1.29033246474064e-05,0.005679713381625803,0.51,0.6153782616814699,0.2857142857142857,12.0,-0.2,0,-0.008000030517578138,0,0,0,0,0,0,0,0,0,0,0,1,0,0
2026-06-03,OSP,0.0,0.003930171068643196,0.005850764404321495,0.51,0.338970421015203,0.0612244897959183,0.0,0.0,0,-0.012903213500976562,0,0,0,0,0,0,0,0,0,1,0,0,0,0
2026-06-03,PTT,0.0,9.447331128953351e-06,0.004859915028343357,0.51,0.7728921116235123,0.4285714285714285,5.0,0.0,1,0.006849315068493178,0,0,0,0,0,0,1,0,0,0,0,0,0,0
2026-06-03,PTTEP,0.0,-0.0020441224019573934,0.010060616489489256,0.51,0.6813255353395934,0.4489795918367346,0.0,0.0,1,0.006993006993007089,0,0,0,0,0,0,1,0,0,0,0,0,0,0
2026-06-03,PTTGC,0.0,-0.005297456380071464,0.0313238138254051,0.51,0.6382595769495901,0.4693877551020408,4.0,0.0,1,0.007246376811594235,0,0,0,0,0,0,1,0,0,0,0,0,0,0
2026-06-03,RATCH,0.0,1.3328002132451112e-05,0.005772425271010863,0.51,0.2677087625191304,0.0,0.0,0.0,0,-0.008130081300813052,0,0,0,1,0,0,0,0,0,0,0,0,0,0
2026-06-03,SAWAD,0.0,0.002794997242302033,0.009062366827240417,0.51,0.3498375384972611,0.0816326530612244,1.0,0.0,0,-0.02739727816990678,0,0,0,0,0,0,0,0,0,1,0,0,0,0
2026-06-03,SCB,0.0,0.00298495178260334,0.011263007657488607,0.51,0.7988495394135452,0.4693877551020408,12.0,0.0,1,0.025454545454545396,0,0,0,0,0,0,0,0,1,0,0,0,0,0
2026-06-03,SCC,0.0,1.538964661524922e-05,0.006202846180924857,0.51,0.6673911126530135,0.4489795918367346,0.0,0.0,0,-0.013100436681222738,0,0,0,0,0,0,1,0,0,0,0,0,0,0
2026-06-03,SCGP,0.0,0.011041703449693196,0.02801016738888634,0.51,0.5128534376254641,0.3469387755102041,1.0,0.0,1,0.010000000000000009,0,0,0,0,0,0,1,0,0,0,0,0,0,0
2026-06-03,TCAP,0.0,0.0009088986441685432,0.015101462310190692,0.51,0.3602260403234661,0.1020408163265306,0.0,0.0,0,0.0,0,0,0,0,0,0,0,0,1,0,0,0,0,0
2026-06-03,TIDLOR,0.0,0.00326889331416409,0.007335965695533172,0.51,0.2781370028253271,0.0,1.0,0.0,0,-0.016853890444890163,0,0,0,0,1,0,0,0,0,0,0,0,0,0
2026-06-03,TISCO,0.0,1.5525539512495356e-05,0.0062301728702445405,0.51,0.6406867342025374,0.4081632653061224,1.0,0.0,0,-0.00877192982456143,0,0,0,0,0,0,0,0,1,0,0,0,0,0
2026-06-03,TLI,0.0,-0.0017854284724211577,0.0075669048892154575,0.51,0.299872962494744,0.0,0.0,0.0,0,-0.009090943769975102,0,0,0,0,0,1,0,0,0,0,0,0,0,0
2026-06-03,TOP,0.0,-0.001063581112669487,0.005905530056922005,0.51,0.7386039040525615,0.5102040816326531,2.0,0.0,1,0.00540540540540535,0,0,0,0,0,0,1,0,0,0,0,0,0,0
2026-06-03,TRUE,0.0,0.00582898730339867,0.006072456463272514,0.51,0.7259234069997916,0.5510204081632653,5.0,-0.2,0,-0.00714288439069477,1,0,0,0,0,0,0,0,0,0,0,0,0,0
2026-06-03,TTB,0.0,-0.0016491604684254035,0.012864747286226563,0.51,0.389142793520201,0.2448979591836734,6.0,0.0,0,-0.017241363363798556,0,0,0,0,0,0,0,0,1,0,0,0,0,0
2026-06-03,TU,0.0,1.6087331702108187e-05,0.006341894296385843,0.51,0.2779194133981291,0.0,1.0,0.0,1,0.008928605640421639,0,0,0,0,0,0,0,0,0,0,1,0,0,0
2026-06-03,WHA,0.0,-0.003827914776988961,0.017628912611575984,0.51,0.2667685974671863,0.0204081632653061,3.0,0.0,0,0.0,1,0,0,0,0,0,0,0,0,0,0,0,0,0
2026-06-04,ADVANC,-0.01098901098901095,0.004034492419761548,0.015893474463548593,0.26,0.8340338761433772,0.5306122448979591,5.0,0.0,1,0.002777777777777768,1,0,0,0,0,0,0,0,0,0,0,0,0,0
2026-06-04,AOT,0.040000000000000036,0.012529000411353363,0.017054145541484766,0.98,0.5714144407022494,0.3877551020408163,2.0,0.0,0,-0.008547008547008517,0,0,0,0,0,0,1,0,0,0,0,0,0,0
2026-06-04,AWC,-0.017241363363798556,0.0018304057788427253,0.012909431007476045,0.09,0.26474316484215,0.0,0.0,0.0,1,0.061403555553045885,0,0,0,0,0,0,0,1,0,0,0,0,0,0
2026-06-04,BANPU,-0.008695685345193604,-0.00511295282519999,0.01303182555400876,0.36,0.5168610876183813,0.3469387755102041,0.0,0.0,0,-0.017543843505051004,0,0,0,0,0,0,1,0,0,0,0,0,0,0
2026-06-04,BBL,-0.005698005698005715,0.002913362968477906,0.0076265730135529385,0.48,0.8021884428957072,0.4897959183673469,3.0,0.0,0,0.0,0,0,0,0,0,0,0,0,1,0,0,0,0,0
2026-06-04,BDMS,0.0,0.0011049765675375856,0.002470802718558429,0.63,0.6121736045413307,0.4081632653061224,3.0,0.0,1,0.010988947648731706,0,0,0,0,0,0,1,0,0,0,0,0,0,0
2026-06-04,BEM,0.0,0.0019417364260898129,0.004341854643124318,0.63,0.3153698175379232,0.0204081632653061,1.0,0.0,0,0.0,0,0,0,0,0,0,0,0,0,1,0,0,0,0
2026-06-04,BH,-0.005617977528089901,-0.000541383571057974,0.0075313841318897365,0.5,0.5733025950300475,0.4693877551020408,1.0,0.0,1,0.04237288135593231,0,0,0,0,0,0,1,0,0,0,0,0,0,0
2026-06-04,BJC,-0.006993033575937835,9.849380769244575e-06,0.004962251200277798,0.46,0.3859487784668349,0.1020408163265306,1.0,0.0,0,0.0,0,0,0,0,0,0,0,0,0,1,0,0,0,0
2026-06-04,BTS,0.0,0.0019798191859265123,0.010713633719236533,0.63,0.3820598396963626,0.0816326530612244,3.0,0.0,0,-0.0096153757981291,0,0,0,0,0,0,0,0,0,1,0,0,0,0
2026-06-04,CBG,0.024390243902439046,0.007370188953787382,0.013309755312708945,0.94,0.4037334379706352,0.1428571428571428,1.0,0.0,0,-0.011904761904761862,0,0,0,0,0,0,0,0,0,1,0,0,0,0
2026-06-04,CCET,-0.009803865653465582,0.02650545247384859,0.07445503993314145,0.28,0.2944691120222417,0.0408163265306122,16.0,-0.2,0,-0.07425742293792492,0,0,0,0,0,0,0,0,0,0,0,1,0,0
2026-06-04,CENTEL,-0.014814814814814836,-0.0014704256495301493,0.008129570573575945,0.16,0.2958173008031775,0.0,0.0,0.0,1,0.03759398496240607,0,0,0,0,0,0,0,0,0,0,0,0,1,0
2026-06-04,COM7,-0.009433962264150941,0.005880930020774611,0.012945684147211698,0.3,0.5390811125917591,0.3469387755102041,0.0,0.0,1,0.02857142857142847,0,0,0,0,0,0,1,0,0,0,0,0,0,0
2026-06-04,CPALL,-0.016042780748663055,-0.0020991518145218268,0.012323384802755001,0.14,0.4825031688955927,0.183673469387755,6.0,0.0,0,-0.005434782608695676,0,0,0,0,0,0,0,0,0,1,0,0,0,0
2026-06-04,CPF,-0.00526317797209086,-0.0020997599868003204,0.002875231281267045,0.54,0.7091921123853364,0.4897959183673469,2.0,0.0,0,0.0,0,0,0,0,0,0,1,0,0,0,0,0,0,0
2026-06-04,CPN,-0.011494252873563204,2.673082063620047e-05,0.008174999955617327,0.24,0.2998494178860543,0.0204081632653061,1.0,0.0,1,0.003875968992248069,0,0,0,0,0,0,0,0,0,0,0,1,0,0
2026-06-04,CRC,0.009478618577014819,0.005760454186779729,0.008621681801543879,0.9,0.1885120701342117,0.1224489795918367,1.0,0.0,0,-0.004694764211404467,0,0,0,0,0,0,0,0,0,1,0,0,0,0
2026-06-04,DELTA,0.0028169014084507005,0.00169652475761084,0.0025320131497357434,0.7,0.7549857549857552,0.5102040816326531,21.0,-0.2,0,-0.0365168539325843,0,0,0,0,0,0,0,0,0,0,0,1,0,0
2026-06-04,EGCO,0.0042918454935623185,0.0017204380642297235,0.002355815920708712,0.72,0.2641362307564376,0.0,0.0,0.0,0,0.0,0,0,0,0,0,0,0,0,0,0,0,0,0,1
2026-06-04,GPSC,0.0,0.004945939728548421,0.008049886453610655,0.63,0.3084218345695337,0.0408163265306122,1.0,0.0,1,0.0060606060606061,0,0,0,0,0,0,1,0,0,0,0,0,0,0
2026-06-04,GULF,0.04263565891472876,0.01740136451116827,0.022057104926763372,1.0,0.824860649548974,0.5306122448979591,7.0,0.0,0,-0.0037174721189591198,1,0,0,0,0,0,0,0,0,0,0,0,0,0
2026-06-04,HMPRO,-0.008264494075791107,1.3774209337236165e-05,0.005868259706869936,0.38,0.3412017927251844,0.0816326530612244,1.0,0.0,1,0.008333365122477288,0,0,0,0,0,0,0,0,0,1,0,0,0,0
2026-06-04,IVL,-0.012552269533425031,-0.00559068880465845,0.024279147412738154,0.22,0.6190346064901138,0.4489795918367346,1.0,0.0,0,-0.016949136104436047,0,0,0,0,0,0,1,0,0,0,0,0,0,0
2026-06-04,KBANK,-0.004901960784313708,0.004014732721259229,0.0081733276413056,0.56,0.8492309488143115,0.5510204081632653,8.0,-0.2,0,-0.009852216748768461,0,0,0,0,0,0,0,0,1,0,0,0,0,0
2026-06-04,KKP,-0.0055248618784530246,0.008634816820620306,0.014802689420255833,0.52,0.6442502814112808,0.4081632653061224,5.0,0.0,0,0.0,0,0,0,0,0,0,0,0,1,0,0,0,0,0
2026-06-04,KTB,0.007092198581560183,0.002867566129467214,0.00817364106528051,0.84,0.750245974679521,0.3673469387755101,10.0,0.0,0,-0.007042253521126751,0,0,0,0,0,0,0,0,1,0,0,0,0,0
2026-06-04,KTC,-0.024390243902439046,0.00012195121951217303,0.01746288662507403,0.04,0.3257950366470686,0.0408163265306122,6.0,0.0,1,0.016666666666666607,1,0,0,0,0,0,0,0,0,0,0,0,0,0
2026-06-04,LH,0.005494500096186128,0.0022161620696900196,0.006316936265098408,0.78,0.2735033172691258,0.0,1.0,0.0,0,-0.005464475534834423,0,1,0,0,0,0,0,0,0,0,0,0,0,0
2026-06-04,MINT,0.004524904060796864,-0.0026505713525541764,0.008680378652231879,0.74,0.4943019943019943,0.2040816326530612,2.0,0.0,1,0.031531478897937504,1,0,0,0,0,0,0,0,0,0,0,0,0,0
2026-06-04,MTC,-0.017241379310344862,-0.0017091454272863738,0.009464058812090033,0.06,0.2887361173649064,0.0,1.0,0.0,1,0.01754385964912286,0,0,1,0,0,0,0,0,0,0,0,0,0,0
2026-06-04,OR,-0.008000030517578138,1.29033246474064e-05,0.005679713381625803,0.42,0.6153782616814699,0.2857142857142857,9.0,-0.2,1,0.00806454714081517,0,0,0,0,0,0,0,0,0,0,0,1,0,0
2026-06-04,OSP,-0.012903213500976562,3.373385891412006e-05,0.00918369953512907,0.2,0.338970421015203,0.0612244897959183,0.0,0.0,1,0.013071882795547163,0,0,0,0,0,0,0,0,0,1,0,0,0,0
2026-06-04,PTT,0.006849315068493178,0.0027491733585262245,0.0037644977027169895,0.8,0.7728921116235123,0.4285714285714285,4.0,0.0,0,0.0,0,0,0,0,0,0,1,0,0,0,0,0,0,0
2026-06-04,PTTEP,0.006993006993007089,4.652051913538458e-05,0.010754934772636835,0.82,0.6813255353395934,0.4489795918367346,0.0,0.0,1,0.003472222222222321,0,0,0,0,0,0,1,0,0,0,0,0,0,0
2026-06-04,PTTGC,0.007246376811594235,-0.0038481810177526166,0.03179429179088995,0.86,0.6382595769495901,0.4693877551020408,3.0,0.0,0,-0.014388489208633115,0,0,0,0,0,0,1,0,0,0,0,0,0,0
2026-06-04,RATCH,-0.008130081300813052,1.3328002132451112e-05,0.005772425271010863,0.4,0.2677087625191304,0.0,0.0,0.0,0,-0.008196721311475419,0,0,0,1,0,0,0,0,0,0,0,0,0,0
2026-06-04,SAWAD,-0.02739727816990678,-0.0017585289499788103,0.016441419612314028,0.02,0.3498375384972611,0.0816326530612244,1.0,0.0,1,0.009389707516583634,0,0,0,0,0,0,0,0,0,1,0,0,0,0
2026-06-04,SCB,0.025454545454545396,0.009551875633660023,0.013126764701189323,0.96,0.7988495394135452,0.4693877551020408,13.0,0.0,0,0.0,0,0,0,0,0,0,0,0,1,0,0,0,0,0
2026-06-04,SCC,-0.013100436681222738,-0.0008579727987996,0.007835289492070421,0.18,0.6673911126530135,0.4489795918367346,0.0,0.0,1,0.03539823008849563,0,0,0,0,0,0,1,0,0,0,0,0,0,0
2026-06-04,SCGP,0.010000000000000009,0.011353949448405842,0.027982585228862645,0.92,0.5128534376254641,0.3469387755102041,1.0,0.0,1,0.02970297029702973,0,0,0,0,0,0,1,0,0,0,0,0,0,0
2026-06-04,TCAP,0.0,0.0041875871687587106,0.011831343402584857,0.63,0.3602260403234661,0.1020408163265306,0.0,0.0,0,-0.004081632653061273,0,0,0,0,0,0,0,0,1,0,0,0,0,0
2026-06-04,TIDLOR,-0.016853890444890163,0.0009970168027933156,0.011375276720947245,0.12,0.2781370028253271,0.0,0.0,0.0,1,0.02285712105887283,0,0,0,0,1,0,0,0,0,0,0,0,0,0
2026-06-04,TISCO,-0.00877192982456143,1.5525539512495356e-05,0.0062301728702445405,0.34,0.6406867342025374,0.4081632653061224,1.0,0.0,1,0.008849557522123908,0,0,0,0,0,0,0,0,1,0,0,0,0,0
2026-06-04,TLI,-0.009090943769975102,-0.0018018086132080891,0.007586514397770484,0.32,0.299872962494744,0.0,0.0,0.0,0,0.0,0,0,0,0,0,1,0,0,0,0,0,0,0,0
2026-06-04,TOP,0.00540540540540535,0.002168037602820183,0.0029687259205067127,0.76,0.7386039040525615,0.5102040816326531,2.0,0.0,0,-0.005376344086021501,0,0,0,0,0,0,1,0,0,0,0,0,0,0
2026-06-04,TRUE,-0.00714288439069477,0.002929830645987619,0.008237422413552154,0.44,0.7259234069997916,0.5510204081632653,5.0,-0.2,0,-0.007194203635955465,1,0,0,0,0,0,0,0,0,0,0,0,0,0
2026-06-04,TTB,-0.017241363363798556,-0.0016786328574058596,0.012909068779258194,0.09,0.389142793520201,0.2448979591836734,6.0,0.0,1,0.017543843138140724,0,0,0,0,0,0,0,0,1,0,0,0,0,0
2026-06-04,TU,0.008928605640421639,0.0035875125579719835,0.004912486026304573,0.88,0.2779194133981291,0.0,1.0,0.0,1,0.008849506735177037,0,0,0,0,0,0,0,0,0,0,1,0,0,0
2026-06-04,WHA,0.0,0.0016622761682472341,0.011715461701202098,0.63,0.2667685974671863,0.0204081632653061,3.0,0.0,1,0.0100000381469727,1,0,0,0,0,0,0,0,0,0,0,0,0,0
2026-06-05,ADVANC,0.002777777777777768,0.004590047975317102,0.01576522371252312,0.56,0.8340338761433772,0.5306122448979591,6.0,0.0,0,-0.008310249307479256,1,0,0,0,0,0,0,0,0,0,0,0,0,0
2026-06-05,AOT,-0.008547008547008517,0.009910507792860734,0.019426490622698165,0.18,0.5714144407022494,0.3877551020408163,2.0,0.0,0,-0.012931034482758674,0,0,0,0,0,0,1,0,0,0,0,0,0,0
2026-06-05,AWC,0.061403555553045885,0.012341207065477611,0.030057947027738115,1.0,0.26474316484215,0.0,0.0,0.0,1,0.008264454667762822,0,0,0,0,0,0,0,1,0,0,0,0,0,0
2026-06-05,BANPU,-0.017543843505051004,-0.003493513053979358,0.009991566022346831,0.06,0.5168610876183813,0.3469387755102041,0.0,0.0,0,-0.026785731771771126,0,0,0,0,0,0,1,0,0,0,0,0,0,0
2026-06-05,BBL,0.0,0.0017505722708034855,0.007516187715744319,0.46,0.8021884428957072,0.4897959183673469,2.0,0.0,0,-0.025787965616045794,0,0,0,0,0,0,0,0,1,0,0,0,0,0
2026-06-05,BDMS,0.010988947648731706,0.0021977895297463413,0.004914406788750115,0.76,0.6121736045413307,0.4081632653061224,3.0,0.0,0,-0.010869503246587309,0,0,0,0,0,0,1,0,0,0,0,0,0,0
2026-06-05,BEM,0.0,0.0,0.0,0.46,0.3153698175379232,0.0204081632653061,1.0,0.0,0,-0.009615329948400753,0,0,0,0,0,0,0,0,0,1,0,0,0,0
2026-06-05,BH,0.04237288135593231,0.0056796715733679285,0.020830033967817792,0.98,0.5733025950300475,0.4693877551020408,1.0,0.0,0,-0.02981029810298108,0,0,0,0,0,0,1,0,0,0,0,0,0,0
2026-06-05,BJC,0.0,9.849380769244575e-06,0.004962251200277798,0.46,0.3859487784668349,0.1020408163265306,1.0,0.0,0,-0.01408449379940424,0,0,0,0,0,0,0,0,0,1,0,0,0,0
2026-06-05,BTS,-0.0096153757981291,0.001998489801257164,0.010688222933107628,0.16,0.3820598396963626,0.0816326530612244,6.0,0.0,0,-0.019417457749564604,0,0,0,0,0,0,0,0,0,1,0,0,0,0
2026-06-05,CBG,-0.011904761904761862,0.006223804474069583,0.014917585845171479,0.12,0.4037334379706352,0.1428571428571428,1.0,0.0,0,-0.030120481927710885,0,0,0,0,0,0,0,0,0,1,0,0,0,0
2026-06-05,CCET,-0.07425742293792492,0.015005914740496885,0.08630512111477862,0.02,0.2944691120222417,0.0408163265306122,14.0,-0.2,0,-0.03743319435188197,0,0,0,0,0,0,0,0,0,0,0,1,0,0
2026-06-05,CENTEL,0.03759398496240607,0.004555834029518246,0.019551268020439803,0.96,0.2958173008031775,0.0,0.0,0.0,0,-0.007246376811594235,0,0,0,0,0,0,0,0,0,0,0,0,1,0
2026-06-05,COM7,0.02857142857142847,0.0076736471076093386,0.01565825948309833,0.88,0.5390811125917591,0.3469387755102041,0.0,0.0,0,-0.03703703703703709,0,0,0,0,0,0,1,0,0,0,0,0,0,0
2026-06-05,CPALL,-0.005434782608695676,-0.006411914787873863,0.006952038691572084,0.28,0.4825031688955927,0.183673469387755,7.0,0.0,0,-0.010928961748633892,0,0,0,0,0,0,0,0,0,1,0,0,0,0
2026-06-05,CPF,0.0,-0.001052635594418172,0.0023537647446549305,0.46,0.7091921123853364,0.4897959183673469,1.0,0.0,0,-0.0158729758262226,0,0,0,0,0,0,1,0,0,0,0,0,0,0
2026-06-05,CPN,0.003875968992248069,0.0008019246190858143,0.008353648752740049,0.6,0.2998494178860543,0.0204081632653061,1.0,0.0,0,-0.007722007722007707,0,0,0,0,0,0,0,0,0,0,0,1,0,0
2026-06-05,CRC,-0.004694764211404467,0.0009567708731220703,0.005179477980717285,0.32,0.1885120701342117,0.1224489795918367,1.0,0.0,0,-0.014150996868529497,0,0,0,0,0,0,0,0,0,1,0,0,0,0
2026-06-05,DELTA,-0.0365168539325843,-0.00560684602890602,0.0174379783289382,0.04,0.7549857549857552,0.5102040816326531,20.0,-0.2,0,-0.014577259475218707,0,0,0,0,0,0,0,0,0,0,0,1,0,0
2026-06-05,EGCO,0.0,0.0008583690987124637,0.001919371654506296,0.46,0.2641362307564376,0.0,0.0,0.0,0,-0.017094017094017144,0,0,0,0,0,0,0,0,0,0,0,0,0,1
2026-06-05,GPSC,0.0060606060606061,0.00491582491582494,0.0080442495132757,0.62,0.3084218345695337,0.0408163265306122,1.0,0.0,0,-0.02409638554216864,0,0,0,0,0,0,1,0,0,0,0,0,0,0
2026-06-05,GULF,-0.0037174721189591198,0.01584815348818618,0.02346118962781045,0.36,0.824860649548974,0.5306122448979591,8.0,0.0,0,-0.03731343283582089,1,0,0,0,0,0,0,0,0,0,0,0,0,0
2026-06-05,HMPRO,0.008333365122477288,1.3774209337236165e-05,0.005868259706869936,0.66,0.3412017927251844,0.0816326530612244,1.0,0.0,0,-0.016528988151582213,0,0,0,0,0,0,0,0,0,1,0,0,0,0
2026-06-05,IVL,-0.016949136104436047,-0.0007500630922395946,0.016621810650478054,0.08,0.6190346064901138,0.4489795918367346,1.0,0.0,0,-0.012931083385497644,0,0,0,0,0,0,1,0,0,0,0,0,0,0
2026-06-05,KBANK,-0.009852216748768461,3.423912024924647e-05,0.009271681293161155,0.14,0.8492309488143115,0.5510204081632653,7.0,0.0,0,-0.00497512437810943,0,0,0,0,0,0,0,0,1,0,0,0,0,0
2026-06-05,KKP,0.0,0.004576845806127561,0.013535720865469572,0.46,0.6442502814112808,0.4081632653061224,4.0,0.0,0,-0.030555555555555558,0,0,0,0,0,0,0,0,1,0,0,0,0,0
2026-06-05,KTB,-0.007042253521126751,0.002887686853813287,0.00814290427695525,0.24,0.750245974679521,0.3673469387755101,9.0,0.0,0,-0.007092198581560294,0,0,0,0,0,0,0,0,1,0,0,0,0,0
2026-06-05,KTC,0.016666666666666607,0.0034552845528454945,0.01896026647157532,0.8,0.3257950366470686,0.0408163265306122,3.0,0.0,0,-0.016393442622950838,1,0,0,0,0,0,0,0,0,0,0,0,0,0
2026-06-05,LH,-0.005464475534834423,0.0022282383195620036,0.006298468604471421,0.26,0.2735033172691258,0.0,1.0,0.0,0,-0.0054945655957939765,0,1,0,0,0,0,0,0,0,0,0,0,0,0
2026-06-05,MINT,0.031531478897937504,0.0036557244270333245,0.017775939445767934,0.92,0.4943019943019943,0.2040816326530612,2.0,0.0,0,-0.030567636124517406,1,0,0,0,0,0,0,0,0,0,0,0,0,0
2026-06-05,MTC,0.01754385964912286,0.0017996265025381985,0.012888689430056471,0.84,0.2887361173649064,0.0,0.0,0.0,0,-0.03448275862068961,0,0,1,0,0,0,0,0,0,0,0,0,0,0
2026-06-05,OR,0.00806454714081517,0.0016258127528104404,0.006724172698537652,0.64,0.6153782616814699,0.2857142857142857,9.0,-0.2,0,-0.015999984741210893,0,0,0,0,0,0,0,0,0,0,0,1,0,0
2026-06-05,OSP,0.013071882795547163,0.002648110418023553,0.010876335715242097,0.78,0.338970421015203,0.0612244897959183,0.0,0.0,0,-0.01935485101515244,0,0,0,0,0,0,0,0,0,1,0,0,0,0
2026-06-05,PTT,0.0,0.0027491733585262245,0.003764497702716989,0.46,0.7728921116235123,0.4285714285714285,4.0,0.0,0,-0.006802721088435382,0,0,0,0,0,0,1,0,0,0,0,0,0,0
2026-06-05,PTTEP,0.003472222222222321,0.0042131871858020805,0.004598334630148934,0.58,0.6813255353395934,0.4489795918367346,0.0,0.0,1,0.01730103806228378,0,0,0,0,0,0,1,0,0,0,0,0,0,0
2026-06-05,PTTGC,-0.014388489208633115,0.004541726774323585,0.01618231473658243,0.1,0.6382595769495901,0.4693877551020408,3.0,0.0,0,0.0,0,0,0,0,0,0,1,0,0,0,0,0,0,0
2026-06-05,RATCH,-0.008196721311475419,-0.0032653605224576944,0.004471341116144558,0.2,0.2677087625191304,0.0,0.0,0.0,0,-0.016528925619834656,0,0,0,1,0,0,0,0,0,0,0,0,0,0
2026-06-05,SAWAD,0.009389707516583634,-0.0036015141306646294,0.013909735243700299,0.72,0.3498375384972611,0.0816326530612244,1.0,0.0,0,-0.013953452886537043,0,0,0,0,0,0,0,0,0,1,0,0,0,0
2026-06-05,SCB,0.0,0.009551875633660023,0.013126764701189323,0.46,0.7988495394135452,0.4693877551020408,14.0,0.0,0,-0.014184397163120588,0,0,0,0,0,0,0,0,1,0,0,0,0,0
2026-06-05,SCC,0.03539823008849563,0.006221673218899526,0.01808822985742259,0.94,0.6673911126530135,0.4489795918367346,0.0,0.0,0,0.0,0,0,0,0,0,0,1,0,0,0,0,0,0,0
2026-06-05,SCGP,0.02970297029702973,0.019804997414496796,0.025200091794636288,0.9,0.5128534376254641,0.3469387755102041,1.0,0.0,0,-0.019230769230769273,0,0,0,0,0,0,1,0,0,0,0,0,0,0
2026-06-05,TCAP,-0.004081632653061273,0.004204593971479787,0.011816384176194933,0.34,0.3602260403234661,0.1020408163265306,0.0,0.0,0,-0.016393442622950838,0,0,0,0,0,0,0,0,1,0,0,0,0,0
2026-06-05,TIDLOR,0.02285712105887283,0.0033585171966339145,0.014718301589437056,0.86,0.2781370028253271,0.0,0.0,0.0,0,-0.027932961489138486,0,0,0,0,1,0,0,0,0,0,0,0,0,0
2026-06-05,TISCO,0.008849557522123908,0.001785437043937277,0.0073762653547115664,0.7,0.6406867342025374,0.4081632653061224,1.0,0.0,0,-0.00877192982456143,0,0,0,0,0,0,0,0,1,0,0,0,0,0
2026-06-05,TLI,0.0,-0.0036199973672031093,0.004956970115449389,0.46,0.299872962494744,0.0,0.0,0.0,0,0.0,0,0,0,0,0,1,0,0,0,0,0,0,0,0
2026-06-05,TOP,-0.005376344086021501,5.812263876769918e-06,0.0038119323976176073,0.3,0.7386039040525615,0.5102040816326531,2.0,0.0,0,-0.00540540540540535,0,0,0,0,0,0,1,0,0,0,0,0,0,0
2026-06-05,TRUE,-0.007194203635955465,3.1130314972349636e-05,0.00884324627963493,0.22,0.7259234069997916,0.5510204081632653,7.0,0.0,0,0.0,1,0,0,0,0,0,0,0,0,0,0,0,0,0
2026-06-05,TTB,0.017543843138140724,0.0035692645824965787,0.01456999679525177,0.82,0.389142793520201,0.2448979591836734,6.0,0.0,0,-0.008620681681899223,0,0,0,0,0,0,0,0,1,0,0,0,0,0
2026-06-05,TU,0.008849506735177037,0.0035556224751197353,0.004868816904809368,0.68,0.2779194133981291,0.0,1.0,0.0,0,-0.008771879924703185,0,0,0,0,0,0,0,0,0,0,1,0,0,0
2026-06-05,WHA,0.0100000381469727,0.006081636310467831,0.009104416224158852,0.74,0.2667685974671863,0.0204081632653061,3.0,0.0,0,-0.021782203833619507,1,0,0,0,0,0,0,0,0,0,0,0,0,0
2026-06-08,ADVANC,-0.008310249307479256,0.002927998113821251,0.01677577267730106,0.74,0.8340338761433772,0.5306122448979591,6.0,0.0,1,0.0027932960893854997,1,0,0,0,0,0,0,0,0,0,0,0,0,0
2026-06-08,AOT,-0.012931034482758674,0.007324300896309,0.021792370854916265,0.6,0.5714144407022494,0.3877551020408163,2.0,0.0,0,-0.013100436681222738,0,0,0,0,0,0,1,0,0,0,0,0,0,0
2026-06-08,AWC,0.008264454667762822,0.013994097999030175,0.0294303202249713,0.98,0.26474316484215,0.0,0.0,0.0,0,0.0,0,0,0,0,0,0,0,1,0,0,0,0,0,0
2026-06-08,BANPU,-0.026785731771771126,-0.008850659408333583,0.01401921271278218,0.2,0.5168610876183813,0.3469387755102041,0.0,0.0,0,0.0,0,0,0,0,0,0,1,0,0,0,0,0,0,0
2026-06-08,BBL,-0.025787965616045794,-0.003407020852405673,0.014562580838062998,0.22,0.8021884428957072,0.4897959183673469,4.0,0.0,0,0.0,0,0,0,0,0,0,0,0,1,0,0,0,0,0
2026-06-08,BDMS,-0.010869503246587309,2.388888042887949e-05,0.00772819865591422,0.64,0.6121736045413307,0.4081632653061224,3.0,0.0,0,-0.005494526224051444,0,0,0,0,0,0,1,0,0,0,0,0,0,0
2026-06-08,BEM,-0.009615329948400753,-0.0019230659896801506,0.004300106278142726,0.66,0.3153698175379232,0.0204081632653061,1.0,0.0,1,0.019417456850636006,0,0,0,0,0,0,0,0,0,1,0,0,0,0
2026-06-08,BH,-0.02981029810298108,-0.000282388047228288,0.02638706958081411,0.16,0.5733025950300475,0.4693877551020408,1.0,0.0,0,-0.005586592178770999,0,0,0,0,0,0,1,0,0,0,0,0,0,0
2026-06-08,BJC,-0.01408449379940424,-0.0028070493791116035,0.008022960292992603,0.54,0.3859487784668349,0.1020408163265306,0.0,0.0,0,-0.00714288439069477,0,0,0,0,0,0,0,0,0,1,0,0,0,0
2026-06-08,BTS,-0.019417457749564604,-0.0018850017486557568,0.014458507467870136,0.28,0.3820598396963626,0.0816326530612244,6.0,0.0,0,0.0,0,0,0,0,0,0,0,0,0,1,0,0,0,0
2026-06-08,CBG,-0.030120481927710885,0.00019970808852740607,0.02230952820771837,0.14,0.4037334379706352,0.1428571428571428,0.0,0.0,0,0.0,0,0,0,0,0,0,0,0,0,1,0,0,0,0
2026-06-08,CCET,-0.03743319435188197,0.00751927587012049,0.08949682899392669,0.02,0.2944691120222417,0.0408163265306122,13.0,-0.2,1,0.02222220102945971,0,0,0,0,0,0,0,0,0,0,0,1,0,0
2026-06-08,CENTEL,-0.007246376811594235,0.0031065586671993996,0.020230193316443632,0.78,0.2958173008031775,0.0,0.0,0.0,0,-0.014598540145985384,0,0,0,0,0,0,0,0,0,0,0,0,1,0
2026-06-08,COM7,-0.03703703703703709,0.00026623970020192014,0.025722248902525027,0.06,0.5390811125917591,0.3469387755102041,1.0,0.0,1,0.028846153846153744,0,0,0,0,0,0,1,0,0,0,0,0,0,0
2026-06-08,CPALL,-0.010928961748633892,-0.00859770713760064,0.006097663259286228,0.62,0.4825031688955927,0.183673469387755,5.0,0.0,1,0.005524861878453136,0,0,0,0,0,0,0,0,0,1,0,0,0,0
2026-06-08,CPF,-0.0158729758262226,-0.004227230759662692,0.0068975539952318855,0.46,0.7091921123853364,0.4897959183673469,2.0,0.0,1,0.010752626424140876,0,0,0,0,0,0,1,0,0,0,0,0,0,0
2026-06-08,CPN,-0.007722007722007707,-0.0007424769253157271,0.00920899354904916,0.76,0.2998494178860543,0.0204081632653061,1.0,0.0,1,0.0038910505836575737,0,0,0,0,0,0,0,0,0,0,0,1,0,0
2026-06-08,CRC,-0.014150996868529497,-0.001873428500583829,0.008581769365468105,0.52,0.1885120701342117,0.1224489795918367,0.0,0.0,1,0.009569414669373,0,0,0,0,0,0,0,0,0,1,0,0,0,0
2026-06-08,DELTA,-0.014577259475218707,-0.008522297923949762,0.01748474084056174,0.48,0.7549857549857552,0.5102040816326531,21.0,-0.2,1,0.07692307692307687,0,0,0,0,0,0,0,0,0,0,0,1,0,0
2026-06-08,EGCO,-0.017094017094017144,-0.0025604343200909653,0.008334360182606448,0.34,0.2641362307564376,0.0,0.0,0.0,0,0.0,0,0,0,0,0,0,0,0,0,0,0,0,0,1
2026-06-08,GPSC,-0.02409638554216864,9.654780739121183e-05,0.01549399611739855,0.24,0.3084218345695337,0.0408163265306122,1.0,0.0,0,0.0,0,0,0,0,0,0,1,0,0,0,0,0,0,0
2026-06-08,GULF,-0.03731343283582089,0.008385466921022,0.03353446552619188,0.04,0.824860649548974,0.5306122448979591,8.0,0.0,0,-0.011627906976744207,1,0,0,0,0,0,0,0,0,0,0,0,0,0
2026-06-08,HMPRO,-0.016528988151582213,-0.0032920234209792066,0.00944414097320495,0.36,0.3412017927251844,0.0816326530612244,0.0,0.0,0,0.0,0,0,0,0,0,0,0,0,0,1,0,0,0,0
2026-06-08,IVL,-0.012931083385497644,-0.0033362797693391234,0.017460744789665108,0.58,0.6190346064901138,0.4489795918367346,1.0,0.0,0,-0.013100403583316766,0,0,0,0,0,0,1,0,0,0,0,0,0,0
2026-06-08,KBANK,-0.00497512437810943,-0.0009607857553726396,0.009539372015935051,0.88,0.8492309488143115,0.5510204081632653,7.0,0.0,0,-0.015000000000000013,0,0,0,0,0,0,0,0,1,0,0,0,0,0
2026-06-08,KKP,-0.030555555555555558,-0.001534265304983551,0.020973034295466354,0.12,0.6442502814112808,0.4081632653061224,5.0,0.0,1,0.002865329512893977,0,0,0,0,0,0,0,0,1,0,0,0,0,0
2026-06-08,KTB,-0.007092198581560294,0.0014692471375012284,0.009306275866962881,0.8,0.750245974679521,0.3673469387755101,8.0,0.0,0,0.0,0,0,0,0,0,0,0,0,1,0,0,0,0,0
2026-06-08,KTC,-0.016393442622950838,0.00017659602825532695,0.021013393381628297,0.41,0.3257950366470686,0.0408163265306122,1.0,0.0,0,0.0,1,0,0,0,0,0,0,0,0,0,0,0,0,0
2026-06-08,LH,-0.0054945655957939765,0.0011293252004032084,0.007199330370510601,0.84,0.2735033172691258,0.0,0.0,0.0,0,-0.005524856784194343,0,1,0,0,0,0,0,0,0,0,0,0,0,0
2026-06-08,MINT,-0.030567636124517406,-0.0024578027978701565,0.023637544835627935,0.1,0.4943019943019943,0.2040816326530612,1.0,0.0,0,-0.004504521533020278,1,0,0,0,0,0,0,0,0,0,0,0,0,0
2026-06-08,MTC,-0.03448275862068961,-0.005096925221599724,0.02085565838783826,0.08,0.2887361173649064,0.0,0.0,0.0,0,-0.017857142857142905,0,0,1,0,0,0,0,0,0,0,0,0,0,0
2026-06-08,OR,-0.015999984741210893,-0.0015741841954317382,0.010460444084362383,0.44,0.6153782616814699,0.2857142857142857,7.0,-0.2,1,0.008130034654042939,0,0,0,0,0,0,0,0,0,0,0,1,0,0
2026-06-08,OSP,-0.01935485101515244,-0.0012228597850069355,0.014793364102213526,0.3,0.338970421015203,0.0612244897959183,0.0,0.0,1,0.0065789725476688155,0,0,0,0,0,0,0,0,0,1,0,0,0,0
2026-06-08,PTT,-0.006802721088435382,0.0013886291408391482,0.0057251878210304785,0.82,0.7728921116235123,0.4285714285714285,4.0,0.0,0,-0.006849315068493178,0,0,0,0,0,0,1,0,0,0,0,0,0,0
2026-06-08,PTTEP,0.01730103806228378,0.007673394798258837,0.0066755980290009445,1.0,0.6813255353395934,0.4489795918367346,1.0,0.0,0,-0.017006802721088454,0,0,0,0,0,0,1,0,0,0,0,0,0,0
2026-06-08,PTTGC,0.0,0.004541726774323585,0.01618231473658243,0.93,0.6382595769495901,0.4693877551020408,3.0,0.0,0,-0.021897810218978075,0,0,0,0,0,0,1,0,0,0,0,0,0,0
2026-06-08,RATCH,-0.016528925619834656,-0.006571145646424625,0.006902718102842265,0.38,0.2677087625191304,0.0,0.0,0.0,0,-0.008403361344537785,0,0,0,1,0,0,0,0,0,0,0,0,0,0
2026-06-08,SAWAD,-0.013953452886537043,-0.006392204707972038,0.014397698606721382,0.56,0.3498375384972611,0.0816326530612244,1.0,0.0,0,-0.023584904811610685,0,0,0,0,0,0,0,0,0,1,0,0,0,0
2026-06-08,SCB,-0.014184397163120588,0.006714996201035906,0.01674201824502956,0.5,0.7988495394135452,0.4693877551020408,13.0,0.0,0,-0.014388489208633115,0,0,0,0,0,0,0,0,1,0,0,0,0,0
2026-06-08,SCC,0.0,0.006221673218899526,0.01808822985742259,0.93,0.6673911126530135,0.4489795918367346,1.0,0.0,0,0.0,0,0,0,0,0,0,1,0,0,0,0,0,0,0
2026-06-08,SCGP,-0.019230769230769273,0.01595884356834294,0.029990695072748826,0.32,0.5128534376254641,0.3469387755102041,2.0,0.0,0,-0.019607843137254943,0,0,0,0,0,0,1,0,0,0,0,0,0,0
2026-06-08,TCAP,-0.016393442622950838,0.0009259054468896188,0.015094363591021507,0.41,0.3602260403234661,0.1020408163265306,0.0,0.0,1,0.004166666666666652,0,0,0,0,0,0,0,0,1,0,0,0,0,0
2026-06-08,TIDLOR,-0.027932961489138486,-0.002228075101193783,0.020483777360278458,0.18,0.2781370028253271,0.0,0.0,0.0,0,-0.03448278130022209,0,0,0,0,1,0,0,0,0,0,0,0,0,0
2026-06-08,TISCO,-0.00877192982456143,3.105107902499071e-05,0.008810760771937877,0.68,0.6406867342025374,0.4081632653061224,1.0,0.0,1,0.008849557522123908,0,0,0,0,0,0,0,0,1,0,0,0,0,0
2026-06-08,TLI,0.0,-0.0036199973672031093,0.004956970115449389,0.93,0.299872962494744,0.0,0.0,0.0,1,0.036697301486559475,0,0,0,0,0,1,0,0,0,0,0,0,0,0
2026-06-08,TOP,-0.00540540540540535,-0.0010752688172043002,0.004515553005408348,0.86,0.7386039040525615,0.5102040816326531,3.0,0.0,0,-0.021739130434782594,0,0,0,0,0,0,1,0,0,0,0,0,0,0
2026-06-08,TRUE,0.0,3.1130314972349636e-05,0.00884324627963493,0.93,0.7259234069997916,0.5510204081632653,7.0,0.0,0,0.0,1,0,0,0,0,0,0,0,0,0,0,0,0,0
2026-06-08,TTB,-0.008620681681899223,0.001845128246116734,0.015573464099161221,0.72,0.389142793520201,0.2448979591836734,4.0,0.0,0,0.0,0,0,0,0,0,0,0,0,1,0,0,0,0,0
2026-06-08,TU,-0.008771879924703185,0.001801246490179098,0.0073952214463059015,0.7,0.2779194133981291,0.0,1.0,0.0,0,-0.008849591131132817,0,0,0,0,0,0,0,0,0,0,1,0,0,0
2026-06-08,WHA,-0.021782203833619507,0.0017251955437439293,0.015621107400913438,0.26,0.2667685974671863,0.0204081632653061,3.0,0.0,1,0.008097158176053387,1,0,0,0,0,0,0,0,0,0,0,0,0,0
2026-06-09,ADVANC,0.0027932960893854997,-0.0027456372858653878,0.006473880945134146,0.7,0.8340338761433772,0.5306122448979591,6.0,0.0,0,-0.013927576601671321,1,0,0,0,0,0,0,0,0,0,0,0,0,0
2026-06-09,AOT,-0.013100436681222738,0.0010843040578020213,0.02239422845671865,0.22,0.5714144407022494,0.3877551020408163,2.0,0.0,0,0.0,0,0,0,0,0,0,1,0,0,0,0,0,0,0
2026-06-09,AWC,0.0,0.01048532937140203,0.029942661020774787,0.56,0.26474316484215,0.0,0.0,0.0,0,-0.02459013990675485,0,0,0,0,0,0,0,1,0,0,0,0,0,0
2026-06-09,BANPU,0.0,-0.010605052124403148,0.011603244829519303,0.56,0.5168610876183813,0.3469387755102041,0.0,0.0,0,0.0,0,0,0,0,0,0,1,0,0,0,0,0,0,0
2026-06-09,BBL,0.0,-0.006297194262810302,0.011171539303415298,0.56,0.8021884428957072,0.4897959183673469,4.0,0.0,0,-0.00588235294117645,0,0,0,0,0,0,0,0,1,0,0,0,0,0
2026-06-09,BDMS,-0.005494526224051444,-0.0010750163643814092,0.008113485514291746,0.4,0.6121736045413307,0.4081632653061224,4.0,0.0,0,-0.005524882837687928,0,0,0,0,0,0,1,0,0,0,0,0,0,0
2026-06-09,BEM,0.019417456850636006,0.0019604253804470506,0.010609852286924388,0.92,0.3153698175379232,0.0204081632653061,1.0,0.0,0,0.0,0,0,0,0,0,0,0,0,0,1,0,0,0,0
2026-06-09,BH,-0.005586592178770999,0.0002716027092180662,0.026203615165241365,0.36,0.5733025950300475,0.4693877551020408,1.0,0.0,0,-0.011235955056179803,0,0,0,0,0,0,1,0,0,0,0,0,0,0
2026-06-09,BJC,-0.00714288439069477,-0.0056440823532073695,0.005895293749032936,0.32,0.3859487784668349,0.1020408163265306,0.0,0.0,0,0.0,0,0,0,0,0,0,0,0,0,1,0,0,0,0
2026-06-09,BTS,0.0,-0.005806566709538741,0.008673408102265157,0.56,0.3820598396963626,0.0816326530612244,7.0,0.0,1,0.009900980750178201,0,0,0,0,0,0,0,0,0,1,0,0,0,0
2026-06-09,CBG,0.0,-0.00352699998600674,0.01988499522680754,0.56,0.4037334379706352,0.1428571428571428,0.0,0.0,0,-0.012422360248447228,0,0,0,0,0,0,0,0,0,1,0,0,0,0
2026-06-09,CCET,0.02222220102945971,-0.019854456382762554,0.037196618494956785,0.94,0.2944691120222417,0.0408163265306122,9.0,-0.2,0,-0.04347822030685711,0,0,0,0,0,0,0,0,0,0,0,1,0,0
2026-06-09,CENTEL,-0.014598540145985384,0.0001868506380023227,0.021784393661723862,0.18,0.2958173008031775,0.0,0.0,0.0,0,-0.007407407407407418,0,0,0,0,0,0,0,0,0,0,0,0,1,0
2026-06-09,COM7,0.028846153846153744,0.0021893166232788363,0.02777230339037287,0.96,0.5390811125917591,0.3469387755102041,1.0,0.0,0,-0.01869158878504673,0,0,0,0,0,0,1,0,0,0,0,0,0,0
2026-06-09,CPALL,0.005524861878453136,-0.005376332645507897,0.008549111302597081,0.78,0.4825031688955927,0.183673469387755,4.0,0.0,0,-0.005494505494505475,0,0,0,0,0,0,0,0,0,1,0,0,0,0
2026-06-09,CPF,0.010752626424140876,-0.002076705474834517,0.009665762396428487,0.9,0.7091921123853364,0.4897959183673469,2.0,0.0,1,0.005319169442975058,0,0,0,0,0,0,1,0,0,0,0,0,0,0
2026-06-09,CPN,0.0038910505836575737,-0.0022898482039330537,0.006994527122478258,0.74,0.2998494178860543,0.0204081632653061,1.0,0.0,0,-0.007751937984496138,0,0,0,0,0,0,0,0,0,0,0,1,0,0
2026-06-09,CRC,0.009569414669373,4.0454433290770805e-05,0.010046159064673587,0.88,0.1885120701342117,0.1224489795918367,0.0,0.0,0,0.0,0,0,0,0,0,0,0,0,0,1,0,0,0,0
2026-06-09,DELTA,0.07692307692307687,0.005729172984744913,0.04274036352312188,1.0,0.7549857549857552,0.5102040816326531,18.0,-0.2,0,-0.03296703296703296,0,0,0,0,0,0,0,0,0,0,0,1,0,0
2026-06-09,EGCO,0.0,-0.0025604343200909653,0.008334360182606448,0.56,0.2641362307564376,0.0,0.0,0.0,0,-0.004347826086956497,0,0,0,0,0,0,0,0,0,0,0,0,0,1
2026-06-09,GPSC,0.0,-0.0036071558963125085,0.011750626299448669,0.56,0.3084218345695337,0.0408163265306122,1.0,0.0,0,-0.024691358024691357,0,0,0,0,0,0,1,0,0,0,0,0,0,0
2026-06-09,GULF,-0.011627906976744207,-0.002004630603359092,0.028892156294666908,0.26,0.824860649548974,0.5306122448979591,8.0,0.0,0,-0.0117647058823529,1,0,0,0,0,0,0,0,0,0,0,0,0,0
2026-06-09,HMPRO,0.0,-0.0032920234209792066,0.00944414097320495,0.56,0.3412017927251844,0.0816326530612244,0.0,0.0,1,0.008403393670198822,0,0,0,0,0,0,0,0,0,1,0,0,0,0
2026-06-09,IVL,-0.013100403583316766,-0.011106578521335097,0.006459213273340824,0.24,0.6190346064901138,0.4489795918367346,1.0,0.0,0,-0.008849591131132817,0,0,0,0,0,0,1,0,0,0,0,0,0,0
2026-06-09,KBANK,-0.015000000000000013,-0.0069458603822383225,0.005692591121922927,0.16,0.8492309488143115,0.5510204081632653,7.0,0.0,1,0.0050761421319796,0,0,0,0,0,0,0,0,1,0,0,0,0,0
2026-06-09,KKP,0.002865329512893977,-0.006643017584222921,0.013708827212608415,0.72,0.6442502814112808,0.4081632653061224,6.0,0.0,0,-0.011428571428571455,0,0,0,0,0,0,0,0,1,0,0,0,0,0
2026-06-09,KTB,0.0,-0.0014084507042253724,0.005921849988922962,0.56,0.750245974679521,0.3673469387755101,7.0,0.0,0,-0.014285714285714235,0,0,0,0,0,0,0,0,1,0,0,0,0,0
2026-06-09,KTC,0.0,-0.004823403971744656,0.01600844001657416,0.56,0.3257950366470686,0.0408163265306122,1.0,0.0,0,-0.008333333333333304,1,0,0,0,0,0,0,0,0,0,0,0,0,0
2026-06-09,LH,-0.005524856784194343,-0.002197879563727323,0.004914543337556486,0.38,0.2735033172691258,0.0,0.0,0.0,0,0.0,0,1,0,0,0,0,0,0,0,0,0,0,0,0
2026-06-09,MINT,-0.004504521533020278,0.00019684506023933678,0.02218775715819501,0.42,0.4943019943019943,0.2040816326530612,2.0,0.0,0,-0.004524904060796975,1,0,0,0,0,0,0,0,0,0,0,0,0,0
2026-06-09,MTC,-0.017857142857142905,-0.010407484227810904,0.01982051793763094,0.12,0.2887361173649064,0.0,0.0,0.0,0,-0.018181818181818188,0,0,1,0,0,0,0,0,0,0,0,0,0,0
2026-06-09,OR,0.008130034654042939,-0.0015610866927861845,0.010475559958202254,0.84,0.6153782616814699,0.2857142857142857,7.0,-0.2,0,-0.024193487604002417,0,0,0,0,0,0,0,0,0,0,0,1,0,0
2026-06-09,OSP,0.0065789725476688155,-0.002521441834582605,0.013448715844348456,0.8,0.338970421015203,0.0612244897959183,0.0,0.0,0,0.0,0,0,0,0,0,0,0,0,0,1,0,0,0,0
2026-06-09,PTT,-0.006849315068493178,-0.0013605442176870763,0.005719437148457227,0.34,0.7728921116235123,0.4285714285714285,5.0,0.0,0,0.0,0,0,0,0,0,0,1,0,0,0,0,0,0,0
2026-06-09,PTTEP,-0.017006802721088454,0.002151892911284947,0.012513617735123226,0.14,0.6813255353395934,0.4489795918367346,1.0,0.0,0,-0.01038062283737029,0,0,0,0,0,0,1,0,0,0,0,0,0,0
2026-06-09,PTTGC,-0.021897810218978075,-0.005807984523203391,0.011941411870881226,0.06,0.6382595769495901,0.4693877551020408,4.0,0.0,0,0.0,0,0,0,0,0,0,1,0,0,0,0,0,0,0
2026-06-09,RATCH,-0.008403361344537785,-0.008251817915332183,0.005844737626911449,0.3,0.2677087625191304,0.0,0.0,0.0,0,0.0,0,0,0,1,0,0,0,0,0,0,0,0,0,0
2026-06-09,SAWAD,-0.023584904811610685,-0.011109185670294175,0.015593700727460724,0.04,0.3498375384972611,0.0816326530612244,0.0,0.0,0,-0.02898552460654713,0,0,0,0,0,0,0,0,0,1,0,0,0,0
2026-06-09,SCB,-0.014388489208633115,-0.0006236681834416613,0.01623433721214409,0.2,0.7988495394135452,0.4693877551020408,15.0,0.0,1,0.0036496350364962904,0,0,0,0,0,0,0,0,1,0,0,0,0,0
2026-06-09,SCC,0.0,0.004459558681454578,0.018201770631384458,0.56,0.6673911126530135,0.4489795918367346,2.0,0.0,0,-0.004273504273504258,0,0,0,0,0,0,1,0,0,0,0,0,0,0
2026-06-09,SCGP,-0.019607843137254943,0.0001728715858011043,0.020835108706475723,0.1,0.5128534376254641,0.3469387755102041,1.0,0.0,0,0.0,0,0,0,0,0,0,1,0,0,0,0,0,0,0
2026-06-09,TCAP,0.004166666666666652,-0.003261681721869092,0.00789893915319889,0.76,0.3602260403234661,0.1020408163265306,0.0,0.0,0,-0.008298755186721962,0,0,0,0,0,0,0,0,1,0,0,0,0,0
2026-06-09,TIDLOR,-0.03448278130022209,-0.011282502435075581,0.023126499108131,0.02,0.2781370028253271,0.0,1.0,0.0,0,-0.01190469432579655,0,0,0,0,1,0,0,0,0,0,0,0,0,0
2026-06-09,TISCO,0.008849557522123908,3.105107902499071e-05,0.008810760771937877,0.86,0.6406867342025374,0.4081632653061224,1.0,0.0,0,0.0,0,0,0,0,0,0,0,0,1,0,0,0,0,0
2026-06-09,TLI,0.036697301486559475,0.0055212715433168745,0.017866973706738124,0.98,0.299872962494744,0.0,0.0,0.0,0,0.0,0,0,0,0,0,1,0,0,0,0,0,0,0,0
2026-06-09,TOP,-0.021739130434782594,-0.005423094904160819,0.010159747675110893,0.08,0.7386039040525615,0.5102040816326531,4.0,0.0,0,0.0,0,0,0,0,0,0,1,0,0,0,0,0,0,0
2026-06-09,TRUE,0.0,-0.002867417605330047,0.003926415183014983,0.56,0.7259234069997916,0.5510204081632653,7.0,0.0,0,0.0,1,0,0,0,0,0,0,0,0,0,0,0,0,0
2026-06-09,TTB,0.0,-0.0016636403815114109,0.012898921454562373,0.56,0.389142793520201,0.2448979591836734,6.0,0.0,0,-0.008695644061371466,0,0,0,0,0,0,0,0,1,0,0,0,0,0
2026-06-09,TU,-0.008849591131132817,3.132826395253474e-05,0.00885000002032679,0.28,0.2779194133981291,0.0,1.0,0.0,0,-0.008928520490927738,0,0,0,0,0,0,0,0,0,0,1,0,0,0
2026-06-09,WHA,0.008097158176053387,-0.0007370015021186838,0.012622532246420088,0.82,0.2667685974671863,0.0204081632653061,3.0,0.0,1,0.004016060411629274,1,0,0,0,0,0,0,0,0,0,0,0,0,0
2026-06-10,ADVANC,-0.013927576601671321,-0.005531152606199652,0.007847711493244888,0.2,0.8340338761433772,0.5306122448979591,6.0,0.0,1,0.01412429378531077,1,0,0,0,0,0,0,0,0,0,0,0,0,0
2026-06-10,AOT,0.0,0.0010843040578020213,0.02239422845671865,0.74,0.5714144407022494,0.3877551020408163,2.0,0.0,0,-0.013274336283185861,0,0,0,0,0,0,1,0,0,0,0,0,0,0
2026-06-10,AWC,-0.02459013990675485,0.00556730139005106,0.03385876257687768,0.1,0.26474316484215,0.0,0.0,0.0,0,0.0,0,0,0,0,0,0,0,1,0,0,0,0,0,0
2026-06-10,BANPU,0.0,-0.010605052124403148,0.011603244829519303,0.74,0.5168610876183813,0.3469387755102041,0.0,0.0,0,0.0,0,0,0,0,0,0,1,0,0,0,0,0,0,0
2026-06-10,BBL,-0.00588235294117645,-0.007473664851045591,0.010639668511573342,0.48,0.8021884428957072,0.4897959183673469,4.0,0.0,0,-0.00295857988165682,0,0,0,0,0,0,0,0,1,0,0,0,0,0
2026-06-10,BDMS,-0.005524882837687928,-0.0021799929319189946,0.008304447214219347,0.5,0.6121736045413307,0.4081632653061224,4.0,0.0,0,-0.005555576748318192,0,0,0,0,0,0,1,0,0,0,0,0,0,0
2026-06-10,BEM,0.0,0.0019604253804470506,0.010609852286924388,0.74,0.3153698175379232,0.0204081632653061,1.0,0.0,0,-0.009523845854259694,0,0,0,0,0,0,0,0,0,1,0,0,0,0
2026-06-10,BH,-0.011235955056179803,-0.0019755883020178945,0.026709635767825837,0.3,0.5733025950300475,0.4693877551020408,1.0,0.0,0,-0.0028409090909090606,0,0,0,0,0,0,1,0,0,0,0,0,0,0
2026-06-10,BJC,0.0,-0.0056440823532073695,0.005895293749032936,0.74,0.3859487784668349,0.1020408163265306,0.0,0.0,0,0.0,0,0,0,0,0,0,0,0,0,1,0,0,0,0
2026-06-10,BTS,0.009900980750178201,-0.0038263705595031005,0.01111662020037579,1.0,0.3820598396963626,0.0816326530612244,7.0,0.0,0,0.0,0,0,0,0,0,0,0,0,0,1,0,0,0,0
2026-06-10,CBG,-0.012422360248447228,-0.006011472035696186,0.020108933581554668,0.22,0.4037334379706352,0.1428571428571428,0.0,0.0,0,-0.012578616352201255,0,0,0,0,0,0,0,0,0,1,0,0,0,0
2026-06-10,CCET,-0.04347822030685711,-0.028550100444133975,0.03646973185161037,0.02,0.2944691120222417,0.0408163265306122,8.0,0.0,1,0.05113634085359697,0,0,0,0,0,0,0,0,0,0,0,1,0,0
2026-06-10,CENTEL,-0.007407407407407418,-0.0012946308434791608,0.0220505279644009,0.46,0.2958173008031775,0.0,0.0,0.0,0,-0.014925373134328401,0,0,0,0,0,0,0,0,0,0,0,0,1,0
2026-06-10,COM7,-0.01869158878504673,-0.00154900113373051,0.02935365116795645,0.14,0.5390811125917591,0.3469387755102041,1.0,0.0,1,0.00952380952380949,0,0,0,0,0,0,1,0,0,0,0,0,0,0
2026-06-10,CPALL,-0.005494505494505475,-0.006475233744408992,0.008022161651294941,0.52,0.4825031688955927,0.183673469387755,4.0,0.0,0,-0.011049723756906049,0,0,0,0,0,0,0,0,0,1,0,0,0,0
2026-06-10,CPF,0.005319169442975058,-0.0010128715862395055,0.01022784677088615,0.96,0.7091921123853364,0.4897959183673469,2.0,0.0,0,-0.010581950244841987,0,0,0,0,0,0,1,0,0,0,0,0,0,0
2026-06-10,CPN,-0.007751937984496138,-0.003840235800832281,0.007215714623984193,0.44,0.2998494178860543,0.0204081632653061,1.0,0.0,0,-0.0078125,0,0,0,0,0,0,0,0,0,0,0,1,0,0
2026-06-10,CRC,0.0,4.0454433290770805e-05,0.010046159064673587,0.74,0.1885120701342117,0.1224489795918367,0.0,0.0,0,-0.009478708972683103,0,0,0,0,0,0,0,0,0,1,0,0,0,0
2026-06-10,DELTA,-0.03296703296703296,-0.0008642336086616797,0.04624435796883178,0.04,0.7549857549857552,0.5102040816326531,12.0,0.0,1,0.017045454545454586,0,0,0,0,0,0,0,0,0,0,0,1,0,0
2026-06-10,EGCO,-0.004347826086956497,-0.0034299995374822644,0.008226549484716211,0.56,0.2641362307564376,0.0,0.0,0.0,1,0.004366812227074135,0,0,0,0,0,0,0,0,0,0,0,0,0,1
2026-06-10,GPSC,-0.024691358024691357,-0.00854542750125078,0.014679136957145282,0.08,0.3084218345695337,0.0408163265306122,1.0,0.0,0,-0.006329113924050667,0,0,0,0,0,0,1,0,0,0,0,0,0,0
2026-06-10,GULF,-0.0117647058823529,-0.004357571779829672,0.029165843233643574,0.26,0.824860649548974,0.5306122448979591,8.0,0.0,0,-0.003968253968253954,1,0,0,0,0,0,0,0,0,0,0,0,0,0
2026-06-10,HMPRO,0.008403393670198822,-0.0016113446869394422,0.010823460081971825,0.98,0.3412017927251844,0.0816326530612244,0.0,0.0,0,0.0,0,0,0,0,0,0,0,0,0,1,0,0,0,0
2026-06-10,IVL,-0.008849591131132817,-0.012876496747561661,0.0028705660344831904,0.36,0.6190346064901138,0.4489795918367346,1.0,0.0,1,0.035714337412192876,0,0,0,0,0,0,1,0,0,0,0,0,0,0
2026-06-10,KBANK,0.0050761421319796,-0.005930631955842402,0.007428871026930764,0.94,0.8492309488143115,0.5510204081632653,5.0,0.0,0,-0.002525252525252486,0,0,0,0,0,0,0,0,1,0,0,0,0,0
2026-06-10,KKP,-0.011428571428571455,-0.008928731869937211,0.013270052450667673,0.28,0.6442502814112808,0.4081632653061224,5.0,0.0,1,0.005780346820809301,0,0,0,0,0,0,0,0,1,0,0,0,0,0
2026-06-10,KTB,-0.014285714285714235,-0.004265593561368219,0.00811321586356979,0.18,0.750245974679521,0.3673469387755101,7.0,0.0,1,0.007246376811594235,0,0,0,0,0,0,0,0,1,0,0,0,0,0
2026-06-10,KTC,-0.008333333333333304,-0.006490070638411316,0.015813333744160517,0.4,0.3257950366470686,0.0408163265306122,2.0,0.0,1,0.008403361344537785,1,0,0,0,0,0,0,0,0,0,0,0,0,0
2026-06-10,LH,0.0,-0.002197879563727323,0.004914543337556486,0.74,0.2735033172691258,0.0,0.0,0.0,0,0.0,0,1,0,0,0,0,0,0,0,0,0,0,0,0
2026-06-10,MINT,-0.004524904060796975,-0.0007081357519200582,0.022289837854258376,0.54,0.4943019943019943,0.2040816326530612,3.0,0.0,0,-0.004545471884987551,1,0,0,0,0,0,0,0,0,0,0,0,0,0
2026-06-10,MTC,-0.018181818181818188,-0.014043847864174541,0.01908808897755848,0.16,0.2887361173649064,0.0,0.0,0.0,0,0.0,0,0,1,0,0,0,0,0,0,0,0,0,0,0
2026-06-10,OR,-0.024193487604002417,-0.006399784213586668,0.014419370969343507,0.12,0.6153782616814699,0.2857142857142857,6.0,0.0,0,-0.016528988151582213,0,0,0,0,0,0,0,0,0,0,0,1,0,0
2026-06-10,OSP,0.0,-0.002521441834582605,0.013448715844348456,0.74,0.338970421015203,0.0612244897959183,0.0,0.0,0,-0.013071882795547274,0,0,0,0,0,0,0,0,0,1,0,0,0,0
2026-06-10,PTT,0.0,-0.0013605442176870763,0.005719437148457227,0.74,0.7728921116235123,0.4285714285714285,5.0,0.0,1,0.006896551724137945,0,0,0,0,0,0,1,0,0,0,0,0,0,0
2026-06-10,PTTEP,-0.01038062283737029,7.576834381088915e-05,0.013759036640272719,0.32,0.6813255353395934,0.4489795918367346,1.0,0.0,1,0.010489510489510412,0,0,0,0,0,0,1,0,0,0,0,0,0,0
2026-06-10,PTTGC,0.0,-0.005807984523203391,0.011941411870881226,0.74,0.6382595769495901,0.4693877551020408,4.0,0.0,1,0.03731343283582089,0,0,0,0,0,0,1,0,0,0,0,0,0,0
2026-06-10,RATCH,0.0,-0.008251817915332183,0.005844737626911449,0.74,0.2677087625191304,0.0,0.0,0.0,1,0.008474576271186418,0,0,0,1,0,0,0,0,0,0,0,0,0,0
2026-06-10,SAWAD,-0.02898552460654713,-0.0169062905916036,0.01581748533801921,0.06,0.3498375384972611,0.0816326530612244,0.0,0.0,0,-0.009950286524563201,0,0,0,0,0,0,0,0,0,1,0,0,0,0
2026-06-10,SCB,0.0036496350364962904,0.00010625882385759678,0.016351016865144778,0.9,0.7988495394135452,0.4693877551020408,18.0,0.0,0,0.0,0,0,0,0,0,0,0,0,1,0,0,0,0,0
2026-06-10,SCC,-0.004273504273504258,0.0036048578267537266,0.018560333871302837,0.58,0.6673911126530135,0.4489795918367346,2.0,0.0,1,0.01716738197424883,0,0,0,0,0,0,1,0,0,0,0,0,0,0
2026-06-10,SCGP,0.0,0.0001728715858011043,0.02083510870647572,0.74,0.5128534376254641,0.3469387755102041,1.0,0.0,1,0.010000000000000009,0,0,0,0,0,0,1,0,0,0,0,0,0,0
2026-06-10,TCAP,-0.008298755186721962,-0.0049214327592134845,0.007914111334974298,0.42,0.3602260403234661,0.1020408163265306,0.0,0.0,1,0.008368200836819994,0,0,0,0,0,0,0,0,1,0,0,0,0,0
2026-06-10,TIDLOR,-0.01190469432579655,-0.013663441300234891,0.022271549991787716,0.24,0.2781370028253271,0.0,1.0,0.0,0,-0.006024119227211244,0,0,0,0,1,0,0,0,0,0,0,0,0,0
2026-06-10,TISCO,0.0,3.105107902499071e-05,0.008810760771937877,0.74,0.6406867342025374,0.4081632653061224,1.0,0.0,0,-0.004385964912280715,0,0,0,0,0,0,0,0,1,0,0,0,0,0
2026-06-10,TLI,0.0,0.0055212715433168745,0.017866973706738124,0.74,0.299872962494744,0.0,0.0,0.0,0,0.0,0,0,0,0,0,1,0,0,0,0,0,0,0,0
2026-06-10,TOP,0.0,-0.005423094904160819,0.010159747675110893,0.74,0.7386039040525615,0.5102040816326531,4.0,0.0,1,0.011111111111111072,0,0,0,0,0,0,1,0,0,0,0,0,0,0
2026-06-10,TRUE,0.0,-0.002867417605330047,0.003926415183014983,0.74,0.7259234069997916,0.5510204081632653,8.0,0.0,0,0.0,1,0,0,0,0,0,0,0,0,0,0,0,0,0
2026-06-10,TTB,-0.008695644061371466,-0.003402769193785704,0.013201204775228235,0.38,0.389142793520201,0.2448979591836734,6.0,0.0,1,0.008771921569070251,0,0,0,0,0,0,0,0,1,0,0,0,0,0
2026-06-10,TU,-0.008928520490927738,-0.0017543758342330128,0.009716277760258308,0.34,0.2779194133981291,0.0,1.0,0.0,0,0.0,0,0,0,0,0,0,0,0,0,0,1,0,0,0
2026-06-10,WHA,0.004016060411629274,6.621058020717108e-05,0.012807575486245287,0.92,0.2667685974671863,0.0204081632653061,3.0,0.0,0,-0.007999992370605447,1,0,0,0,0,0,0,0,0,0,0,0,0,0
2026-06-11,ADVANC,0.01412429378531077,-0.0005084916513353078,0.010917406309535638,0.9,0.8340338761433772,0.5306122448979591,5.0,0.0,1,0.01949860724233976,1,0,0,0,0,0,0,0,0,0,0,0,0,0
2026-06-11,AOT,-0.013274336283185861,-0.009570563198835157,0.00570337735864181,0.06,0.5714144407022494,0.3877551020408163,2.0,0.0,1,0.04035874439461873,0,0,0,0,0,0,1,0,0,0,0,0,0,0
2026-06-11,AWC,0.0,0.009015574062810772,0.03176857703665347,0.54,0.26474316484215,0.0,0.0,0.0,1,0.0336134117055904,0,0,0,0,0,0,0,1,0,0,0,0,0,0
2026-06-11,BANPU,0.0,-0.008865915055364427,0.0125721877833007,0.54,0.5168610876183813,0.3469387755102041,0.0,0.0,0,0.0,0,0,0,0,0,0,1,0,0,0,0,0,0,0
2026-06-11,BBL,-0.00295857988165682,-0.006925779687775813,0.010822919202288166,0.38,0.8021884428957072,0.4897959183673469,3.0,0.0,1,0.023738872403560762,0,0,0,0,0,0,0,0,1,0,0,0,0,0
2026-06-11,BDMS,-0.005555576748318192,-0.003291108281582633,0.008311508353663169,0.3,0.6121736045413307,0.4081632653061224,4.0,0.0,1,0.005586613608986157,0,0,0,0,0,0,1,0,0,0,0,0,0,0
2026-06-11,BEM,-0.009523845854259694,5.565620959511186e-05,0.011834064732270676,0.18,0.3153698175379232,0.0204081632653061,0.0,0.0,1,0.04807692484037407,0,0,0,0,0,0,0,0,0,1,0,0,0,0
2026-06-11,BH,-0.0028409090909090606,-0.0014201746145817262,0.02664375128605303,0.4,0.5733025950300475,0.4693877551020408,1.0,0.0,1,0.014245014245014342,0,0,0,0,0,0,1,0,0,0,0,0,0,0
2026-06-11,BJC,0.0,-0.004245475638019802,0.006310179197914852,0.54,0.3859487784668349,0.1020408163265306,0.0,0.0,1,0.014388544491240829,0,0,0,0,0,0,0,0,0,1,0,0,0,0
2026-06-11,BTS,0.0,-0.0038263705595031005,0.01111662020037579,0.54,0.3820598396963626,0.0816326530612244,6.0,0.0,0,0.0,0,0,0,0,0,0,0,0,0,1,0,0,0,0
2026-06-11,CBG,-0.012578616352201255,-0.013405244086624246,0.010758723970978417,0.1,0.4037334379706352,0.1428571428571428,0.0,0.0,1,0.019108280254777066,0,0,0,0,0,0,0,0,0,1,0,0,0,0
2026-06-11,CCET,0.05113634085359697,-0.016362059142721465,0.051419673324902174,1.0,0.2944691120222417,0.0408163265306122,8.0,0.0,1,0.03783787907780822,0,0,0,0,0,0,0,0,0,0,0,1,0,0
2026-06-11,CENTEL,-0.014925373134328401,-0.001316742507381874,0.02206752393330347,0.04,0.2958173008031775,0.0,0.0,0.0,1,0.030303030303030276,0,0,0,0,0,0,0,0,0,0,0,0,1,0
2026-06-11,COM7,0.00952380952380949,0.0022425532238615764,0.029304873524538953,0.82,0.5390811125917591,0.3469387755102041,1.0,0.0,1,0.009433962264151052,0,0,0,0,0,0,1,0,0,0,0,0,0,0
2026-06-11,CPALL,-0.011049723756906049,-0.005476622346057591,0.006742072934366449,0.12,0.4825031688955927,0.183673469387755,4.0,0.0,1,0.016759776536312776,0,0,0,0,0,0,0,0,0,1,0,0,0,0
2026-06-11,CPF,-0.010581950244841987,-0.002076626040789731,0.011025875164561093,0.14,0.7091921123853364,0.4897959183673469,2.0,0.0,1,0.021390353059397293,0,0,0,0,0,0,1,0,0,0,0,0,0,0
2026-06-11,CPN,-0.0078125,-0.00310388522611964,0.006378675309440282,0.24,0.2998494178860543,0.0204081632653061,1.0,0.0,1,0.03149606299212593,0,0,0,0,0,0,0,0,0,0,0,1,0,0
2026-06-11,CRC,-0.009478708972683103,-0.0037510110766488134,0.009129084343341065,0.2,0.1885120701342117,0.1224489795918367,0.0,0.0,1,0.0143541220040595,0,0,0,0,0,0,0,0,0,1,0,0,0,0
2026-06-11,DELTA,0.017045454545454586,0.0019814770187390972,0.046959765772645184,0.92,0.7549857549857552,0.5102040816326531,13.0,0.0,1,0.013966480446927276,0,0,0,0,0,0,0,0,0,0,0,1,0,0
2026-06-11,EGCO,0.004366812227074135,-0.0034150061907799014,0.008244190753254207,0.66,0.2641362307564376,0.0,0.0,0.0,1,0.008695652173912993,0,0,0,0,0,0,0,0,0,0,0,0,0,1
2026-06-11,GPSC,-0.006329113924050667,-0.009811250286060913,0.014015923313388417,0.26,0.3084218345695337,0.0408163265306122,1.0,0.0,1,0.04458598726114649,0,0,0,0,0,0,1,0,0,0,0,0,0,0
2026-06-11,GULF,-0.003968253968253954,-0.013678354356426215,0.013783944864981358,0.36,0.824860649548974,0.5306122448979591,8.0,0.0,1,0.019920318725099584,1,0,0,0,0,0,0,0,0,0,0,0,0,0
2026-06-11,HMPRO,0.0,4.155412821877924e-05,0.010164408677194946,0.54,0.3412017927251844,0.0816326530612244,0.0,0.0,0,0.0,0,0,0,0,0,0,0,0,0,1,0,0,0,0
2026-06-11,IVL,0.035714337412192876,-0.0032231753584380796,0.02195445039894612,0.96,0.6190346064901138,0.4489795918367346,1.0,0.0,0,-0.025862084557694898,0,0,0,0,0,0,1,0,0,0,0,0,0,0
2026-06-11,KBANK,-0.002525252525252486,-0.0054552903040301585,0.007585532202761025,0.42,0.8492309488143115,0.5510204081632653,5.0,0.0,1,0.02784810126582271,0,0,0,0,0,0,0,0,1,0,0,0,0,0
2026-06-11,KKP,0.005780346820809301,-0.006667690130084747,0.014862589650181725,0.68,0.6442502814112808,0.4081632653061224,4.0,0.0,1,0.014367816091954033,0,0,0,0,0,0,0,0,1,0,0,0,0,0
2026-06-11,KTB,0.007246376811594235,-0.004234757915361409,0.00816728767578622,0.72,0.750245974679521,0.3673469387755101,5.0,0.0,1,0.014388489208633004,0,0,0,0,0,0,0,0,1,0,0,0,0,0
2026-06-11,KTC,0.008403361344537785,6.865041098405022e-05,0.013101145949366715,0.76,0.3257950366470686,0.0408163265306122,2.0,0.0,1,0.008333333333333304,1,0,0,0,0,0,0,0,0,0,0,0,0,0
2026-06-11,LH,0.0,-0.0032967795829645487,0.0030096099560360605,0.54,0.2735033172691258,0.0,0.0,0.0,1,0.011111167036458314,0,1,0,0,0,0,0,0,0,0,0,0,0,0
2026-06-11,MINT,-0.004545471884987551,-0.002522210941076941,0.022125966562127918,0.32,0.4943019943019943,0.2040816326530612,3.0,0.0,1,0.013698682631726689,1,0,0,0,0,0,0,0,0,0,0,0,0,0
2026-06-11,MTC,0.0,-0.010595572002105568,0.019905859606149594,0.54,0.2887361173649064,0.0,0.0,0.0,1,0.03703703703703698,0,0,1,0,0,0,0,0,0,0,0,0,0,0
2026-06-11,OR,-0.016528988151582213,-0.008105575740387483,0.01514236108674704,0.02,0.6153782616814699,0.2857142857142857,6.0,0.0,1,0.016806787340397866,0,0,0,0,0,0,0,0,0,0,0,1,0,0
2026-06-11,OSP,-0.013071882795547274,-0.0025551756934967472,0.013481438750367033,0.08,0.338970421015203,0.0612244897959183,0.0,0.0,1,0.013245020146527287,0,0,0,0,0,0,0,0,0,1,0,0,0,0
2026-06-11,PTT,0.006896551724137945,-0.001351096886558123,0.005736402243869975,0.7,0.7728921116235123,0.4285714285714285,5.0,0.0,0,-0.013698630136986356,0,0,0,0,0,0,1,0,0,0,0,0,0,0
2026-06-11,PTTEP,0.010489510489510412,0.0007750690431115537,0.014277579317591283,0.86,0.6813255353395934,0.4489795918367346,1.0,0.0,0,-0.01384083044982698,0,0,0,0,0,0,1,0,0,0,0,0,0,0
2026-06-11,PTTGC,0.03731343283582089,0.00020542668164194033,0.022795964464565856,0.98,0.6382595769495901,0.4693877551020408,4.0,0.0,0,-0.021582733812949617,0,0,0,0,0,0,1,0,0,0,0,0,0,0
2026-06-11,RATCH,0.008474576271186418,-0.004930886400932288,0.009503398652226405,0.78,0.2677087625191304,0.0,0.0,0.0,1,0.008403361344537785,0,0,0,1,0,0,0,0,0,0,0,0,0,0
2026-06-11,SAWAD,-0.009950286524563201,-0.013416892262534886,0.014817363449614138,0.16,0.3498375384972611,0.0816326530612244,0.0,0.0,1,0.02512562862234513,0,0,0,0,0,0,0,0,0,1,0,0,0,0
2026-06-11,SCB,0.0,-0.004984650267051483,0.008621367192383616,0.54,0.7988495394135452,0.4693877551020408,15.0,0.0,1,0.018181818181818077,0,0,0,0,0,0,0,0,1,0,0,0,0,0
2026-06-11,SCC,0.01716738197424883,0.00965842155784804,0.016580040719777964,0.94,0.6673911126530135,0.4489795918367346,2.0,0.0,0,0.0,0,0,0,0,0,0,1,0,0,0,0,0,0,0
2026-06-11,SCGP,0.010000000000000009,0.0001728715858011043,0.02083510870647572,0.84,0.5128534376254641,0.3469387755102041,1.0,0.0,0,-0.017821812393641667,0,0,0,0,0,0,1,0,0,0,0,0,0,0
2026-06-11,TCAP,0.008368200836819994,-0.0032477925918494854,0.00986054177712571,0.74,0.3602260403234661,0.1020408163265306,0.0,0.0,1,0.008298755186721962,0,0,0,0,0,0,0,0,1,0,0,0,0,0
2026-06-11,TIDLOR,-0.006024119227211244,-0.011497487056699108,0.022409881989939723,0.28,0.2781370028253271,0.0,1.0,0.0,1,0.04848480224609375,0,0,0,0,1,0,0,0,0,0,0,0,0,0
2026-06-11,TISCO,-0.004385964912280715,0.0009082440614811338,0.007884926146728782,0.34,0.6406867342025374,0.4081632653061224,1.0,0.0,1,0.008810572687224738,0,0,0,0,0,0,0,0,1,0,0,0,0,0
2026-06-11,TLI,0.0,0.007339460297311895,0.016411532142950214,0.54,0.299872962494744,0.0,0.0,0.0,0,0.0,0,0,0,0,0,1,0,0,0,0,0,0,0,0
2026-06-11,TOP,0.011111111111111072,-0.004281953763019675,0.011858482463713885,0.88,0.7386039040525615,0.5102040816326531,3.0,0.0,0,-0.02197802197802201,0,0,0,0,0,0,1,0,0,0,0,0,0,0
2026-06-11,TRUE,0.0,-0.001438840727191093,0.0032173456747945136,0.54,0.7259234069997916,0.5510204081632653,8.0,0.0,1,0.014492739601511984,1,0,0,0,0,0,0,0,0,0,0,0,0,0
2026-06-11,TTB,0.008771921569070251,0.0017998877927880574,0.011384918072159848,0.8,0.389142793520201,0.2448979591836734,6.0,0.0,1,0.026086932184114398,0,0,0,0,0,0,0,0,1,0,0,0,0,0
2026-06-11,TU,0.0,-0.003540096962317341,0.00791567994081136,0.54,0.2779194133981291,0.0,0.0,0.0,1,0.027026957364917115,0,0,0,0,0,0,0,0,0,0,1,0,0,0
2026-06-11,WHA,-0.007999992370605447,-0.0015337878939139181,0.013307847590428575,0.22,0.2667685974671863,0.0204081632653061,2.0,0.0,1,0.004032254188043316,1,0,0,0,0,0,0,0,0,0,0,0,0,0
2026-06-12,ADVANC,0.01949860724233976,0.0028356742415770906,0.014233115030571595,0.68,0.8340338761433772,0.5306122448979591,6.0,0.0,0,-0.016393442622950838,1,0,0,0,0,0,0,0,0,0,0,0,0,0
2026-06-12,AOT,0.04035874439461873,0.000210587389490291,0.0231497711201387,0.94,0.5714144407022494,0.3877551020408163,2.0,0.0,1,0.01724137931034475,0,0,0,0,0,0,1,0,0,0,0,0,0,0
2026-06-12,AWC,0.0336134117055904,0.0034575452933196748,0.020875012220367806,0.88,0.26474316484215,0.0,0.0,0.0,1,0.04878044052774633,0,0,0,0,0,0,0,1,0,0,0,0,0,0
2026-06-12,BANPU,0.0,-0.005357146354354225,0.011978943413751223,0.18,0.5168610876183813,0.3469387755102041,0.0,0.0,0,-0.018348606996750005,0,0,0,0,0,0,1,0,0,0,0,0,0,0
2026-06-12,BBL,0.023738872403560762,-0.0021780052070636603,0.017664866056933664,0.74,0.8021884428957072,0.4897959183673469,3.0,0.0,0,0.0,0,0,0,0,0,0,0,0,1,0,0,0,0,0
2026-06-12,BDMS,0.005586613608986157,-0.004371575089531743,0.006028714424112955,0.26,0.6121736045413307,0.4081632653061224,4.0,0.0,1,0.011111153496636383,0,0,0,0,0,0,1,0,0,0,0,0,0,0
2026-06-12,BEM,0.04807692484037407,0.009671041177669926,0.02451500232115359,0.98,0.3153698175379232,0.0204081632653061,1.0,0.0,1,0.04587156123840486,0,0,0,0,0,0,0,0,0,1,0,0,0,0
2026-06-12,BH,0.014245014245014342,-0.00704574803676532,0.01588150606444926,0.48,0.5733025950300475,0.4693877551020408,1.0,0.0,1,0.0393258426966292,0,0,0,0,0,0,1,0,0,0,0,0,0,0
2026-06-12,BJC,0.014388544491240829,-0.0013677667397716364,0.010572015492664783,0.56,0.3859487784668349,0.1020408163265306,0.0,0.0,1,0.007092157807799149,0,0,0,0,0,0,0,0,0,1,0,0,0,0
2026-06-12,BTS,0.0,-0.0019032953998772805,0.010688246095309039,0.18,0.3820598396963626,0.0816326530612244,6.0,0.0,1,0.00980391240220757,0,0,0,0,0,0,0,0,0,1,0,0,0,0
2026-06-12,CBG,0.019108280254777066,-0.0072026356547164605,0.018203822589347572,0.66,0.4037334379706352,0.1428571428571428,0.0,0.0,1,0.018750000000000044,0,0,0,0,0,0,0,0,0,1,0,0,0,0
2026-06-12,CCET,0.03783787907780822,0.006057001260425165,0.04372819464227062,0.92,0.2944691120222417,0.0408163265306122,8.0,0.0,1,0.02604166563186383,0,0,0,0,0,0,0,0,0,0,0,1,0,0
2026-06-12,CENTEL,0.030303030303030276,-0.0027749334392570325,0.018861575799576244,0.84,0.2958173008031775,0.0,0.0,0.0,1,0.05882352941176472,0,0,0,0,0,0,0,0,0,0,0,0,1,0
2026-06-12,COM7,0.009433962264151052,-0.0015849400375939071,0.02607853817194084,0.38,0.5390811125917591,0.3469387755102041,1.0,0.0,0,0.0,0,0,0,0,0,0,1,0,0,0,0,0,0,0
2026-06-12,CPALL,0.016759776536312776,-0.001037710517055901,0.012018300455693293,0.6,0.4825031688955927,0.183673469387755,3.0,0.0,1,0.005494505494505475,0,0,0,0,0,0,0,0,0,1,0,0,0,0
2026-06-12,CPF,0.021390353059397293,0.002201444571089728,0.0153391409810991,0.72,0.7091921123853364,0.4897959183673469,2.0,0.0,0,-0.010471243923821483,0,0,0,0,0,0,1,0,0,0,0,0,0,0
2026-06-12,CPN,0.03149606299212593,0.0024201335738559316,0.017019210675705877,0.86,0.2998494178860543,0.0204081632653061,1.0,0.0,0,0.0,0,0,0,0,0,0,0,0,0,0,0,1,0,0
2026-06-12,CRC,0.0143541220040595,5.876616644397981e-05,0.012121199244218768,0.5,0.1885120701342117,0.1224489795918367,0.0,0.0,1,0.014150906899257576,0,0,0,0,0,0,0,0,0,1,0,0,0,0
2026-06-12,DELTA,0.013966480446927276,0.012078143894641413,0.041751298832515785,0.46,0.7549857549857552,0.5102040816326531,13.0,0.0,0,-0.0055096418732781816,0,0,0,0,0,0,0,0,0,0,0,1,0,0
2026-06-12,EGCO,0.008695652173912993,-0.0016758757559973026,0.009896333034279338,0.34,0.2641362307564376,0.0,0.0,0.0,1,0.01724137931034475,0,0,0,0,0,0,0,0,0,0,0,0,0,1
2026-06-12,GPSC,0.04458598726114649,-0.0021061740459528354,0.028266973020009706,0.96,0.3084218345695337,0.0408163265306122,0.0,0.0,1,0.018292682926829285,0,0,0,0,0,0,1,0,0,0,0,0,0,0
2026-06-12,GULF,0.019920318725099584,-0.008950796187614473,0.020481034952221346,0.7,0.824860649548974,0.5306122448979591,9.0,0.0,1,0.015625,1,0,0,0,0,0,0,0,0,0,0,0,0,0
2026-06-12,HMPRO,0.0,-0.0016251188962766784,0.009091471516705989,0.18,0.3412017927251844,0.0816326530612244,0.0,0.0,0,0.0,0,0,0,0,0,0,0,0,0,1,0,0,0,0
2026-06-12,IVL,-0.025862084557694898,-0.00500576504908985,0.02364435265864013,0.02,0.6190346064901138,0.4489795918367346,1.0,0.0,0,-0.0353982801285756,0,0,0,0,0,0,1,0,0,0,0,0,0,0
2026-06-12,KBANK,0.02784810126582271,0.0020847732988880764,0.01609100158015921,0.82,0.8492309488143115,0.5510204081632653,4.0,0.0,0,-0.0049261083743842304,0,0,0,0,0,0,0,0,1,0,0,0,0,0
2026-06-12,KKP,0.014367816091954033,-0.00379412691169394,0.017609187140062113,0.52,0.6442502814112808,0.4081632653061224,4.0,0.0,1,0.0056657223796034994,0,0,0,0,0,0,0,0,1,0,0,0,0,0
2026-06-12,KTB,0.014388489208633004,5.139063059054205e-05,0.011334750846306044,0.54,0.750245974679521,0.3673469387755101,4.0,0.0,1,0.014184397163120588,0,0,0,0,0,0,0,0,1,0,0,0,0,0
2026-06-12,KTC,0.008333333333333304,-0.0015980162556826106,0.010787516535799745,0.3,0.3257950366470686,0.0408163265306122,2.0,0.0,0,0.0,1,0,0,0,0,0,0,0,0,0,0,0,0,0
2026-06-12,LH,0.011111167036458314,1.834893129399884e-05,0.0067854742477593405,0.4,0.2735033172691258,0.0,0.0,0.0,0,0.0,0,1,0,0,0,0,0,0,0,0,0,0,0,0
2026-06-12,MINT,0.013698682631726689,-0.0060887701943191045,0.01579632439325365,0.44,0.4943019943019943,0.2040816326530612,4.0,0.0,1,0.09009008699399623,1,0,0,0,0,0,0,0,0,0,0,0,0,0
2026-06-12,MTC,0.03703703703703698,-0.006696936524522745,0.027322216344603446,0.9,0.2887361173649064,0.0,0.0,0.0,1,0.044642857142857206,0,0,1,0,0,0,0,0,0,0,0,0,0,0
2026-06-12,OR,0.016806787340397866,-0.006357127700470944,0.017755506221028783,0.62,0.6153782616814699,0.2857142857142857,5.0,0.0,1,0.008264415259734426,0,0,0,0,0,0,0,0,0,0,0,1,0,0
2026-06-12,OSP,0.013245020146527287,-0.0025205482233007226,0.013531740458771773,0.42,0.338970421015203,0.0612244897959183,0.0,0.0,1,0.006535910231946662,0,0,0,0,0,0,0,0,0,1,0,0,0,0
2026-06-12,PTT,-0.013698630136986356,-0.004090822913955394,0.007821938120783741,0.12,0.7728921116235123,0.4285714285714285,5.0,0.0,0,-0.02777777777777779,0,0,0,0,0,0,1,0,0,0,0,0,0,0
2026-06-12,PTTEP,-0.01384083044982698,-0.0026875414912983066,0.015506439056336438,0.1,0.6813255353395934,0.4489795918367346,3.0,0.0,0,-0.0491228070175439,0,0,0,0,0,0,1,0,0,0,0,0,0,0
2026-06-12,PTTGC,-0.021582733812949617,-0.00123342223922136,0.024135109846027774,0.06,0.6382595769495901,0.4693877551020408,2.0,0.0,0,-0.05882352941176472,0,0,0,0,0,0,1,0,0,0,0,0,0,0
2026-06-12,RATCH,0.008403361344537785,-0.0016108698697296475,0.01087752591596444,0.32,0.2677087625191304,0.0,0.0,0.0,1,0.02499999999999991,0,0,0,1,0,0,0,0,0,0,0,0,0,0
2026-06-12,SAWAD,0.02512562862234513,-0.010269708041382586,0.021178279666081337,0.76,0.3498375384972611,0.0816326530612244,1.0,0.0,1,0.0637255474862033,0,0,0,0,0,0,0,0,0,1,0,0,0,0
2026-06-12,SCB,0.018181818181818077,-0.0013482866306878671,0.01362933150132416,0.64,0.7988495394135452,0.4693877551020408,15.0,0.0,0,0.0,0,0,0,0,0,0,0,0,1,0,0,0,0,0
2026-06-12,SCC,0.0,0.0025787755401489145,0.008362586713946098,0.18,0.6673911126530135,0.4489795918367346,2.0,0.0,1,0.016877637130801704,0,0,0,0,0,0,1,0,0,0,0,0,0,0
2026-06-12,SCGP,-0.017821812393641667,-0.009332084952333175,0.013568971469023007,0.08,0.5128534376254641,0.3469387755102041,1.0,0.0,1,0.00806454714081517,0,0,0,0,0,0,1,0,0,0,0,0,0,0
2026-06-12,TCAP,0.008298755186721962,-0.0007717150238928383,0.011078061792301789,0.28,0.3602260403234661,0.1020408163265306,0.0,0.0,1,0.004115226337448652,0,0,0,0,0,0,0,0,1,0,0,0,0,0
2026-06-12,TIDLOR,0.04848480224609375,-0.006371950819254924,0.032768474048369835,1.0,0.2781370028253271,0.0,1.0,0.0,1,0.04046247363062827,0,0,0,0,1,0,0,0,0,0,0,0,0,0
2026-06-12,TISCO,0.008810572687224738,0.0009004470945012999,0.007875123421621073,0.36,0.6406867342025374,0.4081632653061224,1.0,0.0,1,0.004366812227074135,0,0,0,0,0,0,0,0,1,0,0,0,0,0
2026-06-12,TLI,0.0,0.007339460297311895,0.01641153214295021,0.18,0.299872962494744,0.0,0.0,0.0,0,-0.017699097866309854,0,0,0,0,0,1,0,0,0,0,0,0,0,0
2026-06-12,TOP,-0.02197802197802201,-0.007602289341419777,0.01431192181097482,0.04,0.7386039040525615,0.5102040816326531,2.0,0.0,0,-0.011235955056179803,0,0,0,0,0,0,1,0,0,0,0,0,0,0
2026-06-12,TRUE,0.014492739601511984,0.002898547920302397,0.006481350185836802,0.58,0.7259234069997916,0.5510204081632653,9.0,0.0,0,-0.00714288439069477,1,0,0,0,0,0,0,0,0,0,0,0,0,0
2026-06-12,TTB,0.026086932184114398,0.003508505601982792,0.014541810060129017,0.78,0.389142793520201,0.2448979591836734,6.0,0.0,0,0.0,0,0,0,0,0,0,0,0,1,0,0,0,0,0
2026-06-12,TU,0.027026957364917115,9.539316363067485e-05,0.015535367262196136,0.8,0.2779194133981291,0.0,0.0,0.0,0,0.0,0,0,0,0,0,0,0,0,0,0,1,0,0,0
2026-06-12,WHA,0.004032254188043316,-0.002727344685699795,0.012239526361351734,0.24,0.2667685974671863,0.0204081632653061,2.0,0.0,0,0.0,1,0,0,0,0,0,0,0,0,0,0,0,0,0
2026-06-15,ADVANC,-0.016393442622950838,0.0012190355784827745,0.01614609840400413,0.14,0.8340338761433772,0.5306122448979591,6.0,0.0,0,-0.005555555555555536,1,0,0,0,0,0,0,0,0,0,0,0,0,0
2026-06-15,AOT,0.01724137931034475,0.006245070148110976,0.022797578538394432,0.75,0.5714144407022494,0.3877551020408163,2.0,0.0,1,0.016949152542372836,0,0,0,0,0,0,1,0,0,0,0,0,0,0
2026-06-15,AWC,0.04878044052774633,0.011560742465316376,0.029350527991236584,0.94,0.26474316484215,0.0,0.0,0.0,1,0.023255884873024435,0,0,0,0,0,0,0,1,0,0,0,0,0,0
2026-06-15,BANPU,-0.018348606996750005,-0.003669721399350001,0.008205746507432256,0.1,0.5168610876183813,0.3469387755102041,1.0,0.0,0,0.0,0,0,0,0,0,0,1,0,0,0,0,0,0,0
2026-06-15,BBL,0.0,0.0029795879161454986,0.011858537149276139,0.35,0.8021884428957072,0.4897959183673469,4.0,0.0,1,0.017391304347825987,0,0,0,0,0,0,0,0,1,0,0,0,0,0
2026-06-15,BDMS,0.011111153496636383,2.4556259112995525e-05,0.007846074661829912,0.64,0.6121736045413307,0.4081632653061224,5.0,0.0,1,0.0054944214246803735,0,0,0,0,0,0,1,0,0,0,0,0,0,0
2026-06-15,BEM,0.04587156123840486,0.020768419415031047,0.026108886791495544,0.92,0.3153698175379232,0.0204081632653061,1.0,0.0,1,0.017543927160695638,0,0,0,0,0,0,0,0,0,1,0,0,0,0
2026-06-15,BH,0.0393258426966292,0.006781480123156736,0.020524542832886947,0.86,0.5733025950300475,0.4693877551020408,2.0,0.0,0,-0.002702702702702675,0,0,0,0,0,0,1,0,0,0,0,0,0,0
2026-06-15,BJC,0.007092157807799149,0.0028675635816690415,0.008173663619996259,0.56,0.3859487784668349,0.1020408163265306,0.0,0.0,1,0.01408449379940424,0,0,0,0,0,0,0,0,0,1,0,0,0,0
2026-06-15,BTS,0.00980391240220757,0.003940978630477154,0.005396516361880384,0.62,0.3820598396963626,0.0816326530612244,6.0,0.0,1,0.009708728874782357,0,0,0,0,0,0,0,0,0,1,0,0,0,0
2026-06-15,CBG,0.018750000000000044,0.0025714607308257253,0.015781028533671988,0.8,0.4037334379706352,0.1428571428571428,0.0,0.0,0,-0.012269938650306789,0,0,0,0,0,0,0,0,0,1,0,0,0,0
2026-06-15,CCET,0.02604166563186383,0.018751973257174325,0.036574575022617496,0.84,0.2944691120222417,0.0408163265306122,6.0,0.0,0,-0.07614212903087136,0,0,0,0,0,0,0,0,0,0,0,1,0,0
2026-06-15,CENTEL,0.05882352941176472,0.010439047805414759,0.032879957742812875,0.96,0.2958173008031775,0.0,0.0,0.0,0,0.0,0,0,0,0,0,0,0,0,0,0,0,0,1,0
2026-06-15,COM7,0.0,0.005822467369813511,0.01726030882914447,0.35,0.5390811125917591,0.3469387755102041,1.0,0.0,1,0.01869158878504673,0,0,0,0,0,0,1,0,0,0,0,0,0,0
2026-06-15,CPALL,0.005494505494505475,0.0022469829315719726,0.01082410646671911,0.5,0.4825031688955927,0.183673469387755,3.0,0.0,1,0.010928961748633892,0,0,0,0,0,0,0,0,0,1,0,0,0,0
2026-06-15,CPF,-0.010471243923821483,0.003281790951569952,0.013867530454566585,0.18,0.7091921123853364,0.4897959183673469,3.0,0.0,1,0.01058205116276123,0,0,0,0,0,0,1,0,0,0,0,0,0,0
2026-06-15,CPN,0.0,0.003964535118257473,0.01619940017326673,0.35,0.2998494178860543,0.0204081632653061,0.0,0.0,0,0.0,0,0,0,0,0,0,0,0,0,0,0,1,0,0
2026-06-15,CRC,0.014150906899257576,0.005719146920001394,0.010297638054662194,0.66,0.1885120701342117,0.1224489795918367,0.0,0.0,1,0.023255813953488413,0,0,0,0,0,0,0,0,0,1,0,0,0,0
2026-06-15,DELTA,-0.0055096418732781816,0.013891667415029518,0.040481659916625876,0.22,0.7549857549857552,0.5102040816326531,12.0,0.0,0,-0.024930747922437657,0,0,0,0,0,0,0,0,0,0,0,1,0,0
2026-06-15,EGCO,0.01724137931034475,0.005191203524875077,0.008308266933880199,0.75,0.2641362307564376,0.0,0.0,0.0,1,0.004237288135593209,0,0,0,0,0,0,0,0,0,0,0,0,0,1
2026-06-15,GPSC,0.018292682926829285,0.0063716396478467495,0.026311900320338266,0.78,0.3084218345695337,0.0408163265306122,0.0,0.0,1,0.011976047904191711,0,0,0,0,0,0,1,0,0,0,0,0,0,0
2026-06-15,GULF,0.015625,0.0016368903795497048,0.015140394952336034,0.7,0.824860649548974,0.5306122448979591,11.0,0.0,0,-0.011538461538461497,1,0,0,0,0,0,0,0,0,0,0,0,0,0
2026-06-15,HMPRO,0.0,0.0016806787340397644,0.0037581118976512027,0.35,0.3412017927251844,0.0816326530612244,0.0,0.0,0,0.0,0,0,0,0,0,0,0,0,0,1,0,0,0,0
2026-06-15,IVL,-0.0353982801285756,-0.00949920439770544,0.027368599556834756,0.06,0.6190346064901138,0.4489795918367346,2.0,0.0,1,0.009174347244904846,0,0,0,0,0,0,1,0,0,0,0,0,0,0
2026-06-15,KBANK,-0.0049261083743842304,0.002094576499633116,0.01608563919715324,0.24,0.8492309488143115,0.5510204081632653,5.0,0.0,1,0.01980198019801982,0,0,0,0,0,0,0,0,1,0,0,0,0,0
2026-06-15,KKP,0.0056657223796034994,0.0034501286753378714,0.009370864120203526,0.52,0.6442502814112808,0.4081632653061224,3.0,0.0,1,0.04225352112676051,0,0,0,0,0,0,0,0,1,0,0,0,0,0
2026-06-15,KTB,0.014184397163120588,0.004306709779526718,0.011959082411617195,0.68,0.750245974679521,0.3673469387755101,5.0,0.0,1,0.006993006993007089,0,0,0,0,0,0,0,0,1,0,0,0,0,0
2026-06-15,KTC,0.0,0.001680672268907557,0.006988956903544073,0.35,0.3257950366470686,0.0408163265306122,3.0,0.0,1,0.016528925619834656,1,0,0,0,0,0,0,0,0,0,0,0,0,0
2026-06-15,LH,0.0,0.0011172620504527942,0.006077431672816778,0.35,0.2735033172691258,0.0,1.0,0.0,0,-0.0054945655957939765,0,1,0,0,0,0,0,0,0,0,0,0,0,0
2026-06-15,MINT,0.09009008699399623,0.018042774429383623,0.04104143004495748,1.0,0.4943019943019943,0.2040816326530612,4.0,0.0,0,0.0,1,0,0,0,0,0,0,0,0,0,0,0,0,0
2026-06-15,MTC,0.044642857142857206,0.009128186628186619,0.029989847924683132,0.9,0.2887361173649064,0.0,0.0,0.0,1,0.008547008547008517,0,0,1,0,0,0,0,0,0,0,0,0,0,0
2026-06-15,OR,0.008264415259734426,-0.00150424770028188,0.01777698378386907,0.6,0.6153782616814699,0.2857142857142857,6.0,0.0,1,0.00819675270763387,0,0,0,0,0,0,0,0,0,0,0,1,0,0
2026-06-15,OSP,0.006535910231946662,0.0026576040261190982,0.009962321328978268,0.54,0.338970421015203,0.0612244897959183,0.0,0.0,1,0.01298706285023532,0,0,0,0,0,0,0,0,0,1,0,0,0,0
2026-06-15,PTT,-0.02777777777777779,-0.008285834251823877,0.01332720621744544,0.08,0.7728921116235123,0.4285714285714285,8.0,0.0,1,0.0071428571428571175,0,0,0,0,0,0,1,0,0,0,0,0,0,0
2026-06-15,PTTEP,-0.0491228070175439,-0.015972310507263842,0.021424657183469514,0.04,0.6813255353395934,0.4489795918367346,4.0,0.0,0,0.0,0,0,0,0,0,0,1,0,0,0,0,0,0,0
2026-06-15,PTTGC,-0.05882352941176472,-0.012998128121574304,0.03518903131784385,0.02,0.6382595769495901,0.4693877551020408,3.0,0.0,1,0.015625,0,0,0,0,0,0,1,0,0,0,0,0,0,0
2026-06-15,RATCH,0.02499999999999991,0.006694915254237266,0.012388926057600806,0.82,0.2677087625191304,0.0,0.0,0.0,0,0.0,0,0,0,1,0,0,0,0,0,0,0,0,0,0
2026-06-15,SAWAD,0.0637255474862033,0.005266092033165482,0.03888766052099915,0.98,0.3498375384972611,0.0816326530612244,1.0,0.0,1,0.004608224451857046,0,0,0,0,0,0,0,0,0,1,0,0,0,0
2026-06-15,SCB,0.0,0.0014885928019362504,0.011617308502331567,0.35,0.7988495394135452,0.4693877551020408,15.0,0.0,1,0.017857142857142794,0,0,0,0,0,0,0,0,1,0,0,0,0,0
2026-06-15,SCC,0.016877637130801704,0.005954302966309255,0.010253875592567954,0.72,0.6673911126530135,0.4489795918367346,4.0,0.0,1,0.012448132780082943,0,0,0,0,0,0,1,0,0,0,0,0,0,0
2026-06-15,SCGP,0.00806454714081517,-0.0038730216780162863,0.014072312758426254,0.58,0.5128534376254641,0.3469387755102041,1.0,0.0,1,0.010000000000000009,0,0,0,0,0,0,1,0,0,0,0,0,0,0
2026-06-15,TCAP,0.004115226337448652,0.0033300187681870597,0.006830383123968888,0.46,0.3602260403234661,0.1020408163265306,0.0,0.0,1,0.020491803278688492,0,0,0,0,0,0,0,0,1,0,0,0,0,0
2026-06-15,TIDLOR,0.04046247363062827,0.007307136204698428,0.035665426498344616,0.88,0.2781370028253271,0.0,2.0,0.0,0,0.0,0,0,0,0,1,0,0,0,0,0,0,0,0,0
2026-06-15,TISCO,0.004366812227074135,0.003528195504828413,0.005744688395619797,0.48,0.6406867342025374,0.4081632653061224,2.0,0.0,1,0.008695652173912993,0,0,0,0,0,0,0,0,1,0,0,0,0,0
2026-06-15,TLI,-0.017699097866309854,0.003799640724049924,0.019923376053755052,0.12,0.299872962494744,0.0,0.0,0.0,1,0.00900895714943828,0,0,0,0,0,1,0,0,0,0,0,0,0,0
2026-06-15,TOP,-0.011235955056179803,-0.008768399271574667,0.01432569884286716,0.16,0.7386039040525615,0.5102040816326531,3.0,0.0,0,-0.005681818181818232,0,0,0,0,0,0,1,0,0,0,0,0,0,0
2026-06-15,TRUE,-0.00714288439069477,0.0014699710421634427,0.00790974437406275,0.2,0.7259234069997916,0.5510204081632653,9.0,0.0,0,0.0,1,0,0,0,0,0,0,0,0,0,0,0,0,0
2026-06-15,TTB,0.0,0.005232641938362636,0.013192669898081764,0.35,0.389142793520201,0.2448979591836734,6.0,0.0,1,0.016949238156632296,0,0,0,0,0,0,0,0,1,0,0,0,0,0
2026-06-15,TU,0.0,0.001849769148571312,0.014759589562680574,0.35,0.2779194133981291,0.0,0.0,0.0,0,-0.008771879924703185,0,0,0,0,0,0,0,0,0,0,1,0,0,0
2026-06-15,WHA,0.0,0.0016290960810241063,0.006096759248128914,0.35,0.2667685974671863,0.0204081632653061,2.0,0.0,1,0.0240963624697752,1,0,0,0,0,0,0,0,0,0,0,0,0,0
2026-06-16,ADVANC,-0.005555555555555536,-0.00045073475050543265,0.016372706700531335,0.14,0.8340338761433772,0.5306122448979591,5.0,0.0,0,0.0,1,0,0,0,0,0,0,0,0,0,0,0,0,0
2026-06-16,AOT,0.016949152542372836,0.012254987992830091,0.020240130507083152,0.78,0.5714144407022494,0.3877551020408163,2.0,0.0,0,-0.004166666666666652,0,0,0,0,0,0,1,0,0,0,0,0,0,0
2026-06-16,AWC,0.023255884873024435,0.016211919439921264,0.0288997072943619,0.96,0.26474316484215,0.0,0.0,0.0,0,-0.015151590409901994,0,0,0,0,0,0,0,1,0,0,0,0,0,0
2026-06-16,BANPU,0.0,-0.003669721399350001,0.008205746507432254,0.28,0.5168610876183813,0.3469387755102041,1.0,0.0,1,0.00934583021049562,0,0,0,0,0,0,1,0,0,0,0,0,0,0
2026-06-16,BBL,0.017391304347825987,0.006457848785710696,0.013236575711418303,0.82,0.8021884428957072,0.4897959183673469,4.0,0.0,0,-0.008547008547008517,0,0,0,0,0,0,0,0,1,0,0,0,0,0
2026-06-16,BDMS,0.0054944214246803735,0.002222345788859359,0.007442299876117575,0.42,0.6121736045413307,0.4081632653061224,4.0,0.0,1,0.016393505842428047,0,0,0,0,0,0,1,0,0,0,0,0,0,0
2026-06-16,BEM,0.017543927160695638,0.020393713477042975,0.02614653947328679,0.84,0.3153698175379232,0.0204081632653061,1.0,0.0,1,0.017241362300696395,0,0,0,0,0,0,0,0,0,1,0,0,0,0
2026-06-16,BH,-0.002702702702702675,0.0073582580183704,0.02012675198400516,0.18,0.5733025950300475,0.4693877551020408,2.0,0.0,1,0.0027100271002709064,0,0,0,0,0,0,1,0,0,0,0,0,0,0
2026-06-16,BJC,0.01408449379940424,0.007113039219688843,0.0071190808014174375,0.72,0.3859487784668349,0.1020408163265306,0.0,0.0,1,0.00694447111936336,0,0,0,0,0,0,0,0,0,1,0,0,0,0
2026-06-16,BTS,0.009708728874782357,0.005882724405433626,0.005370598253876596,0.58,0.3820598396963626,0.0816326530612244,4.0,0.0,1,0.028846242018708557,0,0,0,0,0,0,0,0,0,1,0,0,0,0
2026-06-16,CBG,-0.012269938650306789,0.00011747300076436762,0.01717343801285812,0.06,0.4037334379706352,0.1428571428571428,0.0,0.0,1,0.024844720496894457,0,0,0,0,0,0,0,0,0,1,0,0,0,0
2026-06-16,CCET,-0.07614212903087136,-0.0009208927548918888,0.055696808784164845,0.02,0.2944691120222417,0.0408163265306122,4.0,0.0,1,0.0329669477455663,0,0,0,0,0,0,0,0,0,0,0,1,0,0
2026-06-16,CENTEL,0.0,0.013358755834611834,0.03067505467989213,0.28,0.2958173008031775,0.0,0.0,0.0,0,0.0,0,0,0,0,0,0,0,0,0,0,0,0,1,0
2026-06-16,COM7,0.01869158878504673,0.0037915543575921086,0.014200124578968677,0.88,0.5390811125917591,0.3469387755102041,1.0,0.0,0,0.0,0,0,0,0,0,0,1,0,0,0,0,0,0,0
2026-06-16,CPALL,0.010928961748633892,0.0033278029056081236,0.011482993184701553,0.64,0.4825031688955927,0.183673469387755,3.0,0.0,1,0.00540540540540535,0,0,0,0,0,0,0,0,0,1,0,0,0,0
2026-06-16,CPF,0.01058205116276123,0.0032476758992940223,0.013844748110224384,0.62,0.7091921123853364,0.4897959183673469,3.0,0.0,0,-0.010471243923821483,0,0,0,0,0,0,1,0,0,0,0,0,0,0
2026-06-16,CPN,0.0,0.003186325001525958,0.016296980914364875,0.28,0.2998494178860543,0.0204081632653061,0.0,0.0,0,-0.003816793893129722,0,0,0,0,0,0,0,0,0,0,0,1,0,0
2026-06-16,CRC,0.023255813953488413,0.008456426776824478,0.013032766608130448,0.94,0.1885120701342117,0.1224489795918367,0.0,0.0,1,0.05909087441184302,0,0,0,0,0,0,0,0,0,1,0,0,0,0
2026-06-16,DELTA,-0.024930747922437657,-0.0064790975540733875,0.022441257648318808,0.04,0.7549857549857552,0.5102040816326531,13.0,0.0,0,-0.014204545454545414,0,0,0,0,0,0,0,0,0,0,0,1,0,0
2026-06-16,EGCO,0.004237288135593209,0.006038661151993719,0.007849834969011352,0.38,0.2641362307564376,0.0,0.0,0.0,1,0.03375527426160341,0,0,0,0,0,0,0,0,0,0,0,0,0,1
2026-06-16,GPSC,0.011976047904191711,0.008766849228685092,0.026131354965303385,0.66,0.3084218345695337,0.0408163265306122,0.0,0.0,1,0.029585798816567976,0,0,0,0,0,0,1,0,0,0,0,0,0,0
2026-06-16,GULF,-0.011538461538461497,0.0016547794672062467,0.015120843944812602,0.08,0.824860649548974,0.5306122448979591,9.0,0.0,0,0.0,1,0,0,0,0,0,0,0,0,0,0,0,0,0
2026-06-16,HMPRO,0.0,0.0016806787340397644,0.0037581118976512027,0.28,0.3412017927251844,0.0816326530612244,0.0,0.0,1,0.050000031789143806,0,0,0,0,0,0,0,0,0,1,0,0,0,0
2026-06-16,IVL,0.009174347244904846,-0.005044254232061118,0.02842824720806937,0.56,0.6190346064901138,0.4489795918367346,2.0,0.0,1,0.009090943769975102,0,0,0,0,0,0,1,0,0,0,0,0,0,0
2026-06-16,KBANK,0.01980198019801982,0.009054972539237083,0.014266071537209605,0.9,0.8492309488143115,0.5510204081632653,4.0,0.0,0,-0.004854368932038833,0,0,0,0,0,0,0,0,1,0,0,0,0,0
2026-06-16,KKP,0.04225352112676051,0.011327766998111177,0.019661686889696585,1.0,0.6442502814112808,0.4081632653061224,5.0,0.0,0,-0.010810810810810811,0,0,0,0,0,0,0,0,1,0,0,0,0,0
2026-06-16,KTB,0.006993006993007089,0.005705311178128137,0.011736339109200949,0.44,0.750245974679521,0.3673469387755101,3.0,0.0,0,-0.00694444444444442,0,0,0,0,0,0,0,0,1,0,0,0,0,0
2026-06-16,KTC,0.016528925619834656,0.004986457392874488,0.009465555533974525,0.76,0.3257950366470686,0.0408163265306122,3.0,0.0,1,0.04065040650406515,1,0,0,0,0,0,0,0,0,0,0,0,0,0
2026-06-16,LH,-0.0054945655957939765,0.0011233202881328675,0.00606916472115204,0.16,0.2735033172691258,0.0,1.0,0.0,1,0.027624349782459534,0,1,0,0,0,0,0,0,0,0,0,0,0,0
2026-06-16,MINT,0.0,0.01894367873598768,0.04046819408988264,0.28,0.4943019943019943,0.2040816326530612,4.0,0.0,0,0.0,1,0,0,0,0,0,0,0,0,0,0,0,0,0
2026-06-16,MTC,0.008547008547008517,0.014409016909016904,0.026125934588249956,0.5,0.2887361173649064,0.0,0.0,0.0,1,0.025423728813559254,0,0,1,0,0,0,0,0,0,0,0,0,0,0
2026-06-16,OR,0.00819675270763387,-0.0014909040895636938,0.01778604601913792,0.48,0.6153782616814699,0.2857142857142857,6.0,0.0,1,0.008130034654042939,0,0,0,0,0,0,0,0,0,0,0,1,0,0
2026-06-16,OSP,0.01298706285023532,0.003939222086632399,0.01095558361406871,0.7,0.338970421015203,0.0612244897959183,0.0,0.0,1,0.01923071985414171,0,0,0,0,0,0,0,0,0,1,0,0,0,0
2026-06-16,PTT,0.0071428571428571175,-0.005487399809553817,0.015060564866556924,0.46,0.7728921116235123,0.4285714285714285,8.0,0.0,0,0.0,0,0,0,0,0,0,1,0,0,0,0,0,0,0
2026-06-16,PTTEP,0.0,-0.012570949963046151,0.022540308353913165,0.28,0.6813255353395934,0.4489795918367346,4.0,0.0,0,-0.011070110701106972,0,0,0,0,0,0,1,0,0,0,0,0,0,0
2026-06-16,PTTGC,0.015625,-0.005493566077778689,0.03678164815854539,0.74,0.6382595769495901,0.4693877551020408,3.0,0.0,0,-0.007692307692307665,0,0,0,0,0,0,1,0,0,0,0,0,0,0
2026-06-16,RATCH,0.0,0.008375587523144823,0.010206402317586339,0.28,0.2677087625191304,0.0,0.0,0.0,1,0.008130081300812941,0,0,0,1,0,0,0,0,0,0,0,0,0,0
2026-06-16,SAWAD,0.004608224451857046,0.010904717885859028,0.03556009992417709,0.4,0.3498375384972611,0.0816326530612244,1.0,0.0,1,0.04128447510901201,0,0,0,0,0,0,0,0,0,1,0,0,0,0
2026-06-16,SCB,0.017857142857142794,0.007937719215091432,0.009323880195880882,0.86,0.7988495394135452,0.4693877551020408,17.0,0.0,0,-0.0035087719298245723,0,0,0,0,0,0,0,0,1,0,0,0,0,0
2026-06-16,SCC,0.012448132780082943,0.008443929522325843,0.009953551609412905,0.68,0.6673911126530135,0.4489795918367346,4.0,0.0,1,0.012295081967213184,0,0,0,0,0,0,1,0,0,0,0,0,0,0
2026-06-16,SCGP,0.010000000000000009,0.002048546949434704,0.011849801628723568,0.6,0.5128534376254641,0.3469387755102041,1.0,0.0,0,0.0,0,0,0,0,0,0,1,0,0,0,0,0,0,0
2026-06-16,TCAP,0.020491803278688492,0.006595046090591428,0.010333699546621932,0.92,0.3602260403234661,0.1020408163265306,0.0,0.0,0,0.0,0,0,0,0,0,0,0,0,1,0,0,0,0,0
2026-06-16,TIDLOR,0.0,0.014203692464742845,0.02809481794940773,0.28,0.2781370028253271,0.0,2.0,0.0,1,0.06666670905219174,0,0,0,0,1,0,0,0,0,0,0,0,0,0
2026-06-16,TISCO,0.008695652173912993,0.0034974144351862303,0.005709351022392672,0.52,0.6406867342025374,0.4081632653061224,1.0,0.0,0,-0.004310344827586188,0,0,0,0,0,0,0,0,1,0,0,0,0,0
2026-06-16,TLI,0.00900895714943828,-0.001738028143374315,0.009738013979577962,0.54,0.299872962494744,0.0,0.0,0.0,0,-0.017857126131349377,0,0,0,0,0,1,0,0,0,0,0,0,0,0
2026-06-16,TOP,-0.005681818181818232,-0.005556936820981795,0.012355385970333857,0.12,0.7386039040525615,0.5102040816326531,3.0,0.0,1,0.02857142857142847,0,0,0,0,0,0,1,0,0,0,0,0,0,0
2026-06-16,TRUE,0.0,0.0014699710421634427,0.007909744374062751,0.28,0.7259234069997916,0.5510204081632653,7.0,0.0,1,0.0071942722456204145,1,0,0,0,0,0,0,0,0,0,0,0,0,0
2026-06-16,TTB,0.016949238156632296,0.008622489569689095,0.01368054189924345,0.8,0.389142793520201,0.2448979591836734,4.0,0.0,0,0.0,0,0,0,0,0,0,0,0,1,0,0,0,0,0
2026-06-16,TU,-0.008771879924703185,0.0018653113898572382,0.014745540402692258,0.1,0.2779194133981291,0.0,0.0,0.0,1,0.017699097866309854,0,0,0,0,0,0,0,0,0,0,1,0,0,0
2026-06-16,WHA,0.0240963624697752,0.004828936939768469,0.011836693134381774,0.98,0.2667685974671863,0.0204081632653061,2.0,0.0,0,0.0,1,0,0,0,0,0,0,0,0,0,0,0,0,0
2026-06-17,ADVANC,0.0,0.0023347805698288315,0.014594900790527722,0.39,0.8340338761433772,0.5306122448979591,4.0,0.0,0,0.0,1,0,0,0,0,0,0,0,0,0,0,0,0,0
2026-06-17,AOT,-0.004166666666666652,0.01142165465949676,0.020944362729647396,0.24,0.5714144407022494,0.3877551020408163,2.0,0.0,0,-0.004184100418409997,0,0,0,0,0,0,1,0,0,0,0,0,0,0
2026-06-17,AWC,-0.015151590409901994,0.018099629339291833,0.025699303427566624,0.04,0.26474316484215,0.0,0.0,0.0,0,0.0,0,0,0,0,0,0,0,1,0,0,0,0,0,0
2026-06-17,BANPU,0.00934583021049562,-0.001800555357250877,0.01009710259272396,0.64,0.5168610876183813,0.3469387755102041,1.0,0.0,0,0.0,0,0,0,0,0,0,1,0,0,0,0,0,0,0
2026-06-17,BBL,-0.008547008547008517,0.0059249176645442825,0.013894898643673931,0.14,0.8021884428957072,0.4897959183673469,4.0,0.0,1,0.011494252873563315,0,0,0,0,0,0,0,0,1,0,0,0,0,0
2026-06-17,BDMS,0.016393505842428047,0.006606023524882554,0.008158896726726882,0.68,0.6121736045413307,0.4081632653061224,3.0,0.0,0,-0.016129093454646193,0,0,0,0,0,0,1,0,0,0,0,0,0,0
2026-06-17,BEM,0.017241362300696395,0.02384198593718225,0.023817782009829817,0.7,0.3153698175379232,0.0204081632653061,1.0,0.0,0,-0.008474608462146094,0,0,0,0,0,0,0,0,0,1,0,0,0,0
2026-06-17,BH,0.0027100271002709064,0.010147454449660542,0.017729268095773278,0.5,0.5733025950300475,0.4693877551020408,2.0,0.0,1,0.00540540540540535,0,0,0,0,0,0,1,0,0,0,0,0,0,0
2026-06-17,BJC,0.00694447111936336,0.008501933443561515,0.005968944594032573,0.54,0.3859487784668349,0.1020408163265306,0.0,0.0,0,0.0,0,0,0,0,0,0,0,0,0,1,0,0,0,0
2026-06-17,BTS,0.028846242018708557,0.009671776659139698,0.011776729964581659,0.84,0.3820598396963626,0.0816326530612244,4.0,0.0,0,-0.009345896432088385,0,0,0,0,0,0,0,0,0,1,0,0,0,0
2026-06-17,CBG,0.024844720496894457,0.007570889149832704,0.018412836433360807,0.76,0.4037334379706352,0.1428571428571428,0.0,0.0,0,-0.012121212121212088,0,0,0,0,0,0,0,0,0,1,0,0,0,0
2026-06-17,CCET,0.0329669477455663,0.014368140855592793,0.051422331959630814,0.88,0.2944691120222417,0.0408163265306122,4.0,0.0,0,-0.031914813748412985,0,0,0,0,0,0,0,0,0,0,0,1,0,0
2026-06-17,CENTEL,0.0,0.014840237316093319,0.02958075727230546,0.39,0.2958173008031775,0.0,0.0,0.0,0,-0.02777777777777779,0,0,0,0,0,0,0,0,0,0,0,0,1,0
2026-06-17,COM7,0.0,0.007529872114601455,0.007835547409805715,0.39,0.5390811125917591,0.3469387755102041,1.0,0.0,0,0.0,0,0,0,0,0,0,1,0,0,0,0,0,0,0
2026-06-17,CPALL,0.00540540540540535,0.005507785085590289,0.010370128073399806,0.52,0.4825031688955927,0.183673469387755,3.0,0.0,1,0.005376344086021501,0,0,0,0,0,0,0,0,0,1,0,0,0,0
2026-06-17,CPF,-0.010471243923821483,8.95932259347143e-05,0.015006319049778201,0.12,0.7091921123853364,0.4897959183673469,4.0,0.0,1,0.015873076744141734,0,0,0,0,0,0,1,0,0,0,0,0,0,0
2026-06-17,CPN,-0.003816793893129722,0.003973353819799241,0.015721540581237824,0.26,0.2998494178860543,0.0204081632653061,0.0,0.0,0,-0.003831417624521105,0,0,0,0,0,0,0,0,0,0,0,1,0,0
2026-06-17,CRC,0.05909087441184302,0.020274601659193082,0.024866653713197923,0.98,0.1885120701342117,0.1224489795918367,0.0,0.0,0,-0.012875504158102014,0,0,0,0,0,0,0,0,0,1,0,0,0,0
2026-06-17,DELTA,-0.014204545454545414,-0.002726600051575878,0.018042351666588873,0.06,0.7549857549857552,0.5102040816326531,14.0,0.0,0,-0.0028818443804035088,0,0,0,0,0,0,0,0,0,0,0,1,0,0
2026-06-17,EGCO,0.03375527426160341,0.0136592812217057,0.012414124113598197,0.9,0.2641362307564376,0.0,0.0,0.0,0,0.0,0,0,0,0,0,0,0,0,0,0,0,0,0,1
2026-06-17,GPSC,0.029585798816567976,0.019622280596936957,0.01907987111899296,0.86,0.3084218345695337,0.0408163265306122,0.0,0.0,0,-0.005747126436781658,0,0,0,0,0,0,1,0,0,0,0,0,0,0
2026-06-17,GULF,0.0,0.0040077206436768265,0.013318537209017219,0.39,0.824860649548974,0.5306122448979591,9.0,0.0,0,-0.011673151750972721,1,0,0,0,0,0,0,0,0,0,0,0,0,0
2026-06-17,HMPRO,0.050000031789143806,0.010000006357828762,0.0223606939915352,0.96,0.3412017927251844,0.0816326530612244,0.0,0.0,0,-0.015873075943202752,0,0,0,0,0,0,0,0,0,1,0,0,0,0
2026-06-17,IVL,0.009090943769975102,-0.0014561472518395346,0.028955187930775783,0.62,0.6190346064901138,0.4489795918367346,2.0,0.0,0,-0.004504521533020278,0,0,0,0,0,0,1,0,0,0,0,0,0,0
2026-06-17,KBANK,-0.004854368932038833,0.0070688703264333965,0.015588448184276144,0.2,0.8492309488143115,0.5510204081632653,4.0,0.0,1,0.004878048780487809,0,0,0,0,0,0,0,0,1,0,0,0,0,0
2026-06-17,KKP,-0.010810810810810811,0.011451319121663306,0.01948407740033946,0.1,0.6442502814112808,0.4081632653061224,6.0,0.0,1,0.002732240437158362,0,0,0,0,0,0,0,0,1,0,0,0,0,0
2026-06-17,KTB,-0.00694444444444442,0.007173565146382099,0.008668376324072797,0.18,0.750245974679521,0.3673469387755101,3.0,0.0,1,0.020979020979021046,0,0,0,0,0,0,0,0,1,0,0,0,0,0
2026-06-17,KTC,0.04065040650406515,0.01478320536035418,0.015596522479314597,0.92,0.3257950366470686,0.0408163265306122,4.0,0.0,1,0.0078125,1,0,0,0,0,0,0,0,0,0,0,0,0,0
2026-06-17,LH,0.027624349782459534,0.006648190244624774,0.01318863921390881,0.8,0.2735033172691258,0.0,1.0,0.0,1,0.00537633891739131,0,1,0,0,0,0,0,0,0,0,0,0,0,0
2026-06-17,MINT,0.0,0.019848659548147074,0.039858162795707676,0.39,0.4943019943019943,0.2040816326530612,4.0,0.0,0,-0.012396741113686605,1,0,0,0,0,0,0,0,0,0,0,0,0,0
2026-06-17,MTC,0.025423728813559254,0.023130126308092393,0.018769193064080474,0.78,0.2887361173649064,0.0,0.0,0.0,0,-0.024793388429752095,0,0,1,0,0,0,0,0,0,0,0,0,0,0
2026-06-17,OR,0.008130034654042939,0.004973800362045378,0.012585377207541925,0.58,0.6153782616814699,0.2857142857142857,5.0,0.0,0,-0.008064470231593623,0,0,0,0,0,0,0,0,0,0,0,1,0,0
2026-06-17,OSP,0.01923071985414171,0.007785366057460741,0.012494474432760637,0.74,0.338970421015203,0.0612244897959183,0.0,0.0,0,-0.00628927233928156,0,0,0,0,0,0,0,0,0,1,0,0,0,0
2026-06-17,PTT,0.0,-0.005487399809553817,0.015060564866556924,0.39,0.7728921116235123,0.4285714285714285,8.0,0.0,1,0.007092198581560183,0,0,0,0,0,0,1,0,0,0,0,0,0,0
2026-06-17,PTTEP,-0.011070110701106972,-0.012708847535793488,0.02252566264079599,0.08,0.6813255353395934,0.4489795918367346,4.0,0.0,1,0.003731343283582156,0,0,0,0,0,0,1,0,0,0,0,0,0,0
2026-06-17,PTTGC,-0.007692307692307665,-0.007032027616240222,0.036655079600056845,0.16,0.6382595769495901,0.4693877551020408,3.0,0.0,0,0.0,0,0,0,0,0,0,1,0,0,0,0,0,0,0
2026-06-17,RATCH,0.008130081300812941,0.010001603783307412,0.009129249087815301,0.6,0.2677087625191304,0.0,0.0,0.0,1,0.008064516129032251,0,0,0,1,0,0,0,0,0,0,0,0,0,0
2026-06-17,SAWAD,0.04128447510901201,0.024958717828970856,0.029164218047547798,0.94,0.3498375384972611,0.0816326530612244,1.0,0.0,0,-0.03524233997891668,0,0,0,0,0,0,0,0,0,1,0,0,0,0
2026-06-17,SCB,-0.0035087719298245723,0.00650603782182726,0.010608073613731514,0.28,0.7988495394135452,0.4693877551020408,17.0,0.0,0,0.0,0,0,0,0,0,0,0,0,1,0,0,0,0,0
2026-06-17,SCC,0.012295081967213184,0.011757646770469333,0.006972936995345053,0.66,0.6673911126530135,0.4489795918367346,4.0,0.0,1,0.004048582995951344,0,0,0,0,0,0,1,0,0,0,0,0,0,0
2026-06-17,SCGP,0.0,0.002048546949434704,0.011849801628723568,0.39,0.5128534376254641,0.3469387755102041,1.0,0.0,1,0.00990099009900991,0,0,0,0,0,0,1,0,0,0,0,0,0,0
2026-06-17,TCAP,0.0,0.00825479712793582,0.007665455534384628,0.39,0.3602260403234661,0.1020408163265306,0.0,0.0,1,0.04819277108433728,0,0,0,0,0,0,0,0,1,0,0,0,0,0
2026-06-17,TIDLOR,0.06666670905219174,0.029917973140340504,0.03159629070529746,1.0,0.2781370028253271,0.0,2.0,0.0,0,-0.02083341197834765,0,0,0,0,1,0,0,0,0,0,0,0,0,0
2026-06-17,TISCO,-0.004310344827586188,0.002635345469668993,0.006621935873575881,0.22,0.6406867342025374,0.4081632653061224,1.0,0.0,1,0.02164502164502169,0,0,0,0,0,0,0,0,1,0,0,0,0,0
2026-06-17,TLI,-0.017857126131349377,-0.005309453369644191,0.01196186495127766,0.02,0.299872962494744,0.0,0.0,0.0,1,0.018181800842285156,0,0,0,0,0,1,0,0,0,0,0,0,0,0
2026-06-17,TOP,0.02857142857142847,0.0001573488933038991,0.019882295650318692,0.82,0.7386039040525615,0.5102040816326531,4.0,0.0,0,-0.011111111111111072,0,0,0,0,0,0,1,0,0,0,0,0,0,0
2026-06-17,TRUE,0.0071942722456204145,0.0029088254912875257,0.008223617254991085,0.56,0.7259234069997916,0.5510204081632653,8.0,0.0,0,-0.014285700661795464,1,0,0,0,0,0,0,0,0,0,0,0,0,0
2026-06-17,TTB,0.0,0.01036161838196339,0.011268713717806656,0.39,0.389142793520201,0.2448979591836734,5.0,0.0,1,0.00833332505491069,0,0,0,0,0,0,0,0,1,0,0,0,0,0
2026-06-17,TU,0.017699097866309854,0.007190835061304757,0.014680938514832962,0.72,0.2779194133981291,0.0,0.0,0.0,0,0.0,0,0,0,0,0,0,0,0,0,0,1,0,0,0
2026-06-17,WHA,0.0,0.004025724857442614,0.012040155033287283,0.39,0.2667685974671863,0.0204081632653061,2.0,0.0,0,-0.009803865653465582,1,0,0,0,0,0,0,0,0,0,0,0,0,0
